month,global_gdp_wk,total_truth_score,positive_truth_score,truth_debt_score,avg_inflation,avg_stability,avg_unemployment,avg_environment,avg_company_reputation,fiat_trade_wk,truth_trade_score,loans_wk,conflicts,frauds_detected,shocks,un_legitimacy,un_audit_strength
1,299327.1669856187,159360.66589460443,159381.9101049438,21.24421033924101,0.06281613822408316,0.6014420951741996,0.11273516651559394,0.598863139103369,0.7747693882379802,21360.692637234286,1048.7643472336804,32.05696863091485,0.0,0.0,1.0,0.6503509124693144,0.5625288948517456
2,297209.4174987766,164261.50103160986,164306.22881221416,44.72778060447896,0.06902515133224671,0.6025887022702118,0.12049023905999254,0.5949781363077942,0.7754578358953121,21131.763473280716,1009.7298748494652,54.06695679197623,0.0,0.0,1.0,0.6506516335169015,0.5626062766814574
3,293940.36872472154,168688.1513113079,169384.97266436636,696.8213530587022,0.07141116722067663,0.6036105505208438,0.12775893694356397,0.5911046063058466,0.776209118360152,21440.488731151483,1097.6186748139844,185.22632593475598,0.0,0.0,0.0,0.6509529278680366,0.5626845328204229
4,291782.75419018575,172552.74784471214,174882.99374889597,2330.2459041839,0.07130246812362098,0.6044233729868329,0.13456070789487012,0.5871914378981076,0.7769740133060848,20872.759871210063,1065.3794643862354,318.8573628758344,0.0,0.0,0.0,0.6512547331432971,0.5627636478997914
5,289094.103259497,175276.21648663556,181818.19699605202,6541.980509416171,0.07123933141481027,0.6047507540508508,0.14098150501645307,0.5833281189456115,0.7777240642080762,20566.780823806723,1053.0691035030322,688.3471835966175,0.0,0.0,0.0,0.6515569448297905,0.5628436114659702
6,286810.29416333954,177676.75964924088,188911.7968283995,11235.037179158804,0.07311519255093117,0.6045743687033688,0.14706770927062524,0.579509245968772,0.7784755867793836,21149.560932035463,1148.2125936144948,537.017079360018,0.0,0.0,0.0,0.6518593202068159,0.5629244105676179
7,283989.4115758385,179756.24609094064,195844.09627671752,16087.850185777103,0.07287878713360615,0.6038713436398301,0.15282364598790393,0.5756934435606577,0.7792059331812793,20593.632536418878,953.112174768914,669.8107085470116,0.0,0.0,0.0,0.6521616073911676,0.5630060340540848
8,281661.17998611036,181490.05028295028,202804.43045717225,21314.380174221973,0.07424312128073282,0.6026645488549627,0.15830393761167166,0.5718782100846719,0.7799327642151936,20310.3754815237,1052.0071144401388,852.8990003061011,0.0,0.0,0.0,0.6524635430629875,0.563088467766278
9,279303.7262784727,182666.1581563034,209923.77969077072,27257.621534466565,0.07658700177582384,0.6008246708959862,0.16354960236302513,0.5680510834546528,0.7806426828144528,20027.572514844964,972.048112634467,968.092483144847,0.0,0.0,0.0,0.652764875337415,0.5631717001337634
10,277015.8562971538,183507.7276272702,217551.73121056604,34044.003583296246,0.07936004850596198,0.5975301724249359,0.16825626294607426,0.5642697674508645,0.781342419847975,20864.778944079007,973.2771013560091,1593.1059834079358,0.0,0.0,1.0,0.653065287672863,0.5632557191022639
11,275375.01737381646,183936.24980019717,225404.61811324905,41468.3683130523,0.07961171299803972,0.5945123112514752,0.17228878974950035,0.5605051510742352,0.7820446299560279,21193.824565522784,1089.5090058791827,1322.0156771770949,0.0,0.0,0.0,0.6533640527590755,0.5633405130135632
12,273334.9282672956,184743.26445835538,231532.17238829876,46788.907929942885,0.0787238831405462,0.5910360324333187,0.17620402448198524,0.5566553201159474,0.7827278505084803,20345.168714002157,964.1288120036071,806.2384707533893,0.0,0.0,0.0,0.6536613089147012,0.5634260731546252
13,270958.68067655934,184937.09022506277,238292.6527400062,53355.562514943565,0.07983692568790467,0.586977712327441,0.18003844631697008,0.5528692274585482,0.783371817434338,19583.003048365154,962.0690945182886,1081.1729564672462,0.0,0.0,1.0,0.6539568269309178,0.5635123887545196
14,269492.21586734167,184362.2848531342,246935.5045451536,62573.21969201953,0.08107472968196876,0.5823794233258844,0.1837579016678107,0.5495951009838163,0.7840261354555841,20627.041869693054,980.5342494271652,2593.0801436168867,0.0,0.0,0.0,0.6542503157870816,0.5635994474982566
15,267390.45716808934,183846.97450020295,254281.54550074955,70434.57100054699,0.0843409901282816,0.5772098922888992,0.18740708437950546,0.5470351159219473,0.7846742503173321,21154.024178994183,1004.3502236031676,1874.106924897379,0.0,0.0,0.0,0.6545415054987446,0.5636872419399795
16,264229.0932583476,183099.58087238763,261927.4537231549,78827.87285076738,0.08728719701722586,0.5738621139861102,0.1909938986490621,0.5444558668978035,0.785301896289176,19083.23202418539,938.122080608355,2577.9661403381947,0.0,0.0,0.0,0.654830110444889,0.563775762389481
17,262599.8597846196,182260.89426288105,268707.272203038,86446.37794015676,0.08942484058720938,0.5703254124932767,0.19455573213572352,0.5418881932439176,0.785908580456391,19503.876996861512,960.7352909136141,1909.449667995145,0.0,0.0,0.0,0.6551170415018821,0.5638649949981583
18,260034.56211981262,180828.44380825793,275512.6811796599,94684.23737140153,0.0912144290221742,0.5663437554884353,0.19809745168368745,0.5394225018765161,0.7864975590087859,18278.37528638514,925.6008758976889,2156.659218952998,0.0,0.0,1.0,0.6645832764943748,0.5869076139867058
19,258597.49253046943,177877.65999804906,283839.5797344168,105961.91973636753,0.09529314424641071,0.5610074408917438,0.20159245176914345,0.5369592944027579,0.7870917001904529,19549.678290453554,946.666305706473,2430.465891068107,0.0,0.0,1.0,0.664866448372119,0.5869986083903762
20,258077.37309272887,174588.34492915793,292379.55157984514,117791.20665068722,0.0960867276834138,0.5554086628767648,0.20505717179484728,0.5344911611438974,0.787662955257757,19996.305091596125,944.4847448780299,1930.6209775530087,0.0,0.0,0.0,0.6651469520925648,0.5870902909924838
21,256859.0991139369,171319.8637493199,300259.93759211845,128940.07384279888,0.09839857809973211,0.549036117586531,0.20846642660858822,0.5320224175004927,0.7882144160438322,19817.801908771773,934.2576033712161,1887.2639173235502,0.0,0.0,0.0,0.6654246564240032,0.5871826590571888
22,254946.4710388452,166992.3725750637,310163.0999597934,143170.72738472963,0.10099898051637034,0.5397254168070582,0.21187642823370295,0.5296346475770004,0.7887655298687263,20280.25735552853,1051.6114420732897,3206.018423029521,1.0,0.0,0.0,0.6656991744827965,0.5872757059757641
23,253383.18687134518,162238.30392344063,320806.71372069867,158568.40979725862,0.10267064827413315,0.5316364575295354,0.21526075537239708,0.5272724167645342,0.789309780749669,20430.771925530946,1253.9248897009047,3520.1985580016276,0.0,0.0,0.0,0.6659686047311186,0.5873694208749827
24,252136.40943398658,157346.221411453,329780.48559640284,172434.26418494983,0.10409239099844142,0.5226612118301273,0.21854017485992228,0.5248977233504335,0.7898141173128844,19622.89056945997,964.3179541841458,2443.852750413763,0.0,0.0,0.0,0.6662339969867033,0.5874637937832241
25,249811.16435473115,152142.6795951974,337944.9431787463,185802.26358354848,0.10634164953529547,0.512683371118996,0.22190968082122,0.5225264311010267,0.7903222156262639,19681.801823147118,976.0654428476893,1753.3589909701827,0.0,0.0,0.0,0.6664949080090359,0.5875588147855522
26,247142.03591426907,146243.3796229317,348533.831631166,202290.4520082345,0.10949305706405647,0.5018139722153666,0.22528803100445008,0.5202087884035183,0.7907952161102461,19417.528004020158,998.8886886040203,3710.5097714053563,0.0,0.0,0.0,0.6667508364047667,0.587654467576709
27,244435.15977754042,140001.36289280493,358018.87687498645,218017.51398218167,0.11111330024973759,0.4899967093764602,0.22872811612833918,0.5179449577573728,0.7912819837442059,18611.690656293824,978.9634247455157,3155.413657856271,0.0,0.0,0.0,0.667001336300393,0.5877507333581616
28,242166.62060056685,133936.55841027878,366492.2780601461,232555.71964986765,0.11529900001262879,0.4772983372870787,0.2320430219088965,0.5156707946178595,0.7917545439224198,17542.190835488003,935.5759938138078,2808.413610766759,0.0,0.0,1.0,0.6672459336709573,0.5878475920346203
29,239548.69713261537,126486.03530845219,377817.36909848213,251331.33379003007,0.1178702871843625,0.46519949100483227,0.23534987200847238,0.5134630662112464,0.7921997009831052,18219.5155311125,862.6165336676605,4774.491258523473,0.0,0.0,1.0,0.6674841878702387,0.5879450246085602
30,235862.78972115697,119547.72564435084,386272.19425602915,266724.4686116785,0.12157567653319565,0.4524685298504936,0.2387034905152473,0.5112493208070135,0.7926485148327967,18522.503379366593,963.0396715594138,3192.2261745846963,0.0,0.0,0.0,0.6677163985709192,0.5880430092916985
31,233974.77616666103,112327.35306745635,394246.9946691572,281919.64160169987,0.12415359781845367,0.44550272819982295,0.24204133877661438,0.5091050008083973,0.7930677512675515,18066.50049199145,880.2173759317732,2824.2371449247844,0.0,0.0,0.0,0.6679422496266951,0.5881415194848747
32,231231.6974626412,104503.31755830445,401817.52706351667,297314.2095052126,0.12555376411316743,0.4396497044039176,0.24533064078506792,0.5069450415624266,0.7934922473557041,17217.624527448505,863.2637722007938,2918.6069923082055,0.0,0.0,0.0,0.6681646235297828,0.5882405461584943
33,228992.2985765471,96566.03965618327,408834.89479375904,312268.8551375748,0.1281317101269805,0.43506231202921786,0.24853590008524098,0.5047992693082589,0.7938870205462915,18203.308471504406,859.4871301168919,2129.548529731873,0.0,0.0,0.0,0.6683840765828878,0.5883400770621359
34,226789.71962671302,87923.90591242793,416162.60222618614,328238.6963137588,0.1302622453088645,0.4301066427769031,0.25173928997624406,0.5027171065746051,0.7942851133126964,17351.571101842077,829.0254272213656,2103.301959828549,0.0,0.0,0.0,0.6686012415167919,0.5884401021436786
35,224228.46952355784,79298.76388230079,422775.99831046996,343477.23442816816,0.13182073545365688,0.42484623328075316,0.254907837260567,0.5006215963367768,0.7946688867109034,16777.281800016473,781.3928998383693,1959.5782556047843,0.0,0.0,0.0,0.6688159341094015,0.5885406115027626
36,222149.23752206218,70184.9821838515,429688.6244156874,359503.6422318358,0.1354516586998294,0.4192455872910209,0.2580974653235094,0.4985521378825602,0.795038023401578,17549.99689690455,841.2515814584742,2230.1082618098417,0.0,0.0,0.0,0.6690280019081947,0.5886415937382137
37,220122.3373799367,60048.42283290316,439439.5599995931,379391.1371666894,0.13692055161154726,0.413348304844997,0.26135310567583897,0.4965213287029534,0.7953883747244594,17913.027545341047,812.2476538396614,3836.869767768731,0.0,0.0,0.0,0.6692372747137607,0.5887430393881063
38,218608.44275724923,49913.35924198525,446717.9090926819,396804.5498506965,0.14020100932124335,0.4071203061941757,0.26458876229290557,0.4944785920968189,0.7957293369429214,16666.157204700812,747.5707469698168,2819.9103597813155,0.0,0.0,0.0,0.6694436041279249,0.5888449389900047
39,217491.0875631882,39733.8540263076,452873.5458585368,413139.69183223054,0.1420629356766976,0.40056233044829526,0.26785377219872347,0.4924708832829797,0.7960867694125575,16695.953569193174,827.0055928700858,1729.777726370871,0.0,0.0,0.0,0.6696468247138375,0.588947285183026
40,214379.53049645448,28514.93753473672,461324.79635552544,432809.85882078944,0.14699518673913636,0.39335317692480454,0.2711807388137181,0.4904823011249606,0.7964383958533461,16414.959039165165,755.0448139701679,3374.271173069285,0.0,0.0,1.0,0.6698467714053851,0.5890500728268514
41,211062.2193028074,17339.854420300824,467878.2462691537,450538.39184885175,0.14993194290867828,0.38360622783860976,0.2744392594564962,0.48877661610131456,0.7967670176480293,16417.256508780127,863.6067784131991,2302.470769650625,1.0,0.0,0.0,0.670043118537276,0.5891532871033104
42,208478.10341944167,5940.504692183604,474640.15606094175,468699.6513687584,0.15200321101185568,0.3762025421889179,0.2777244117764372,0.48696536571864707,0.7971091195795253,15179.244763369696,733.9455571722341,2823.225032531775,0.0,0.0,1.0,0.670234060221024,0.5892569121304249
43,206336.66850071895,-6769.272424531289,484103.7605762794,490873.0330008111,0.1541604273145033,0.36934513114430106,0.28103158690489766,0.48536046774354175,0.7974259966361387,16254.312639699443,769.9431113886397,4218.78224740667,0.0,0.0,0.0,0.6704213129833998,0.589360935413177
44,204140.7118602493,-19290.728938250188,491858.2231890918,511148.952127341,0.1541160289767416,0.36216824518349416,0.28424148464951354,0.483764705234633,0.7977214906730223,15439.928519835172,689.3559873288667,3285.088068810999,0.0,0.0,0.0,0.6706051497678841,0.5894653467108792
45,201805.1060902663,-32521.149168737873,499973.22930993175,532494.3784786699,0.155346110667057,0.3546211330542063,0.287454724699112,0.48218746353632974,0.7980177617898917,15826.625345167047,718.9235844440378,3718.3578929643763,0.0,0.0,1.0,0.6707854106461043,0.5895701349875729
46,199245.59835376678,-45782.43455222175,506021.8751497444,551804.3097019673,0.1587314041567682,0.34664461353648646,0.29060736590946795,0.4806269021155777,0.7982982412384153,15874.856687677067,773.2379604509936,2033.625429455071,0.0,0.0,0.0,0.6709619103169254,0.5896752881654533
47,196284.36868423183,-58789.7099910474,510266.23450693703,569055.9444979834,0.16279330993648844,0.3393766677783765,0.2937599067815847,0.47905252454705377,0.798583640456429,14639.799011006997,650.1439360677219,894.0463710671073,0.0,0.0,1.0,0.6711344338914232,0.5897807939061698
48,194082.91719782064,-72009.62010927906,514584.50106638944,586594.1211756662,0.16157714509291676,0.3322787351397865,0.29697855059645306,0.47756451766646935,0.7988475079399812,14982.60515016984,710.1602641535511,1059.8830399941266,0.0,0.0,1.0,0.6713033354740261,0.5898866377851293
49,191549.97435166544,-86585.18817229765,522741.2666712117,609326.4548435094,0.16168837310200368,0.32581128714538243,0.3002458407004436,0.4760637230760908,0.7990890200020996,14646.030799272834,684.0302947063396,3550.836627691483,0.0,0.0,0.0,0.671468699891579,0.5899928093285806
50,189464.80951874232,-101094.4218723519,527641.2094025558,628735.6312749084,0.16348735304671733,0.31910783797485354,0.30354916223357853,0.4745948449378879,0.7993398049154787,14804.617379912239,682.1929108257607,1519.6563166408393,0.0,0.0,1.0,0.6716308422093848,0.590099296381549
51,187398.9438015171,-116398.83929749572,534902.5687437279,651301.4080412232,0.166306475918135,0.3121909140321481,0.30687722799738204,0.4731124524901233,0.7996126328519805,14476.423668842195,722.6766016261178,2928.4569280196415,0.0,0.0,1.0,0.671789644252492,0.5902060887089373
52,184814.19030156411,-131428.50145408558,539512.6646512296,670941.1661053167,0.16801679258673297,0.30518325580592975,0.3102404272794658,0.4717526710213259,0.7998749206029846,14312.006192134484,682.5690083956954,1320.9651794471695,0.0,0.0,0.0,0.671944999111766,0.5903131762577256
53,182564.39219289544,-146767.8333940361,544295.1354285656,691062.9688226008,0.16572885823249534,0.29788230120502623,0.3136324079312689,0.47052414564991263,0.8000980747538757,14457.857424225183,713.040100822528,1691.3357560385346,0.0,0.0,0.0,0.6720968612508929,0.5904205464604849
54,179752.91591857147,-163150.45801407672,551355.54451198,714506.0025260572,0.16426658625842092,0.29044716058096715,0.3169905745235225,0.4693271165881183,0.8003229804633246,12888.792774598991,602.0205738734728,3115.297509975966,0.0,0.0,0.0,0.672245083855051,0.5905281881445071
55,177779.4456284494,-180130.68210782122,558988.002144455,739118.6842522752,0.16611049777079498,0.2833340191783961,0.3203331445692132,0.4681239496944091,0.8005420820120969,13658.937010377867,582.2515947899266,3606.4621584956412,0.0,0.0,0.0,0.6723895996670938,0.5906360878608604
56,174910.72142583685,-197365.38033173152,565379.9998975495,762745.3802292822,0.1651227337033066,0.27883825169850474,0.32370640233020825,0.4669392478258195,0.8007599356077599,13233.632239678109,618.0867353991536,3029.129458538787,0.0,0.0,0.0,0.6725305695249589,0.5907442360150228
57,171969.9270086923,-214867.92055447353,572189.6244141825,787057.5449686536,0.16397156146040498,0.27456479295259617,0.3270697457499866,0.46575612672520367,0.8009696312578157,12964.876659759877,729.1941895677904,3231.397268218853,0.0,0.0,0.0,0.6726693019563601,0.5908526197542561
58,170405.5118965343,-233023.12726036753,578496.4510267881,811519.5782871584,0.1618570417960399,0.27071565029407924,0.3303934466557219,0.46462471043774456,0.801171210265541,13206.325791808882,602.7097539072546,2806.433733491401,0.0,0.0,0.0,0.672805907958805,0.5909612261284711
59,167306.628151093,-251081.8001651491,583109.2369149926,834191.0370801417,0.16376724709330207,0.26749707619457797,0.33367637703104397,0.46348314471622837,0.801370709267283,12685.505618515408,605.2570446662853,2012.2604385901468,0.0,0.0,0.0,0.6729405995358312,0.5910700484395428
60,164833.60608756825,-269876.5018554646,588876.8356916744,858753.3375471376,0.16446100555118484,0.2640753245877851,0.3368713112193061,0.46235465325996733,0.8015667568834755,12339.070679173761,578.6308582228562,2774.132344359587,0.0,0.0,0.0,0.6730736918195294,0.5911790729389932
61,162471.38737895343,-288754.0304026396,594220.155547617,882974.1859502573,0.16401161464183753,0.2605566721279248,0.33988676230766124,0.4612468375741009,0.8017646327954477,12548.605811416384,747.9503577217687,2656.209854783882,0.0,0.0,0.0,0.67320508307124,0.591288288761047
62,160648.0000259482,-309060.0805933307,602657.0638478865,911717.144441218,0.1620487042738958,0.25687801166539176,0.3429141866517235,0.46012904515913927,0.8019383067736976,12412.246609834272,638.8204241725387,4460.6434952578775,0.0,0.0,0.0,0.6733347246928796,0.5913976857697664
63,158834.11292717754,-328886.2732919518,606513.3304324569,935399.603724408,0.16500768173392868,0.25300529303510827,0.3459344756207536,0.4590322275352287,0.8021481233518276,12520.835440073053,591.0188927526049,1409.1893360833851,0.0,0.0,0.0,0.6734625365350043,0.5915072559105292
64,156467.3007210923,-349575.85703438945,611865.5097006635,961441.3667350515,0.1681947914309173,0.24920174591510047,0.34900611929781794,0.4579486316856365,0.8023235744531363,12295.096698422958,595.0691718068639,2528.4281863818683,0.0,0.0,0.0,0.6735884214252695,0.5916169913588157
65,153962.0468395511,-370905.7280040332,618581.0401994924,989486.7682035267,0.16889841248767126,0.24528010385058252,0.35206443085975464,0.45689114777467593,0.8023719516982798,11499.306338420689,586.3978115649587,3527.3492196885863,0.0,1.0,1.0,0.7043892893615858,0.6684190705770604
66,152328.83402805033,-392559.3266981077,623344.7070352045,1015904.0337333131,0.17171384040268,0.2411241573852153,0.3551709226134573,0.4558390375301825,0.8025349502950759,11740.545427065821,500.06112944338975,2343.345887710198,0.0,0.0,0.0,0.7045113300509511,0.6685303101885666
67,149509.52235189674,-414760.9668872959,629815.0898745494,1044576.0567618437,0.17318279028256056,0.23677916847940728,0.3583198204717748,0.4548029790609556,0.8027259465541821,10556.401371161575,450.2258933354257,3591.218103652178,0.0,0.0,1.0,0.7254501488894943,0.7206887999635518
68,146523.8357594663,-437164.00064986123,634351.4500375517,1071515.450687415,0.17205376254680713,0.23267761999559186,0.36149406372879694,0.45352106742371917,0.8029129977478819,11410.381582278647,524.4773601674742,2247.619017481013,0.0,0.0,1.0,0.7255679569571943,0.7208011099222782
69,143323.5111779583,-460098.0209717989,639478.733727844,1099576.754699644,0.1726732138952143,0.22872844261691896,0.36467905680460144,0.4525017126584912,0.8030798308586595,10637.641936504824,446.57619844277343,2969.552114452409,1.0,0.0,0.0,0.7256837229734006,0.7209135231366491
70,140409.57933234528,-483676.8761917068,644367.8405755722,1128044.7167672783,0.17522825314498833,0.2245684120869742,0.36788370636225504,0.45151214878323076,0.8032244821178836,10286.295512928687,485.8815084273167,2899.668360086058,0.0,0.0,0.0,0.7257973519227727,0.7210261773303329
71,137916.7511303235,-507102.9756142844,648059.9617429137,1155162.9373571975,0.17760493202574199,0.22024058750356101,0.3710537357370569,0.4505418717150625,0.803344161116425,10742.981317564576,517.2633515185463,2056.590388474945,0.0,0.0,0.0,0.725908911885959,0.7211389065810612
72,134874.6548439706,-532327.654137631,657361.8312785795,1189689.4854162112,0.17524213571922218,0.21641783812447388,0.37421136559169454,0.4495738905312669,0.803463906156768,10326.266372756605,481.7402041746094,5757.2189172675,0.0,0.0,0.0,0.7260183188004963,0.7212516999995836
73,132729.30112484857,-556803.6175979292,660582.3862825095,1217386.0038804396,0.17648200269138298,0.21310909684555443,0.37735120796013966,0.44862893196538256,0.8036029366632005,9825.665131977106,437.99618634099164,1899.6294417518284,0.0,0.0,0.0,0.7261258250410323,0.7213645441818104
74,129751.37770781737,-582067.8274199167,665164.2920534712,1247232.1194733852,0.1776442475900533,0.2096622076835084,0.3805214115104431,0.44767989305489947,0.8037105037596074,10201.104647231914,487.7531131198486,2903.181242813178,0.0,0.0,0.0,0.7262316874511068,0.721477430334421
75,127392.85481132448,-607649.9941467652,669305.3324305615,1276955.3265773267,0.1774764410194471,0.20604383214132516,0.38355034942985383,0.446718233091785,0.8038288599368382,9814.015629997239,518.6627041136243,2575.3228646852936,0.0,0.0,0.0,0.7263358367986754,0.7215903458901203
76,124950.389178713,-633679.3360191163,673052.7647932611,1306732.1008123755,0.1798166871064275,0.20227711367594406,0.38652824712278,0.44578669885741745,0.8039409046736672,10024.641854575037,558.005133740165,2304.0062091727123,0.0,0.0,0.0,0.7264381871848171,0.7217032809375018
77,122846.89038454974,-660743.6858604132,679020.9548535726,1339764.640713983,0.18089919200809104,0.19836560510638632,0.3895174110254448,0.44486195196909234,0.8040478964186452,9202.33942833941,410.06161189494384,3834.7437301050877,0.0,0.0,0.0,0.7265386642846751,0.7218162253803017
78,120710.10188580508,-687647.1868419005,681817.4724512079,1369464.6592931089,0.1811492621607693,0.1942929752694285,0.3925144240326018,0.4439408338825527,0.803955804245903,9678.86447115288,531.7273256126615,1652.4348836050206,0.0,2.0,0.0,0.7266371955521028,0.7219291705073789
79,118330.30439135936,-714664.2893622093,683567.782387458,1398232.0717496707,0.18371625935720143,0.19005003327679326,0.39549001360402675,0.44303141587094086,0.8040421123055955,9544.295465163936,498.76893207582873,922.9683045654245,0.0,0.0,0.0,0.7267337002776391,0.7220421075060859
80,115922.40461444344,-742190.0499765468,685369.0067475263,1427559.0567240755,0.18247844146173023,0.18565988760020727,0.39837525960905107,0.4421336894657628,0.8041331391874622,9333.510548811559,443.69907112855236,1092.4420466288614,0.0,0.0,0.0,0.7268280931586104,0.7221550266174253
81,113695.85182140819,-770832.7229552349,689134.6103073087,1459967.3332625476,0.1838800037652216,0.17984783296393814,0.4012188779234157,0.4412492528244337,0.8041265100612811,8809.536385839046,444.0139152199963,2686.169132913146,1.0,1.0,0.0,0.7269203004487785,0.7222679176192687
82,111582.69729688347,-799279.4977798901,690805.8590503985,1490085.3568302887,0.18414614267501592,0.17518325925597822,0.4040822838946427,0.44038120750680204,0.8041436988751239,8142.842128532833,386.21091069196996,1297.3011330763138,0.0,1.0,0.0,0.7270091685298468,0.7223807709339125
83,109288.30546422575,-828085.9162508425,692227.1918382085,1520313.1080890468,0.185382693961239,0.17066065242767395,0.40696551767752287,0.4395123437989383,0.8042353801421861,8271.174731598245,431.76660653764066,1205.3810168564733,0.0,0.0,0.0,0.7270957201615922,0.7224935779869682
84,106999.49228066368,-857175.268341027,692990.9476743739,1550166.2160153994,0.18758314040205548,0.16755653643673757,0.4098495606860649,0.4386648722376241,0.8043021633219779,8464.55065519885,444.3671942999751,804.9788098448703,0.0,0.0,0.0,0.7271800260898916,0.7226063294640028
85,105046.62290055494,-887922.320504633,698387.9554718005,1586310.2759764353,0.189106092158854,0.1643657521497839,0.4127707413115681,0.4378184267204339,0.8043831199801781,8282.411034506391,438.66194825005397,3656.3430875247022,0.0,0.0,0.0,0.7272627953261643,0.7227190163551592
86,102630.86576128262,-918276.4803733439,699109.8534534456,1617386.3338267934,0.19030335665964984,0.16108075282035286,0.41570027864580256,0.43699211999814835,0.8044743701991766,8016.590551518438,371.33963345591656,872.610637265556,0.0,0.0,0.0,0.7273439843057727,0.7228316310504075
87,100342.75993320014,-949942.4884268317,703662.0418344038,1653604.5302612348,0.19000145487415906,0.1577085585848453,0.4187674390999039,0.43617459137904613,0.80454682349497,7641.011496835497,358.86623967547763,3309.5015874541077,0.0,0.0,1.0,0.7274235456941635,0.7229441640888277
88,98319.91507106487,-981312.7328745706,704103.5563312874,1685416.2892058592,0.19050109576321142,0.15424394877320796,0.42168438845375905,0.435377058790877,0.8045433753478556,7930.486708138869,365.346322646881,637.3341787158377,0.0,0.0,1.0,0.7275014356702567,0.7230566063240582
89,95971.65925461843,-1013290.6925218318,705316.5482923902,1718607.2408142271,0.192814381415375,0.15068940557578117,0.4245811023054459,0.4345717745351732,0.8045822719614288,7548.975731491469,385.7997596779978,1097.4634818122433,0.0,0.0,0.0,0.7275776078059921,0.7231689497770053
90,93771.12224350637,-1045749.516122726,706903.3639541455,1752652.8800768685,0.1934489554455557,0.1472133211209268,0.427494062337,0.4337835092519982,0.804645724077723,7363.111657746388,397.6832855116847,1456.5320437237401,0.0,0.0,0.0,0.7276520169177086,0.7232811851779798
91,91175.11934233364,-1078852.2320245025,708856.151399611,1787708.3834241133,0.1972632209021369,0.14410486130893796,0.43042105562960586,0.4329760344899463,0.8047139387602715,7355.230535523068,370.56641263232734,1745.6308192358415,0.0,0.0,0.0,0.7277247020210638,0.7233933039308539
92,88674.46912430976,-1112362.851239959,710047.2855108349,1822410.136750793,0.19814174468136672,0.14133515002940095,0.4332335975937387,0.43220279552948315,0.8047596473898128,6852.292752725162,336.43879620630673,1348.6115790837268,0.0,0.0,0.0,0.7277958467178709,0.7235052956784604
93,86325.77930608753,-1146671.5123886175,712189.6621759321,1858861.1745645518,0.19350817673970766,0.13849298282253997,0.43601202415970086,0.4314111714724424,0.8047974415053921,6475.141669396809,296.700638657534,2248.974237355863,0.0,0.0,0.0,0.7278656201750461,0.7236171504638608
94,83941.70743777344,-1182044.5679393755,715793.0820708324,1897837.6500102053,0.19226591574329627,0.13559040190952384,0.4387637888209348,0.4306490084054087,0.8048220574831821,6443.687241418116,331.61762889401325,3186.2203544526983,0.0,0.0,0.0,0.7279339859603854,0.7237288590901719
95,81652.20254269468,-1217359.8794753717,717148.4342770823,1934508.3137524524,0.19275782673812997,0.13263909653678602,0.4415095718338072,0.429931375876429,0.8048768382262343,6400.85980444185,344.81577772479096,1719.2578843828542,1.0,0.0,0.0,0.7280009136658593,0.7238404123162167
96,79495.96148427903,-1253586.3986062692,718792.148206243,1972378.546812513,0.19525887198139885,0.1296008295281557,0.44422847770883517,0.42921868171274685,0.8049182347989664,6001.21671485298,313.46397568010457,2052.833599432779,0.0,0.0,0.0,0.72806618779621,0.7239519262460462
97,77138.50413407209,-1289494.436080261,718148.4988312983,2007642.934911559,0.19602865193583824,0.12742646452765732,0.446936727890014,0.4285307617910585,0.804958054746151,5761.336595582795,313.4987587434916,515.0298258579824,1.0,0.0,0.0,0.7281299584743253,0.7240632666431138
98,74922.21049784194,-1325929.6441449532,717494.4941573847,2043424.1383023364,0.19923038420200065,0.1265499395116863,0.4496578235627035,0.42784570940397487,0.8049562252890299,5577.872467887442,276.7016252400907,490.2891187894963,0.0,0.0,0.0,0.7281924902076837,0.7241744245837571
99,72733.98261317454,-1362699.4440850324,716481.6952346342,2079181.1393196653,0.2012788705639279,0.12566963927892935,0.4523692256283034,0.42714989441417084,0.8049692241573789,5404.049009433612,284.24109539603666,404.22086312599083,0.0,0.0,1.0,0.7282546014010178,0.7242853918450849
100,70574.88073735671,-1401042.4264749666,719223.2783209758,2120265.704795942,0.20346806901993397,0.12476401842680175,0.45504616223292793,0.4264663193058445,0.8049773203229448,5479.398786628067,296.3926048164677,2721.0335739963657,0.0,0.0,0.0,0.7283162899008818,0.724396160225907
101,68642.88063464705,-1439891.1523462753,720866.3705058105,2160757.5228520855,0.20612853371903767,0.12381220473340931,0.457718959637741,0.42579693501836535,0.8049833076816174,5238.238663764501,279.18974725195915,2248.3157120304936,0.0,0.0,0.0,0.7283775427851165,0.7245067218013506
102,66749.24609145237,-1478899.7059343683,720968.9649176637,2199868.6708520334,0.2072678288611414,0.12283257059735733,0.46038543440670043,0.42514246352496027,0.8050109799260122,5082.855579695533,273.37617616306267,1151.8989722905221,0.0,0.0,0.0,0.7284383366993791,0.7246170698450004
103,64733.26400437318,-1518470.4332623049,720683.9474819979,2239154.3807443017,0.20928185779384076,0.12183159215132132,0.4629935616099785,0.4244779421101542,0.8050270115474907,5034.30175438377,264.89503561515545,1047.0280651592548,0.0,0.0,1.0,0.7284986574793951,0.7247271976403209
104,62834.22972341179,-1559019.4334176225,721781.1628904521,2280800.596308076,0.21264019900871836,0.12078350838661481,0.4656123706107541,0.42382218101699753,0.8050195323998526,4620.894155453937,230.3931247434511,2135.792848921793,0.0,0.0,1.0,0.7285584942027675,0.7248370980062108
105,61186.57083413614,-1600093.3228781058,722434.519060547,2322527.841938648,0.21569470767165508,0.11969920437653342,0.46828396726167654,0.4231856696939116,0.8050008970107136,5028.766456942398,276.474781502408,1555.429492702226,0.0,0.0,0.0,0.7286178230703481,0.7249467643789331
106,59382.80697591146,-1641575.6914247046,721686.3543744743,2363262.0457991865,0.21746713646041693,0.11858230007054751,0.4709599702147525,0.4225535236678823,0.8049958797212182,4356.882634182885,239.54410247833553,741.3323593191792,1.0,0.0,0.0,0.7286766257292228,0.7250561912879534
107,57588.67588965056,-1683627.409945157,721246.7759943852,2404874.1859395364,0.22094249111593836,0.11744203147449767,0.47361931298968746,0.42135028243709766,0.804886606510566,4438.126388639181,242.50913507509267,988.8581982375804,0.0,1.0,1.0,0.7287346673055767,0.7251655633454949
108,56046.265207792945,-1726638.3664469372,721786.5062557358,2448424.8727026717,0.22455391500952018,0.11626548354744448,0.4762509339722791,0.42074071589440204,0.8047820950095234,4324.189867162201,222.16276533575075,1554.9721981556706,0.0,1.0,0.0,0.7287921574912378,0.7252746824659694
109,54329.4457610158,-1769916.3958322646,720645.1611436525,2490561.5569759104,0.226320719056878,0.1150714332033724,0.4788591864686711,0.4201133109533168,0.8046654581702756,4051.323641400955,224.36594071050592,551.8468352686892,0.0,1.0,0.0,0.7288490778653866,0.7253835437799204
110,52691.55619373573,-1814093.1036046837,720499.6266455299,2534592.730250216,0.22780009000231594,0.11384247475435594,0.4814592769148539,0.41949430659080306,0.8046659403998169,4084.683941240883,231.99736768487773,1184.5213631008344,1.0,0.0,0.0,0.7289054193998776,0.7254921416669998
111,51046.16970275185,-1858554.283056016,718954.1168518929,2577508.399907909,0.23003253871515614,0.1125837489862287,0.4840281311875392,0.418881370431258,0.8046523768673532,3969.9227776672524,211.00715025613735,243.68387985801428,0.0,0.0,0.0,0.7289610495194166,0.7256006101008936
112,49358.477661204204,-1903899.3150655238,718134.6579492107,2622033.973014735,0.2342652174350087,0.1112873331426884,0.4865774852395615,0.41827885159898676,0.8046395369145958,3796.093254080113,202.14653218154783,770.9786479350944,0.0,0.0,0.0,0.729016069642839,0.725708803493043
113,47709.13159408281,-1949835.817468832,717024.1503740909,2666859.9678429193,0.23632799578353686,0.10994822525844411,0.48909209549084937,0.41769057140762433,0.8046159165809298,3747.7990301427726,214.62497070352327,587.8767172442605,0.0,0.0,0.0,0.7290704606346057,0.7258167164176826
114,46377.70718988175,-1996314.3083100046,715271.6643292592,2711585.9726392655,0.23810828005852225,0.10857832612535614,0.4915647097343106,0.4171131789180812,0.8046016561451056,3613.232043694711,203.0822898959446,182.86965552728034,0.0,0.0,1.0,0.7291242008625524,0.7259243436956542
115,44975.984917121896,-2044316.784491856,717011.4805293673,2761328.2650212343,0.23992282954126043,0.10772197564253826,0.4940146854227405,0.4165180939202166,0.8045802888376196,3435.5631198890874,202.41647556051106,2353.9727985802188,0.0,0.0,1.0,0.7291772746492028,0.7260316814344312
116,43618.69065373389,-2092483.446682084,715774.4527416548,2808257.8994237375,0.2431566087968529,0.10687462575480727,0.49643826533191515,0.4159299093914798,0.8044417877002202,3348.416350264601,178.38843004784206,567.2854438452601,0.0,1.0,0.0,0.729229938491258,0.7261387255345777
117,42306.47938479825,-2142763.4198809187,720217.4637215928,2862980.8836025097,0.24785404426816976,0.10601189418233577,0.498829865075241,0.4153410115724857,0.8043191693422369,3295.076833419018,181.78283878621997,4278.794196119194,0.0,1.0,0.0,0.7292821966155557,0.7262454720790512
118,40906.20411057535,-2193839.857469666,723769.9686792125,2917609.8261488723,0.2520776996775546,0.10511654539279221,0.501148827290037,0.41475863284715775,0.8042785381663988,3076.6770120369256,174.02841123534944,3766.7180691481253,0.0,0.0,0.0,0.7293340410618959,0.7263519173264021
119,39676.22624959021,-2244915.2471670546,723013.3083084649,2967928.555475521,0.25626231070850325,0.10421470442798123,0.5034579796161085,0.41418377105296345,0.80421160086524,3064.448941941784,181.9389951088018,1036.6472031561063,0.0,0.0,0.0,0.7293854552563526,0.7264580572217633
120,38396.039277942466,-2296748.5795862186,722893.1388981333,3019641.7184843584,0.25873131018262646,0.10331030647061694,0.5057497399857751,0.4136209437998454,0.8041935630693688,3005.35293875096,186.43490475167147,1405.9282335675762,0.0,0.0,0.0,0.7294364356915004,0.7265638885179155
121,37063.28380609613,-2348970.9986054692,720969.6131564539,3069940.611761925,0.261587788228393,0.1023824711073589,0.5080080829224207,0.41278253456348324,0.8041429865260571,2784.4313867464375,169.19557186823337,250.31557369939472,0.0,0.0,1.0,0.7294869808314257,0.7266694077225423
122,35946.08668496142,-2404211.955096205,727799.4090344103,3132011.364130622,0.2638063722604771,0.10143720952930411,0.5102457714503622,0.4122191196833841,0.8040947387896167,2802.083582914985,161.82962236298528,6004.627973094224,0.0,0.0,0.0,0.7295370787038689,0.7267746111030005
123,34719.52336559433,-2458319.4161142763,725745.2809277595,3184064.6970420405,0.26669839604365314,0.10048157630557376,0.5124562026634328,0.4116624569048194,0.8040315412582487,2647.307306803295,153.55410007522835,243.60928073474227,0.0,0.0,0.0,0.7295867203459697,0.7268794959192031
124,33544.1252034024,-2513218.5321873156,723529.3165751185,3236747.8487624307,0.27145495961028115,0.09950930256504648,0.5146769870973928,0.41110961669462065,0.8039660958041892,2566.296095483695,151.59955156642513,109.74536481250378,0.0,0.0,0.0,0.7296359003258986,0.7269840589842193
125,32473.699713136917,-2569006.7493224083,721756.6294963782,3290763.3788187914,0.2709975441078521,0.0985329569549456,0.5168836929251638,0.41055367743148,0.8039087280244,2550.4682088482277,177.81008538444584,415.8076972086272,0.0,0.0,0.0,0.7296846100810808,0.7270882972901948
126,31458.19429017093,-2625713.9711790546,720023.0017958918,3345736.972974951,0.2706249671842302,0.09795593878809228,0.5190439166537867,0.4100057324477136,0.8038416480463958,2401.390370464687,149.41072732287117,457.1261200594563,0.0,0.0,0.0,0.7297328473368992,0.7271922082927265
127,30430.90592906883,-2683507.635009871,718946.8346497077,3402454.4696595846,0.2722528658962999,0.09738762880352775,0.5211627155936297,0.40947080597749885,0.8037709135043274,2346.910082472988,140.78922868479094,849.0287395202446,0.0,0.0,0.0,0.7297808115219743,0.7272957897201032
128,29294.844286692907,-2741955.664919418,716952.9005123219,3458908.56543174,0.2761726054408942,0.0968042546723108,0.5232575647566527,0.40893917616491476,0.803626353118578,2257.8840648741684,143.3222009525489,262.8102117496016,0.0,1.0,0.0,0.7298285067588217,0.7273990392212162
129,28320.706669144824,-2801369.491546604,714884.0314875705,3516253.5230341824,0.27873501286326197,0.09620677721148846,0.5252743883756741,0.40848641796697827,0.8035450146090096,2212.578212039349,136.32875589346975,399.0385867953129,0.0,0.0,0.0,0.7298759252872669,0.7275019540089114
130,27444.978642019905,-2861956.6471874183,713958.7899532212,3575915.4371406375,0.279000882057181,0.0956016505791366,0.5272324978495435,0.40803642750239694,0.8034679148948667,2159.9961750473117,139.70481226798074,938.4029192782132,0.0,0.0,1.0,0.729923059830965,0.7276045319847921
131,26538.46097480118,-2924481.459284942,717040.6718093356,3641522.131094269,0.2820614648184834,0.09498786176643263,0.5291324198878677,0.40759079885818683,0.8034021186863886,2020.5480092542107,126.70551303705068,3623.0989713215067,0.0,0.0,0.0,0.7299699063440205,0.7277067715132485
132,25665.889508312936,-2986806.51623817,714782.4018217663,3701588.9180599377,0.2833617824708412,0.09437335392460532,0.5308055455189461,0.40716041239960404,0.8033163687411456,2052.490274570352,134.61253749905524,85.54793356091834,0.0,0.0,0.0,0.7300164602773532,0.7278086708284048
133,24761.47000806599,-3050331.6655996204,713379.7504620919,3763711.4160617087,0.2836915220666455,0.09374935442166307,0.5324331276263026,0.4067170214922346,0.8032264046758245,1903.6957187290768,120.43072984386528,648.1184383588261,0.0,0.0,0.0,0.7300627210567283,0.727910228265498
134,23887.27799162624,-3115172.725043314,712568.2528438849,3827740.977887212,0.28804125155991744,0.09311504337124446,0.5348541799240655,0.4062790908976795,0.8030481597320778,1879.5761715439799,123.44716489160982,1175.6404084377805,0.0,1.0,1.0,0.7301086837248157,0.7280114420289432
135,23080.062305067695,-3181625.468826994,713980.8270319889,3895606.295858998,0.2889375608548503,0.09247421739400562,0.5363358313570035,0.4051450700932975,0.8029736873774429,1832.940949072063,118.0987106299379,2566.5601686592445,0.0,0.0,1.0,0.7301543429175148,0.7281123104663039
136,22260.411611616695,-3248438.672247548,712815.7268235396,3961254.399071083,0.2931594877552879,0.09181492398034968,0.5378043362467092,0.4047221612550394,0.8028759456381761,1724.2214169127126,116.97296779995382,860.8630260492309,0.0,0.0,0.0,0.73019969517216,0.7282128322019193
137,21488.877173640816,-3316248.7603086415,710492.6516691855,4026741.411977821,0.296949585976999,0.09113963989118111,0.5392850791970513,0.4042980364292701,0.8027657616638677,1659.8292532221647,111.48162774129553,166.16674249066338,0.0,0.0,0.0,0.7302447310529092,0.7283130058398224
138,20712.751387953904,-3385026.4139587833,708560.9887125224,4093587.4026713027,0.2999488274064339,0.09045346529611693,0.5407446532193686,0.40387913459744723,0.8026563251825775,1589.5925576130765,112.12926864411217,358.5882521346084,0.0,0.0,0.0,0.7302894423653324,0.7284128302093883
139,19909.983647691148,-3454872.597877129,706422.5223358131,4161295.1202129447,0.3043981345120469,0.0897534850265033,0.542219131418098,0.4034691231026196,0.8025658920513642,1540.8727820962333,99.86000721462285,182.80762252739146,0.0,0.0,0.0,0.730333823468071,0.7285123041224593
140,19199.125553631646,-3525892.817367187,704313.0461655057,4230205.863532684,0.3096943723379607,0.08826011195541625,0.5436417391607687,0.4030526459594565,0.8024761140050848,1494.3838456741323,107.41768754086935,230.31544837132483,1.0,0.0,1.0,0.7303778672651233,0.7286114262677894
141,18498.662725378745,-3597939.7567089554,702002.3323695076,4299942.089078472,0.3105507199831184,0.087530489453238,0.5449219234565015,0.40264301065122066,0.8023547718786884,1463.390003308128,104.50444292216585,42.83240966337025,0.0,0.0,0.0,0.7304209112070942,0.7287101957045982
142,17790.770733457244,-3671156.336432923,699729.3105417497,4370885.646974683,0.3127785558776821,0.08679194966368521,0.5460897080946829,0.40223679310443133,0.8022244338581973,1377.4821523844892,90.14341382875786,81.49116233181057,0.0,0.0,0.0,0.730463606629524,0.7288086115666942
143,17122.56523255795,-3745869.4944831925,698658.7352578032,4444528.229740991,0.3172840374953572,0.08603176134070331,0.5472140679454378,0.4018320128820858,0.8021024263950909,1319.4898065547454,91.3359895953606,866.7957713514693,0.0,0.0,0.0,0.7305059488293936,0.7289066729586684
144,16520.02722048169,-3821561.020141378,696598.1920230209,4518159.212164385,0.33024635732502156,0.08493216511755608,0.5483464785843055,0.4014231291448985,0.8019826124495673,1276.6781273803422,89.64524051315948,204.39267678606052,0.0,0.0,1.0,0.7305479267417261,0.7290043791819762
145,15912.870894220798,-3898505.6513187727,694325.3786799542,4592831.0299987355,0.32840166213133853,0.08413238349668806,0.5494595288597645,0.40101976604615003,0.8018723767029381,1275.2961935104188,83.08175524474909,95.05310209547919,0.0,0.0,1.0,0.7572313880157506,0.7957067737612432
146,15299.843673245057,-3977171.8954374283,694216.216559243,4671388.111996669,0.33114255501484485,0.08332015176504877,0.5505710317292116,0.40062282985560504,0.8017563078518599,1162.8055756622082,77.33918925279156,1472.0769424660623,0.0,0.0,0.0,0.7572724471446683,0.7958048154056093
147,14721.273208626164,-4056752.0307206954,692059.8569824521,4748811.887703149,0.3357382857912468,0.0824968409021092,0.5516830046581411,0.3999647302333945,0.8016132579529568,1137.406900829874,82.21389141574919,161.90775366457592,0.0,0.0,1.0,0.7573131152636629,0.7959024965716803
148,14159.912622717839,-4137574.5463496433,690005.4074801323,4827579.953829781,0.33932394860338655,0.08166374722507502,0.5527931127536467,0.39957263210849947,0.8014708253273185,1080.9496978616423,74.24903118616146,202.1459080552167,0.0,0.0,0.0,0.7573533866065791,0.7959998169101036
149,13638.157602486237,-4220228.378466297,689927.6564650252,4910156.034931336,0.3424526911763518,0.08082455344731478,0.5539019625672629,0.39918496668843045,0.8013213890886041,1078.5635058722894,81.1385670840075,1511.57422765804,0.0,0.0,0.0,0.7573932560588199,0.7960967761612968
150,13118.275160897887,-4303828.421753053,687939.8928444025,4991768.314597462,0.3472030990797731,0.07996545949867916,0.5549913606605541,0.398792443452988,0.8012000014629542,1009.5761101443852,76.04918603473642,303.54428896671374,0.0,0.0,0.0,0.7574327203504924,0.7961933742090002
151,12580.007312790165,-4392537.952815997,700848.6986096508,5093386.651425647,0.352029775174833,0.07908931746748782,0.5560508645779539,0.3984174590896509,0.801068929197676,992.3801329396183,80.09803217151092,10073.160011000311,0.0,0.0,0.0,0.7574717693149663,0.7962896109487186
152,12056.984241764883,-4479838.972776066,698177.6447466632,5178016.617522719,0.3531137366175379,0.07819909265646785,0.5570788307562947,0.39803873512174637,0.8009406022240668,933.7394033176262,70.29173345471735,218.15083476231476,0.0,0.0,0.0,0.7575103942149037,0.7963854861723314
153,11579.11380764136,-4568200.226621429,696386.2862050512,5264586.512826494,0.35751555066162455,0.0772930412842094,0.5581176647225102,0.3976627781520494,0.800805832988508,914.1516277861156,69.46214473925723,515.4560751007098,0.0,0.0,0.0,0.7575485877988176,0.7964809997465374
154,11111.760407098644,-4657860.466328755,694093.5881068339,5351954.054435595,0.36266521254105744,0.07636745068763684,0.559068673051889,0.3972843848274538,0.8006658442669159,845.6408094532211,68.62873929046143,112.76005874478906,0.0,0.0,1.0,0.7575863419464816,0.7965761517273284
155,10665.043532101949,-4749087.567332315,691757.9393365498,5440845.5066688685,0.3663900817444776,0.07543464109759775,0.5599569821173868,0.3969100984742358,0.8005064071706296,861.7477092724722,66.59548904822911,100.00189075703288,0.0,0.0,1.0,0.7576236466844419,0.7966709422120857
156,10225.67946436005,-4841753.180065238,689493.480268577,5531246.660333805,0.37036134001070026,0.0744857145414558,0.5608468323329873,0.3965462530355181,0.800352668394934,794.2030698934783,61.98143523616151,105.92067145883595,0.0,0.0,1.0,0.7679677871827295,0.8225335938024296
157,9797.161893770983,-4936052.218937852,687579.801658903,5623632.020596731,0.37483911358781674,0.07351955417538368,0.5617387235788607,0.3961777914562349,0.80020762105498,756.2416996322079,58.580824850491325,332.40317011407836,0.0,0.0,0.0,0.7680041772244661,0.8226280669140764
158,9381.474192540229,-5031945.022537531,685280.3076312173,5717225.330168745,0.37939428266447395,0.07253889117761964,0.5626309712546957,0.395013592122354,0.8000516910652257,718.1824605531847,54.15511495859989,125.79945479853419,0.0,0.0,1.0,0.7680400969782527,0.8227221776228135
159,8987.48835567292,-5129344.369158708,682989.5217829192,5812333.8909416,0.3833214596878993,0.07154131135814147,0.5634916708883573,0.3946519732632786,0.7998961027505082,714.3063750845147,50.86342172676239,54.64418045817658,0.0,0.0,1.0,0.7680755390008899,0.8228159262115942
160,8590.358849870086,-5228352.974678292,680722.4042318611,5909075.378910137,0.3867710477994698,0.07052791393892141,0.5643553507607215,0.3942965990931675,0.7997276173672317,676.8624323645622,57.231624255180364,57.18796707161819,0.0,0.0,0.0,0.7681104946449616,0.8229093130562654
161,8244.922033137358,-5329063.938823366,678635.4595110957,6007699.398334465,0.39240378792487446,0.06961988712820917,0.5652066101957468,0.3939444254903275,0.7995793984311496,640.5770747242402,56.900005911940085,153.75305500779146,0.0,0.0,0.0,0.7681449558154979,0.8230023385186968
162,7912.741831917364,-5431439.250536862,676344.945280447,6107784.195817293,0.3999085666642979,0.0687460326352072,0.5658865416571244,0.39359829231822974,0.7994018064949234,621.8045838229763,50.2785039909677,63.33588990487329,0.0,0.0,0.0,0.7681789750144252,0.8230950031747566
163,7569.068670698175,-5535509.976242276,674177.2638434218,6209687.240085703,0.40624059502948995,0.06786229499421022,0.5665499534825285,0.3932573861473252,0.7992345956298623,588.2669093738476,50.318036780511406,81.5463335720387,0.0,0.0,1.0,0.7682125691472756,0.8231873076643215
164,7218.074430333536,-5641361.604061745,671939.5451341593,6313301.149195902,0.411391960253783,0.0669590169635713,0.5672304780804526,0.39291532523166456,0.7990786465311812,571.7689886799935,47.67715460854755,32.7188804560144,0.0,0.0,0.0,0.7682457330945576,0.8232792525649393
165,6879.293356974815,-5748981.690775677,669704.7475452779,6418686.438320955,0.4164054635401983,0.06603239156112306,0.567882107140763,0.3925653084205345,0.7989017170154458,536.4769986982416,50.09743752674019,25.9863236313224,0.0,0.0,0.0,0.7682784569108274,0.8233708384063465
166,6563.9348299768135,-5858632.083048033,668277.903139752,6526909.98618778,0.4192916591063091,0.06511203322886078,0.5683972695649452,0.392225917734424,0.7986773886871729,512.0488574878739,44.128726767024965,547.616038938946,0.0,0.0,0.0,0.7683107287497792,0.8234620657682602
167,6282.14128564772,-5969997.055470868,666142.6733962581,6636139.7288671415,0.42355077960532633,0.06418327324702464,0.5688761220796025,0.39188159582668924,0.7985053324044527,484.3319808524642,41.66393131718487,94.63796629500466,0.0,0.0,0.0,0.7683425515749174,0.8235529353236402
168,6007.287764471044,-6083192.15028003,663936.2472388111,6747128.397518864,0.4291829397796104,0.06324121817362176,0.5693432695627062,0.39154649346637593,0.7982209464161657,470.5644002387854,44.03164724610901,2.1661361873152116,0.0,1.0,1.0,0.7683739210179368,0.8236434478838693
169,5737.583764952811,-6198601.617365178,662792.4391900729,6861394.05655525,0.43554204938048424,0.0622752221144539,0.5697982359913364,0.39120827314133216,0.7979469987018655,447.4126244435942,40.843305002579896,709.2086172412121,0.0,1.0,0.0,0.7684048302663234,0.823733604282492
170,5471.331752501413,-6315756.1651661955,660638.7809815702,6976394.94614776,0.4412495052385536,0.061281845839749674,0.5702449584601901,0.390874833794438,0.7976695052713869,439.42900189992406,39.671361245826624,26.723877095963772,0.0,1.0,0.0,0.7684352671870911,0.8238234053706085
171,5219.848590568354,-6434935.083685261,658608.7236129494,7093543.807298233,0.4431843298518335,0.06028959554031906,0.5706833821300134,0.3905439646877419,0.79747734906641,416.37711781571454,38.4423288024097,103.69973108269723,0.0,0.0,0.0,0.7684652179300756,0.8239128519876849
172,4988.751626151583,-6556273.690030887,657014.7655894184,7213288.455620315,0.446373441761139,0.05944163777497719,0.5711260434843389,0.39021833038634013,0.7972805808381581,385.7371635881286,36.217385434631595,392.5690020778274,0.0,0.0,0.0,0.7684946829006095,0.8240019450351049
173,4760.518818362057,-6679654.103764258,655224.9822791673,7334879.086043412,0.4497974899124405,0.05857798093300492,0.5715542002000171,0.3898881862606448,0.7970796477987206,375.7304104551653,35.55534709858515,255.32963230011916,0.0,0.0,0.0,0.7685237340896693,0.8240906854948555
174,4533.496997460022,-6805099.404580129,653219.2761798159,7458318.680759944,0.44934812694192067,0.057708821607718466,0.5719949966718969,0.3895563102608883,0.7968817362217907,356.9686848106835,35.32456260089672,98.44451918780207,0.0,0.0,0.0,0.7685523634947555,0.8241790743415757
175,4328.129528429163,-6932702.659470176,651227.5744235255,7583930.233893694,0.45176912901345695,0.05682627720357209,0.5724398524611384,0.38923198062195097,0.7966578910525648,340.07389914223893,33.78902533289209,86.44370451793822,0.0,0.0,0.0,0.7685805682139598,0.8242671125509765
176,4116.906535886165,-7062529.560334711,649339.3530496066,7711868.9133843165,0.45091745372008574,0.05592483023636183,0.5729044260325402,0.38890860264965876,0.7964384883222245,328.10811230261004,31.665588990691543,145.50485499960607,0.0,0.0,0.0,0.768608341406336,0.824354801178757
177,3920.5557448728478,-7194557.191020727,647255.6985050893,7841812.889525811,0.45533841316814233,0.055013337179971436,0.5733542742842539,0.38858689094486487,0.7962453459143175,313.8872050332234,29.664276464730257,14.126379846473565,0.0,0.0,0.0,0.768635673474422,0.8244421412399713
178,3733.4565280298757,-7328863.040181053,645221.5989463122,7974084.639127376,0.4603620696384049,0.05408714962066044,0.573769099116577,0.38826007257614886,0.795940018900668,297.52985577811955,32.08092991053536,31.389767534551428,0.0,1.0,0.0,0.7686625592511852,0.8245291338191859
179,3544.7337205030326,-7465562.644693197,643187.5480292481,8108750.192722416,0.4621131908380307,0.05314162128282838,0.5741767788854815,0.38794685754049574,0.795609387243278,277.8828760763262,24.861254103482306,35.708176557734525,0.0,0.0,1.0,0.7686889912475462,0.8246157800233221
180,3366.9840101010655,-7604551.774554069,641144.9919034415,8245696.766457514,0.4668739949558254,0.05217224057445074,0.5745535584244615,0.38762809392247755,0.7953972494226194,266.0197389098605,26.671362447699266,5.833229320093813,0.0,0.0,0.0,0.768714959653415,0.824702080947285
181,3197.4346798059028,-7745971.052092584,639204.5908011509,8385175.642893724,0.470893892651859,0.05119221276090561,0.5749349248652913,0.3873113239354508,0.7951897027618476,251.70213459789932,28.527327513557456,60.475013783423435,0.0,0.0,0.0,0.7687404524050012,0.8247880377145741
182,3043.68525134017,-7889917.649933939,637533.5786889913,8527451.228622923,0.4749320890529074,0.050638125986624406,0.5752809670971132,0.38700396813375393,0.7949770158499945,240.98804499320033,25.406660890925576,234.0576051942208,0.0,0.0,0.0,0.7687654640432112,0.824873651480212
183,2879.3059570881037,-8036406.013741253,635996.1280479826,8672402.14178925,0.4803727615402325,0.050259038029377444,0.5756016633899138,0.3867013961628473,0.79467279015959,220.5573597099968,24.29527853199635,312.0118591577356,0.0,1.0,0.0,0.7687902074050567,0.8249589234564121
184,2727.1257502947515,-8185343.524259984,633996.2740979671,8819339.798357956,0.4841093202200103,0.049869968469150226,0.575912602474766,0.3863981126166739,0.7944313374146662,219.28361630504915,25.13680575330597,0.5497487573629147,0.0,0.0,0.0,0.7688147698584407,0.8250438548000882
185,2585.9488651306046,-8336875.2235085275,632016.1886436553,8968891.41215218,0.4894492118899903,0.04947183403721127,0.5761860453503771,0.38609571366894724,0.7942033504689271,209.29460321052463,23.085663975650046,0.43614212533727725,0.0,0.0,0.0,0.7688391462830291,0.8251284467150066
186,2452.093049527658,-8491070.029088555,630117.8903145991,9121187.919403154,0.4959289840487526,0.049069397639251465,0.5764322028399846,0.38579598207682425,0.7939678515844434,195.0028087783645,23.09005590360598,45.705886361779434,0.0,0.0,0.0,0.7688633320187961,0.8252127004397146
187,2326.7969019157767,-8647953.653371083,628173.121918116,9276126.775289174,0.4994084908063031,0.04865986873584854,0.576667045508744,0.385497153867145,0.7937100691406499,186.7579216513812,20.834686770359312,8.742754232787002,0.0,0.0,0.0,0.768887324789083,0.8252966172361579
188,2203.7053671230374,-8807682.373945562,626637.2890365175,9434319.662982069,0.5002669885263801,0.04823464934765621,0.5768638949679593,0.3851983688314499,0.7934770260666071,177.3443954088487,18.312239672034327,264.69812232345447,0.0,0.0,0.0,0.7689111209238462,0.8253801983925904
189,2085.485335872012,-8970146.622253476,624707.9111245462,9594854.533378022,0.503526577005549,0.04780079374534318,0.5770529389802245,0.384898944110521,0.7932128330643798,162.84066067573013,19.408873577902344,7.980871184679743,0.0,0.0,1.0,0.7689347124559093,0.8254634451944758
190,1963.1903173146163,-9135435.140500875,622794.1446693548,9758229.28517027,0.5067862733999292,0.0473607439479509,0.5772090516244333,0.38460149486108447,0.7929581836334881,153.41085954059173,18.065267976604368,0.10951352771868655,0.0,0.0,0.0,0.7689580949470605,0.8255463589413976
191,1854.4438306263685,-9303581.600634413,620941.4554110735,9924523.05604549,0.5126520858722302,0.04691179555867211,0.5773778003680093,0.38431467081908927,0.7926051757421265,146.6974392122005,17.833997604694538,0.09907646324481804,0.0,1.0,1.0,0.7689812651818987,0.8256289409064324
192,1750.9927011778127,-9474757.797592836,619087.5354653958,10093845.333058221,0.5183154329647882,0.046461223743406416,0.5775476135593196,0.38402437250195304,0.7923634900784532,138.35182292711377,15.465467320937389,21.031663684883682,0.0,0.0,1.0,0.7690042185945993,0.8257111924101056
193,1653.8678504550473,-9648927.814702109,617219.6406042584,10266147.45530634,0.5219066608067174,0.045997192178426224,0.5777206003875165,0.3837324788506364,0.7921200825508096,133.82564357249916,16.339686265989197,2.4328581730000134,0.0,0.0,0.0,0.7690269542586685,0.8257931147838599
194,1561.894852659422,-9826169.720440486,615375.6995401451,10441545.419980602,0.5280167989797304,0.04552072543048142,0.5778915667494533,0.383441139732265,0.7918782653616908,122.83996517930875,16.823120483850122,6.112740286845707,0.0,0.0,0.0,0.7690494653311722,0.8258747093799639
195,1472.7485708014624,-10006550.505238645,613561.3373992575,10620111.84263789,0.5321263138513039,0.04503537319172117,0.5780516429114213,0.38314495871498777,0.7916297712150411,117.48258943636847,13.951866601403763,24.074431083225726,0.0,0.0,0.0,0.7690717454831557,0.8259559775599465
196,1384.1827817289177,-10190112.059534093,611738.8132817947,10801850.872815885,0.5381495280069177,0.04454530561164791,0.5781980310069229,0.3828527751048049,0.7913444053533459,106.97731987279884,14.153403100827338,7.299723923292054,0.0,0.0,0.0,0.7690937901621809,0.8260369206876517
197,1304.6490223121878,-10376934.699176785,610002.2983513486,10986936.997528138,0.5429961694030591,0.04404574795094346,0.578358699062887,0.38256961898131747,0.7910895180229949,102.71769671945553,14.65716095383511,49.56357485552717,0.0,0.0,1.0,0.7782457352095067,0.8489428858891415
198,1226.1778981597868,-10567057.174154019,608200.5981612636,11175257.77231528,0.5453027717698795,0.04353878118650441,0.5784898559455406,0.3822910353759068,0.790829019364649,96.14097651619095,12.400585023777646,1.6210031670264828,0.0,0.0,0.0,0.7782672991597118,0.8490235418573493
199,1155.0328555363017,-10760549.094493372,606410.8027160073,11366959.897209357,0.5505281082995664,0.04301720707789174,0.5786035583762847,0.3820113892680622,0.7904877388386025,93.89145074229027,12.77074401996006,1.7357246340063661,0.0,1.0,0.0,0.7782886165103914,0.8491038755614218
200,1083.6295838350823,-10957434.069707278,604677.9674703993,11562112.037177669,0.5544399013480905,0.04248510192531025,0.578718292046369,0.3817304210133881,0.7902172059017252,85.72878815237277,12.28495966033067,2.0546644770461255,0.0,0.0,1.0,0.7783096798546153,0.8491838884086251
201,1016.249137615852,-11157872.085302725,602914.0589074914,11760786.14421026,0.5574624703142554,0.04194376561355862,0.5788477551671798,0.38145250252883817,0.7899506718887896,80.85908354367932,12.082027026393686,5.023938208117212,0.0,0.0,1.0,0.7783304838251527,0.8492635817966675
202,953.2189817337811,-11361866.736569064,601164.2670315542,11963031.003600609,0.5623452021256622,0.04138940298635784,0.5789731948130725,0.38117346212005004,0.7896508942583319,77.01598618027755,11.86465996425053,3.536495971496518,0.0,0.0,0.0,0.7783510237062405,0.8493429571292564
203,893.2389403753599,-11569499.559610566,599431.5473579443,12168931.106968476,0.569102739474798,0.04082210340743425,0.5791099661661563,0.380900912464469,0.7893589007612448,71.9074755998144,10.330113791962331,15.395129196508652,0.0,0.0,0.0,0.7783712928860406,0.8494220158194395
204,836.5039868499331,-11780854.224418044,597807.5374542883,12378661.76187234,0.5747708704160932,0.040239134424486046,0.5792626783533165,0.38063118975814214,0.7889829767665726,67.98757170160418,11.230026518086438,68.67471962611398,0.0,1.0,0.0,0.7783912847988765,0.8495007592853132
205,781.6831080830337,-11995967.492809085,596132.0558537807,12592099.548662899,0.5804824166310512,0.03964181413728727,0.579431515155543,0.38035843760503957,0.7886871230635578,64.54269184735301,9.95028763431891,28.512435092789687,0.0,0.0,0.0,0.778410991514304,0.8495791889465417
206,730.5702006605801,-12214914.046794137,594429.3600164924,12809343.406810658,0.5864637606743679,0.03903693052308742,0.579598629815838,0.3800824278927084,0.788391774361677,58.28733626474559,9.03403498385406,3.1644840902483904,0.0,0.0,0.0,0.7784304057623648,0.8496573062221333
207,682.2359567978621,-12437774.289424304,592733.2178802463,13030507.507304532,0.5911217089089623,0.03842015809170213,0.5797699252406331,0.3798157417123935,0.788083214677654,54.920061996700355,8.683184309112729,0.05049962931968498,0.0,0.0,0.0,0.7784495236685034,0.8497351125375625
208,635.6707960112224,-12664622.50230623,591052.070189614,13255674.572495852,0.5969044615780646,0.037784664112807245,0.5799346309071024,0.3795460681596849,0.7878009861557844,52.55177231085613,8.510418888666782,2.9253816484166024,0.0,0.0,0.0,0.7784683391968132,0.8498126093198456
209,593.3854959291504,-12895533.337592278,589379.5958280704,13484912.933420368,0.6034264290324632,0.03713278512807932,0.5801197383858908,0.37928759400852646,0.7875184484211462,47.49967416803632,8.11354012329029,1.383058648994027,0.0,0.0,0.0,0.7784868428963947,0.8498897979934563
210,553.0479290823263,-13130583.23827433,587716.5618178432,13718299.80009217,0.6082708298905386,0.03646082453456485,0.580296326353714,0.3790190162083429,0.787208674646641,42.696079694973704,7.111455893656196,0.09523151857406975,0.0,0.0,0.0,0.7785050264859709,0.849966679992378
211,514.2098570232995,-13369850.188743575,586065.3696958137,13955915.558439393,0.6152343569928568,0.035770103385681054,0.5804738058551723,0.3787589443142477,0.7868908419590093,40.672462177954955,7.47494373542865,0.5808478163303757,0.0,0.0,0.0,0.7785228798372951,0.8500432567485213
212,479.49741491506205,-13613415.25120127,584423.3741532312,14197838.625354517,0.6224198562356598,0.0350618751274406,0.5806488185209859,0.37850202527497007,0.7865689605061401,38.13566538745155,6.619988345381102,3.227605763845476,0.0,0.0,0.0,0.7785403934839591,0.8501195296910327
213,446.6386038344071,-13861370.368161643,582801.0923814763,14444171.460543165,0.6294402584322174,0.034339082495514706,0.5808184568641535,0.3782408121037786,0.7862433381656518,36.09983119472993,6.400429407043433,9.597241723313287,0.0,0.0,1.0,0.7785575585875694,0.8501955002568043
214,414.9795483217309,-14113782.398244021,581211.503298864,14694993.901542911,0.6355753538334816,0.033608064420531554,0.5809886105551234,0.3779848173092553,0.7858976360335546,32.14527639761992,6.476507809041787,22.380326190808262,0.0,0.0,0.0,0.778574367782373,0.8502711698821217
215,385.84699594728727,-14370730.786689717,579600.4273559379,14950331.214045662,0.6423828121144528,0.03287456705611977,0.5811659524727472,0.3777327199663652,0.7855897801132663,30.565560656305085,5.840489555949527,0.023697273107598046,0.0,0.0,0.0,0.7785908168733358,0.8503465399982397
216,359.39716211727256,-14632315.117309371,578021.8599814143,15210336.977290783,0.6490027173296212,0.03213720312826747,0.581333441147635,0.3774706861627384,0.7852408022397135,28.621463386615304,5.606117545782077,15.62702241477849,0.0,0.0,0.0,0.778606904539735,0.8504216120368312
217,333.3391008160592,-14898612.503964009,576434.0142693373,15475046.518233335,0.6525721336116861,0.03139203585954477,0.5814825753726016,0.37721939577427444,0.784891861477264,26.31199589838087,4.833096336970596,2.236950308040779,0.0,0.0,0.0,0.7786226287684274,0.8504963874330095
218,308.15855851492415,-15169719.705172382,574861.3973865579,15744581.102558961,0.655064914932151,0.03064078252740433,0.5816485213732866,0.3769598523657495,0.7844853235201703,25.560515627169362,5.053700495017181,9.606223665005817,0.0,1.0,0.0,0.7786379855790784,0.8505708676140276
219,284.5239160198476,-15445721.054705834,573289.8611606222,16019010.915866435,0.6569163975721937,0.029890699148545197,0.5818150367246481,0.3767099858830293,0.7841336857549156,22.934695318526405,4.305875481336987,0.42914487036684057,0.0,0.0,0.0,0.7786529718511725,0.8506450540003925
220,263.28609198428273,-15726857.911594355,571663.493993855,16298521.405588191,0.6602771858564501,0.029148350905324475,0.581992105633827,0.37645603622974777,0.7836557830144353,20.58957852674333,3.9887822856749438,6.3032417525569215,0.0,0.0,1.0,0.7786675880933648,0.8507189480102937
221,242.93843996769624,-16012934.84348065,570116.9229101884,16583051.766390843,0.6653199431191295,0.028413588769113964,0.5821687500768662,0.3762088459667634,0.7833214530096784,19.363825611541987,3.9028000245542427,4.913126608181225,0.0,0.0,0.0,0.7786818380980461,0.8507925510635055
222,223.81810480273,-16304216.297464926,568550.2175428467,16872766.51500776,0.6672958244424337,0.027686356483779824,0.5823362470354825,0.3759799201994663,0.7829704211404206,17.827834444883067,3.7529053966230808,0.03881874999977795,0.0,0.0,1.0,0.778695725584221,0.8508658645737933
223,205.9200898126479,-16600750.166102363,567023.2986480284,17167773.464750357,0.6722945662119297,0.02696655663830895,0.5824934290239792,0.3757787353497075,0.7826073054832088,16.370023193965526,3.9275962632592796,4.542421998617662,0.0,0.0,0.0,0.7787092542438763,0.8509388899509339
224,190.03103601066496,-16902863.938919086,566035.4337568854,17468899.372675978,0.6781718424013341,0.02625408632370296,0.582650281306358,0.3755815459043947,0.7822466032792472,14.644632945600309,3.3463927192414147,376.79545850151493,1.0,0.0,0.0,0.7787224277213877,0.8510116286012415
225,175.00628727989277,-17210272.406738218,564517.814543161,17774790.22128141,0.6833256972245964,0.025548847763575314,0.5828236291176311,0.375386257636781,0.7818915845022756,13.891978117736151,3.2522656585470884,4.224120532435105,0.0,0.0,0.0,0.778735044472991,0.8510840819301743
226,161.3246203378805,-17523263.190448325,563009.2642515647,18086272.454699915,0.6883939098748985,0.02485078616992918,0.5829909434476572,0.3751913885606412,0.7815494883323436,12.689867684410919,3.21868726489714,4.377986212876964,0.0,0.0,0.0,0.7787473162596878,0.8511562513377675
227,148.35290731602345,-17841941.57705437,561502.6361216715,18403444.213176046,0.6940464153732644,0.024159795244419576,0.5831681606985386,0.3749988072465663,0.7811602845820987,11.500014062854932,2.6632868530317944,1.058985781089075,0.0,0.0,0.0,0.7787592465551456,0.8512281382207846
228,136.14361767616745,-18166416.555408034,560003.0604900129,18726419.615898043,0.6984681008092779,0.02347578916446809,0.5833640437189505,0.37480247700126973,0.7807677029990185,10.749218997277211,2.874516618632966,0.8855196373440853,0.0,0.0,0.0,0.7787708387816049,0.8512997439703562
229,124.81024981488487,-18496796.998587187,558510.7338492505,19055307.7324364,0.6995745708877128,0.022798693296777972,0.5835706145451687,0.3746096064813554,0.7803556847572984,9.577517971825795,2.701182287458652,0.047951450799161695,0.0,0.0,0.0,0.7787820963200917,0.851371069971932
230,114.31960127214775,-18833199.263295986,557033.2886888323,19390232.551984776,0.7030533300644886,0.022128429806487493,0.5837921607808378,0.37441821214271653,0.7797532983601291,8.736662814746806,2.2087459075241234,6.129867827002965,0.0,2.0,0.0,0.778793022515986,0.8514421176056874
231,104.72586742609899,-19175732.22507817,555558.2355468472,19731290.460624937,0.7074330363936467,0.021464907533331273,0.5840265405418409,0.3742329828523823,0.7793645791933914,8.094532527531738,2.1303426997055683,3.352354172176067,0.0,0.0,0.0,0.7788036206773966,0.8515128882466906
232,95.8047393868108,-19524512.738529816,554085.081243372,20078597.819773186,0.7096537150183403,0.02080804675438359,0.5842639431938075,0.3740423884845677,0.7789109811830568,7.122388798103152,1.8241134664053122,0.3015826893840052,0.0,1.0,0.0,0.778813894068473,0.8515833832649172
233,87.81610244837806,-19879658.7278792,552620.0794106774,20432278.80728987,0.7142606378135984,0.020157767288769304,0.5845108657288285,0.37385835563273967,0.7784799611791757,6.694804829907408,1.9258801732900066,0.4871776697516947,0.0,0.0,0.0,0.7788238459151002,0.851653604024672
234,80.59008460491687,-20241292.08472279,551164.6443826158,20792456.72910545,0.7167309688560278,0.019513978364745336,0.5847539851182818,0.3736773687365652,0.7780522232212201,6.206581009269217,1.6480865046730795,2.2213954660132513,0.0,0.0,0.0,0.7788334794046459,0.8517235518855699
235,73.93295362037473,-20609534.86326599,549716.5833325621,21159251.446598634,0.7205435450964504,0.018876616208081582,0.584998227020367,0.37352017471244914,0.777631742752017,5.550264904277253,1.748495508524712,4.200202728397089,0.0,0.0,0.0,0.778842797680641,0.8517932282017961
236,67.87910917106935,-20984513.274952445,548270.9311164236,21532784.206068847,0.7240260409194235,0.018245599314359505,0.5852512171920647,0.3733666999123035,0.7771823189735956,4.78409889935544,1.414847947265229,0.9194736192328948,0.0,0.0,0.0,0.7788518038562557,0.8518626343212964
237,62.85920270289979,-21366397.035420872,546792.3109443765,21913189.34636519,0.725328200810759,0.017620848879068174,0.5855005490200831,0.37264152544793777,0.7767538794421333,4.609132076831216,1.399311487390153,0.3881017442209967,0.0,0.0,1.0,0.7788605010054108,0.8519317715861234
238,58.94394677600011,-21755294.379425712,545330.2204499311,22300624.599875696,0.7285686828053204,0.017002297891393472,0.5857576218767078,0.37249124045541226,0.7762196884670087,4.401247108728275,1.28818601450254,0.028958675788921324,1.0,1.0,0.0,0.7788688921641059,0.8520006413341801
239,55.371347502901806,-22151255.823497612,543902.6119516931,22695158.435449295,0.7319943339408412,0.016389872544474004,0.5860157463498523,0.3723408248757847,0.7757808107145451,3.9319195140583267,1.2495968442488707,1.2612312667920638,0.0,0.0,0.0,0.7788766976780048,0.8520694300793212
240,52.06980577549938,-22554481.411282767,542486.6614363047,23096968.072719045,0.7344304526618283,0.01578348981112624,0.5863091918386717,0.3721945220728222,0.7753284445027414,3.560079923233959,1.0615631573170865,6.359962740160973,0.0,0.0,0.0,0.778884207413756,0.8521379526355707
241,49.372455977546586,-22965106.179978274,541067.7918953833,23506173.97187368,0.7369274828292123,0.015183075490150265,0.586615492697638,0.37204885703055846,0.7747333179500147,3.5175278113228874,1.1654027160194034,1.3761105186734979,0.0,1.0,0.0,0.7788914242361483,0.8522062103373892
242,47.14759998304681,-23383287.341303065,539637.918710316,23922925.260013342,0.7390929852287742,0.014588564889030573,0.5869301254330411,0.37167439942096103,0.7741446755826686,3.2043480640722466,0.9644911639320569,1.0238592564364064,0.0,1.0,1.0,0.7788983509752179,0.852274204513388
243,45.02321817322454,-23809136.051314104,538224.9256976666,24347360.977011748,0.7405807147689041,0.013999881203275664,0.5872686408937334,0.37153040645550794,0.7736605686041599,3.048917581252883,0.8231962249804979,0.11156326173235076,0.0,0.0,0.0,0.778904990430967,0.8523419364858349
244,42.97210244758012,-24242815.16229076,536814.9007874237,24779630.063078124,0.7424645304321384,0.013416952519781918,0.5876264386219946,0.3713861318644933,0.7731634820587117,2.710160405124344,0.8404476265763797,0.009506418869373067,0.0,0.0,0.0,0.7789113453672736,0.8524094075689713
245,41.33678238615508,-24684473.320294254,535408.6412663355,25219881.961560633,0.7430537510673985,0.012839713969681078,0.5879977834551093,0.37124402245335153,0.7726325301733411,2.6423547524213515,0.8239006542870785,0.4954513360604466,0.0,0.0,0.0,0.778917418514303,0.8524766190691263
246,39.85598057457443,-25134262.475176428,534004.3356526567,25668266.81082918,0.7439358228761722,0.012268095759706272,0.5883880655698295,0.3711065320023199,0.7721202529545307,2.469094974931804,0.7690420505514305,0.1487859182519307,0.0,0.0,0.0,0.7789232125719956,0.8525435722861199
247,38.60361650331459,-25592291.10556485,532648.521580489,26124939.627145283,0.7446259603545731,0.011702030274417763,0.588795229708698,0.37096981743300633,0.7715847607105725,2.5056296359124923,0.7044055963794543,0.022651622315531087,0.0,0.0,1.0,0.7789287302075727,0.8526102685121645
248,37.435210724205746,-26058849.686098255,531409.155986763,26590258.842085045,0.7460479222388529,0.01114144833898452,0.5892128442529194,0.37083171281226224,0.7710422558298632,2.371699755976741,0.6792037671407035,106.06623960788852,0.0,0.0,0.0,0.7789339740565917,0.8526767090323772
249,36.34685958560703,-26533981.069391396,530004.7344823723,27063985.80387375,0.7461587651083252,0.010586288173536029,0.5896556543387227,0.3706979270186295,0.7704977419376748,2.1716338001950755,0.6109581985112895,0.01895644832951539,0.0,0.0,0.0,0.7789389467221348,0.8527428951242259
250,35.355316887870615,-27017875.99630218,528607.1430811601,27546483.139383473,0.7459251767126713,0.010168336000711443,0.5900977272961287,0.37056394389966313,0.7699405071387526,2.1022000365379503,0.5877620479734689,0.6687105394897276,0.0,0.0,0.0,0.7789436507784746,0.852808828057516
251,34.51761920375513,-27510714.806755867,527206.6751101442,28037921.481865957,0.7447753500734159,0.01,0.5905544749698642,0.37043268613264513,0.7693030574480684,2.248733352764704,0.7005107703794822,0.54385401168947,0.0,1.0,1.0,0.7789481546950442,0.8528745090945606
252,33.80681306269382,-28012649.394652914,525810.9249923434,28538460.31964532,0.7410696130279317,0.01,0.591026367580646,0.37030212511082006,0.7687408698041548,2.140708873092213,0.5674209247455483,0.3776139025128612,0.0,0.0,0.0,0.7789525831473849,0.8529399394904664
253,33.030947625987075,-28523862.069821708,524415.5525466654,29048277.6223683,0.7365067879214466,0.01,0.591507445096047,0.3701745331717355,0.7681566097721595,1.87944845380782,0.5697381654299346,0.007776289388162269,0.0,0.0,0.0,0.7789570201729404,0.8530051204931005
254,32.279399197645404,-29044565.89962107,523005.3871110497,29567571.28673202,0.7332566202936615,0.01,0.591908158177036,0.37004332368611176,0.7675917174218405,1.7993502485900579,0.4768738043345954,0.28231278265951326,0.0,0.0,1.0,0.7789614656431126,0.8530700533423067
255,31.660099344380193,-29574868.041257508,521611.9955391591,30096480.03679668,0.7304188872944678,0.01,0.5923221650332563,0.3699141555077147,0.767001827103635,1.8775159206857497,0.5600139305934196,0.15568833182276415,0.0,0.0,0.0,0.7789659194312323,0.8531347392703003
256,31.081515489097175,-30114988.04934483,520219.47366766754,30635207.523012567,0.7296973514277825,0.01,0.5927512967844836,0.3697891175116562,0.7664172288183373,1.7446037362457991,0.4400619731478703,0.05853089067853181,0.0,0.0,0.0,0.7789703814125302,0.8531991795023448
257,30.50914112929006,-30665112.97141173,518828.03495664906,31183941.00636849,0.7290432246597096,0.01,0.593193178664863,0.369667575525599,0.7656208064521,1.6476522640140272,0.42990965463451664,0.12890189255021828,0.0,2.0,0.0,0.7789748514641086,0.8532633752562605
258,29.9339320230845,-31225434.068555787,517436.7447484486,31742870.81330431,0.7286394265624202,0.01,0.5936461112355593,0.3695468158065868,0.7650032049590498,1.5736466101997246,0.32703034504972356,0.052628722839667935,0.0,0.0,0.0,0.7789793294649133,0.8533273277424394
259,29.37887620637987,-31796146.980643235,516052.89563453855,32312199.876277775,0.7289502393197956,0.01,0.594108990707375,0.3694334548015845,0.7644007010315185,1.5394769131350472,0.3373112643018092,4.427333041674056,0.0,0.0,0.0,0.7789838152957059,0.8533910381638288
260,28.919767095586348,-32377446.896556918,514662.87714268407,32892109.773699667,0.7262745942561492,0.01,0.5945754395403035,0.36932113887803547,0.7637847349857982,1.6995248425834064,0.28944238635707803,0.021000505067978015,0.0,0.0,0.0,0.7789883088390367,0.8534545077160449
261,28.362137768236273,-32969536.664190996,513273.81181170675,33482810.476002667,0.7243732907208629,0.01,0.5950390017589523,0.3692107663960262,0.7631500900967575,1.4071283704807143,0.24400806217246848,0.0020111121915510283,0.0,0.0,0.0,0.7789928099792175,0.8535177375877774
262,27.862783498639413,-33572642.12892195,511876.67475696927,34084518.8036788,0.723153579921783,0.01,0.5955096238827198,0.3691042029988998,0.762518217479907,1.4433097441429983,0.2841642945986882,0.033934019174059186,0.0,0.0,1.0,0.7789973186022956,0.8535807289599934
263,27.35549049740922,-34186934.206451386,510488.38528296235,34697422.59173445,0.7216382655561735,0.01,0.5959833031163424,0.36899326632435475,0.7618793473146956,1.3791404333057824,0.26794691245555746,0.004293046890928967,0.0,0.0,0.0,0.7790018345960276,0.8536434830066331
264,26.845484141216893,-34812646.6085121,509101.7449725274,35321748.35348457,0.7185396863574178,0.01,0.5964618358784344,0.36888347746203715,0.7612264693428042,1.3090514204623085,0.2515115628045109,0.8838519513600368,0.0,0.0,0.0,0.7790063578498535,0.8537060008944409
265,26.3104552189376,-35449997.174941905,507715.36792616255,35957712.54286796,0.7130799532953424,0.01,0.596944318581921,0.3687799099969144,0.7605879478738597,1.201722916425513,0.1989600171667675,1.0525901128436368,0.0,0.0,0.0,0.7790108882548721,0.8537682837829935
266,25.801497516216713,-36099242.15105828,506308.9905679443,36605551.141626224,0.7077841482779167,0.01,0.5973017548117467,0.36867645719117503,0.7598354589624599,1.1987844086604322,0.22237934438585766,0.029818410087801093,1.0,1.0,0.0,0.7790154257038153,0.853830332824745
267,25.30240743531725,-36760538.79011581,504922.82683136035,37265461.61694715,0.702795131743864,0.01,0.5974813684242525,0.368572959068869,0.7590890582777673,1.1709180635461818,0.18585293886444226,0.0011406721927714426,0.0,1.0,0.0,0.7790198657503349,0.8538922822107755
268,24.785509012745027,-37434122.82058901,503569.60493734817,37937692.425526336,0.6975522074173548,0.01,0.5976630168697314,0.36847406214076456,0.7583380661477185,1.0545836543983687,0.20744658894605528,1.2157176247444663,0.0,1.0,1.0,0.7790243141961566,0.853953999075522
269,24.299670981862125,-38120290.74111274,502184.0085304772,38622474.74964314,0.6924977733881587,0.01,0.597844417053005,0.3683751419860119,0.7576789218076811,1.0844167729497984,0.18284150378153957,0.04263672475878795,0.0,0.0,0.0,0.779028770915291,0.8540154845606476
270,23.823456325758194,-38819251.62178435,500798.95689702,39320050.57868136,0.6874709651001224,0.01,0.5980265764062089,0.3682752430024446,0.757004414492837,1.0598858960852113,0.13519862121541196,0.10565974297993673,0.0,0.0,0.0,0.7790332357836384,0.8540767398009295
271,23.30319504477828,-39531250.143666506,499414.5210734721,40030664.66474004,0.6800576200290654,0.01,0.5982089863993711,0.3681774289428889,0.756237933509676,0.8974338195382989,0.14752066336962122,0.02630973570093271,0.0,1.0,0.0,0.7790377086789606,0.8541377659243043
272,22.817942992795444,-40256535.78640289,498030.5887184474,40754566.3751213,0.6741462208721126,0.01,0.59839192142377,0.3680828658476029,0.7555449954039121,0.9255139518963141,0.1560472726443237,0.0016883268657599624,0.0,0.0,0.0,0.779042189480853,0.854198564051619
273,22.28883614197777,-40995362.54408727,496647.5658233714,41492010.109910645,0.6694240057878821,0.01,0.598575146749799,0.36798809377830555,0.754851988847787,0.7795732577285224,0.15931960741896864,0.000575883822795541,0.0,0.0,0.0,0.779046678070717,0.8542591352970025
274,21.80122581736963,-41747989.705982625,495265.29154530226,42243254.997527845,0.6641585807785627,0.01,0.5987583429486111,0.3678948033866278,0.7541729325313712,0.8373016353196971,0.12002999755300331,0.012980210301009694,0.0,0.0,0.0,0.7790511743317331,0.8543194807676437
275,21.304483412444206,-42514681.28863337,493884.275303577,43008565.56393696,0.6564169234960168,0.01,0.5989410035971527,0.3678026287472955,0.7534838716735148,0.7603971327921406,0.14388095397286046,0.10734092550866427,0.0,0.0,0.0,0.7790556781488339,0.8543796015641181
276,20.809770832203746,-43295706.81778798,492503.9436065669,43788210.76139449,0.6487669430349002,0.01,0.5991231508815034,0.36770985185398275,0.7527967434210372,0.7126456002541326,0.09668684648484127,0.008901381355713786,0.0,0.0,0.0,0.7790601894086782,0.8544394987802898
277,20.325202091888986,-44091340.91621596,491124.5030397315,44582465.41925566,0.6446520909186869,0.01,0.5993045700970432,0.3676206652099113,0.7520343065348072,0.7059262467779176,0.10009305638812949,0.0013612705906341509,0.0,1.0,0.0,0.7790647079996248,0.8544991735033889
278,19.857576714273968,-44901896.2477857,489733.30944421625,45391629.55723005,0.6375924960285616,0.01,0.5994850719960128,0.36753345525882547,0.7513497966775083,0.6836128698957417,0.1249652832674453,0.7722995368556055,0.0,0.0,1.0,0.7790692338117072,0.8545586268140746
279,19.334421759656966,-45727648.05400354,488327.9765006376,46215976.03050435,0.634811399010084,0.01,0.5996644902053464,0.36744719362824435,0.7506495474646157,0.5116431491135376,0.047501119536559916,0.05346988701641003,1.0,0.0,0.0,0.7790737667366084,0.8546178597864689
280,18.862806142473456,-46568780.34397659,486982.3504480487,47055762.69442456,0.6307063827397071,0.01,0.5998426763132616,0.3673612276920371,0.7499484806611955,0.5907454244217113,0.11636462801757985,0.6997026773910542,0.0,0.0,1.0,0.7790780480783666,0.8546770382360624
281,18.36980655614752,-47425703.2746936,485607.7392186645,47911311.013912424,0.6266368912266002,0.01,0.6,0.3672778044300708,0.7492281327343913,0.47595379236398483,0.06768164415723509,0.3014866021561191,0.0,0.0,0.0,0.7790823401999983,0.8547359972889141
282,17.898585763430695,-48298689.79818048,484233.9646028842,48782923.76278338,0.6207970776638374,0.01,0.6,0.3671949247504984,0.7485063594585075,0.47927829917596965,0.15078306275001466,0.0009862809862345525,0.0,0.0,0.0,0.7790866429398056,0.8547947380121805
283,17.45083139762165,-49188048.23266463,482861.64082571573,49670909.873490304,0.615668044989983,0.01,0.6,0.3671128602810138,0.7477960248205725,0.47372068438717524,0.12423556946583998,0.0007050026268146263,0.0,0.0,0.0,0.7790909561385158,0.854853261466617
284,16.96948849388049,-50094126.783591405,481474.7712514444,50575601.554843,0.6132473870768924,0.01,0.6,0.36702924256279007,0.7469468342196951,0.3501361856889247,0.061342857845560754,0.03895921621971705,0.0,0.0,1.0,0.7790952796392453,0.8549115687065851
285,16.473473842407117,-51017178.07229477,480105.8593747108,51497283.93166953,0.6111290920441628,0.01,0.6,0.3669490734692896,0.7462138658854041,0.27542744114330736,0.0339670440569957,0.3807507394340167,0.0,0.0,0.0,0.7790996132874639,0.8549696607798761
286,16.01863198419048,-51957585.35472952,478717.6887025569,52436303.04343214,0.6116418810214792,0.01,0.6,0.3665637972006832,0.7454665989293986,0.32666010502145454,0.06219822610308701,0.26052022043385836,0.0,0.0,1.0,0.7791039569309592,0.8550275387278624
287,15.567493962960215,-52915635.49108728,477351.6262745757,53392987.11736178,0.6109079084533213,0.01,0.6,0.3664855582506566,0.7447310946172373,0.3012822056958533,0.05945196202864072,0.027521134632728456,0.0,0.0,0.0,0.7791083104198021,0.8550852035857519
288,15.108123000516951,-53891691.470866784,475988.5589601627,54367680.02982691,0.6085869658974162,0.01,0.6,0.36640609804061647,0.7439984856013095,0.2377890292087604,0.048247475562912735,0.9486114581308788,0.0,0.0,0.0,0.7791126736063123,0.8551426563824727
289,14.66837639249456,-54886098.807380065,474626.40454061347,55360725.2119206,0.6070375189018798,0.01,0.6,0.3663293193746935,0.743147572765332,0.24975447177517507,0.046372744208940185,0.46121085732478845,0.0,1.0,0.0,0.7791170463450249,0.8551998981406828
290,14.257291065323384,-55899210.324292466,473265.9481229729,56372476.27241559,0.6070566561729882,0.01,0.6,0.36625400475630265,0.7424028326531703,0.2796238876285219,0.0599132164181371,0.1741255445229569,0.0,0.0,0.0,0.7791214284926568,0.8552569298769387
291,13.858053530941055,-56931370.88119109,471916.2194571846,57403287.10064835,0.6070356085070315,0.010395283037626143,0.6,0.36618185502361517,0.7416576581527129,0.2652845767586492,0.06325808205635264,0.005203391210635958,0.0,0.0,1.0,0.7791258199080742,0.8553137526017675
292,13.441420874370216,-57982977.089469925,470559.9978281826,58453537.087298036,0.6070148142120695,0.01037053928753132,0.6,0.366108385978603,0.7408078093216645,0.19223094901645862,0.03765692056624977,0.37354365870386846,0.0,1.0,0.0,0.7791304180937791,0.8553703673196288
293,13.03493021382082,-59054387.48458426,469205.3889141134,59523592.87349835,0.6086857064438429,0.010349101036764745,0.6,0.36603698907082927,0.7400672677496795,0.1744466485022466,0.027936895186200197,0.07223835667037241,0.0,0.0,0.0,0.7791350128994462,0.855426775028863
294,12.642693465068621,-60145983.80135194,467853.303716522,60613837.10506853,0.6067699799131642,0.01032878915497817,0.6,0.36596503764852784,0.7392079864073153,0.17432142010303023,0.03314445640788913,0.3058447184438926,0.0,1.0,0.0,0.7791396058429476,0.8554829767218316
295,12.275940212890745,-61258154.14512993,466503.06990392413,61724657.21503374,0.6066450399257942,0.010318528397660764,0.6,0.3658953719599059,0.7384442267491992,0.2001395451422955,0.05245412249780826,0.0008048286406811852,0.0,0.0,0.0,0.7791441973546134,0.8555389733849769
296,11.887082091149546,-62391311.65631977,465138.5043585177,62856450.16067841,0.6064857040049482,0.010311110392185992,0.6,0.36582702521832783,0.7376751205655117,0.12048350928382412,0.025993390528222936,0.08777885722201272,0.0,0.0,1.0,0.7791487923291441,0.8555947659989354
297,11.522930334180346,-63545826.76683493,463793.30283118074,64009620.06966614,0.6068646624511806,0.010306135672884948,0.6,0.365760697655635,0.7368932608929132,0.1429100313770429,0.03581018322802554,0.21797051319559116,0.0,0.0,0.0,0.7791533920590171,0.8556503555383448
298,11.19056039542286,-64722127.96209422,462450.17072138196,65184578.13281555,0.6062466443272185,0.010300915786139075,0.6,0.3656938486723342,0.7361250506131567,0.19288769463861485,0.03392319101850268,0.008748505556787366,0.0,0.0,0.0,0.7791579976389104,0.855705742972109
299,10.831547010852141,-65920635.19762084,461109.8454553736,66381745.04307623,0.606218893682345,0.010297867381290939,0.6,0.3656289978230294,0.7352639199956256,0.09874710123755293,0.013323498538707271,0.2505505075123672,0.0,1.0,0.0,0.7791626088211794,0.8557609292634618
300,10.491271258921643,-67141776.41734315,459771.9987591562,67601548.41610242,0.606857434491452,0.01029834767330465,0.6,0.36556424468918663,0.7344799557619824,0.11114441776137571,0.03302009164793951,0.25386929316905804,0.0,0.0,0.0,0.7791672265683803,0.855815915369768
301,10.149842120585001,-68385988.07424888,458437.05551515886,68844425.12976411,0.6086307547339904,0.010299539759047878,0.6,0.36550060436358167,0.7336936552026586,0.0822367975460539,0.015001528884774535,0.492884090483693,0.0,0.0,0.0,0.7791718525235246,0.8558707022427448
302,9.824410653783742,-69653698.33610222,457123.25597900286,70110821.59208106,0.6096235923240868,0.010296443632644143,0.6,0.3654416372684359,0.7327304434180738,0.09658965958736379,0.0318225664585538,1.414807603733642,0.0,2.0,1.0,0.7791764869229921,0.8559252908284324
303,9.518509635139257,-70945394.42756799,455792.4735498193,71401186.90111773,0.610460166696773,0.010296478755748559,0.6,0.3653891151044659,0.7318534327871075,0.10803628083563574,0.02496182546512406,0.00265675664637362,0.0,1.0,0.0,0.7791811275049526,0.8559796820672941
304,9.209510166560603,-72261521.72244425,454464.61983331834,72715986.34227748,0.6114460882067176,0.010296635655627636,0.6,0.3653366467380817,0.7310577718885716,0.07752802490152126,0.013864804907953818,0.0004536659183293778,0.0,0.0,0.0,0.7791857757190725,0.8560338768942801
305,8.91676665781179,-73602551.88694164,453139.63223350566,74055691.51917513,0.6127655497021925,0.010301807357367647,0.6,0.3652849015472624,0.7302670318950608,0.08794208817038938,0.04080177748346374,0.09875994902680454,0.0,0.0,0.0,0.7791904315120213,0.8560878762387615
306,8.627746499501738,-74968965.9702583,451818.6050800771,75420784.57533845,0.614174233867428,0.01030631385709761,0.6,0.3652354745097791,0.7293876914049567,0.07222092792843536,0.020034372050392345,0.8718367118618621,0.0,1.0,0.0,0.7791950972786941,0.8561416810246654
307,8.353829637301667,-76361254.20507312,450501.78679426445,76811755.99186756,0.6170653499082968,0.010310069731223509,0.6,0.36518765090087385,0.7285824203748827,0.08556558298284027,0.013854243025085448,1.759976812856378,0.0,0.0,0.0,0.7791997725756717,0.8561952921704543
308,8.07246452779548,-77779915.87135331,449187.4254787032,78229103.29683192,0.6196058705139729,0.010312705449273983,0.6,0.36514070317402925,0.7277741392395648,0.040356323735558315,0.010965359131557212,1.7733149128316472,0.0,0.0,0.0,0.7792044569184858,0.8562487105892127
309,7.794704923296685,-79225460.12127675,447874.80970976275,79673334.93098639,0.6216780386098619,0.010313250897811843,0.6,0.3650917388029769,0.726884238380401,0.028430890366554235,0.0073288823341243195,0.7264993570262841,0.0,1.0,0.0,0.7792091496395397,0.8563019371885942
310,7.5328490481220065,-80698478.44270682,446530.5757530596,81145009.01846007,0.6248156787239749,0.01031587895339754,0.6,0.36504459887446766,0.7259305628822676,0.04096946395967241,0.012813122848425127,0.3919406889972169,1.0,0.0,1.0,0.7792138495877928,0.8563549728709055
311,7.278675692490304,-82199357.37590455,445222.8668953914,82644580.2427997,0.6267724743363299,0.01032291641144367,0.6,0.3649999230043719,0.7250237491301393,0.035311677127824175,0.02044294391795743,0.04381831346121954,0.0,1.0,0.0,0.7792184251412921,0.8564078962934374
312,7.032170997485868,-83728800.66559249,443883.7676128611,84172684.4332055,0.6322901041011283,0.010114253107817875,0.6,0.36495403244825053,0.7242201968154496,0.03542284745578539,0.008766995891573462,0.8878950643979503,1.0,0.0,1.0,0.7792230129493101,0.8564606300274396
313,6.798299645519678,-85287174.21108517,442582.5168174932,85729756.72790278,0.6329116134885578,0.010116148279912893,0.6,0.3649098100216359,0.7234113537783898,0.04176604427181527,0.01876816938852449,0.017326547782938156,0.0,0.0,0.0,0.7792272581132362,0.8565131749653692
314,6.570749384166216,-86875131.53708504,441284.3991672519,87316415.93625224,0.6348173153059974,0.01012322005548047,0.6,0.3648653352057867,0.7225076461799508,0.0376983510329046,0.015192253166963909,0.005763893124734595,0.0,1.0,0.0,0.779231516404188,0.8565655319944491
315,6.343721669647744,-88493244.91487871,439989.45987226925,88933234.37475106,0.6384455629330293,0.01,0.6,0.36482161639489014,0.721584423643364,0.017597514623682267,0.0061754246357435495,0.017112887976922397,0.0,1.0,1.0,0.7792357902277753,0.8566177019966789
316,6.133121957350261,-90142084.15548998,438711.4730669562,90580795.6285568,0.6406054257436502,0.010000073977081237,0.6,0.3647791565792207,0.7206543958543357,0.03590016990404917,0.008381910206063709,0.002443690362091408,0.0,1.0,1.0,0.8084401273855326,0.9296699686673513
317,5.922056420769276,-91822271.5942371,437422.8813771006,92259694.47561428,0.6435390656781806,0.01,0.6,0.3647379178643286,0.7197542387555986,0.016038908200784813,0.007879558191026315,0.010398954607507296,0.0,1.0,0.0,0.808444363092422,0.9297229148902699
318,5.725978728051052,-93534400.03255971,436137.53244305495,93970537.56500281,0.6457032893167419,0.01,0.6,0.3646968393124964,0.7189340153772734,0.03433217195269055,0.010732236316961376,0.0001757208439595515,0.0,0.0,0.0,0.8084486102272743,0.9297756724241254
319,5.537350937252894,-95279087.94667628,434855.471790745,95713943.41846645,0.6481775825953866,0.01,0.6,0.36465655476761577,0.7181019147107695,0.036441280472465955,0.00908471538799312,0.0865017882305441,0.0,0.0,0.0,0.8084528686551039,0.9298282421484445
320,5.359010649385884,-97057029.32919271,433550.229424241,97490579.55861636,0.6498650974215462,0.01,0.6,0.36461526581746506,0.7172638259174187,0.045012960870826235,0.018768545099048562,0.0900102272069944,1.0,0.0,0.0,0.808457138206516,0.9298806249376348
321,5.171001589425954,-98868740.46338888,432275.0151915327,99301015.47858047,0.6521643083924347,0.01,0.6,0.36457581324191685,0.7163293342824038,0.004685820608801518,0.0014613399933531988,0.04169784575507215,0.0,1.0,0.0,0.8084612477324934,0.9299328216610303
322,4.999068856862752,-100714984.71069,431014.90280289424,101145999.61349308,0.6546216247466699,0.01,0.6,0.36453729235984683,0.7154820033774927,0.027105324070185503,0.011066677894163978,0.0020354268758497706,1.0,0.0,1.0,0.8084653706155811,0.9299848331828509
323,4.831961715884164,-102596341.97342397,429746.039257453,103026088.01268147,0.6561149791266954,0.01,0.6,0.36449761675905706,0.7146359024812761,0.02504970847835076,0.005300546458413685,0.00544152723170714,0.0,0.0,0.0,0.8084689855016066,0.9300366603623389
324,4.6676858537822845,-104513687.0685696,428354.92529523664,104942041.99386498,0.657672548556869,0.01,0.6,0.3644602822120515,0.7137875939258953,0.0189271002084475,0.006898229582010216,0.008725176602299024,0.0,0.0,1.0,0.8084726211643417,0.9300883040537525
325,4.507316520671693,-106467415.39819062,427094.85072933574,106894510.24891998,0.6606786569184167,0.01,0.6,0.36442248459568555,0.7129254971360439,0.01186587837650147,0.005873897639869201,0.7464254877621308,0.0,0.0,0.0,0.8084762772921358,0.9301397651063826
326,4.355007524721841,-108458384.9578743,425837.2183028399,108884222.17617697,0.6634819341935233,0.01,0.6,0.3643856987684873,0.7120636634603962,0.01772190020298563,0.002306513497802836,0.11047846974088553,0.0,0.0,0.0,0.8084799535780129,0.9301910443646068
327,4.204270422969101,-110487318.27729203,424583.2696712632,110911901.54696316,0.6664165314828779,0.01,0.6,0.36435003120198206,0.7111961942554574,0.00677894796395644,0.002341254750576586,0.2503851342646422,0.0,0.0,1.0,0.808483649719602,0.9302421426679325
328,4.060878667106954,-112554951.67683782,423332.44052450545,112978284.11736202,0.6710358364994204,0.01,0.6,0.3643144652907219,0.7103249559514418,0.010747379265600399,0.004052911746903102,0.0002321236221986533,0.0,0.0,0.0,0.8084873654190672,0.9302930608510063
329,3.9213654814537167,-114662036.22551133,422085.33227164927,115084121.55778328,0.6735621990755366,0.01,0.6,0.3642791450938951,0.7094552052785887,0.009679936524980325,0.003300784008684639,0.15926898004180304,0.0,0.0,0.0,0.8084911003830404,0.9303437997436708
330,3.785057836633831,-116809507.1949551,420771.19861203583,117230278.39356688,0.6758444055611005,0.01,0.6,0.36424453245088984,0.7082892658806121,0.005585255027337288,0.001939406300895881,0.017641084023938557,1.0,1.0,1.0,0.808494854322554,0.9303943601709836
331,3.6550446239188075,-118997841.23921469,419517.14232771395,119417358.38154234,0.6785835403842211,0.01,0.6,0.3642110404814442,0.707341218964022,0.00924934067104968,0.0027222948577894993,1.086514822292374,0.0,1.0,1.0,0.8084981925960927,0.9304447429532441
332,3.5303243317147177,-121227934.1851695,418280.7463921247,121646214.93156168,0.6808869676659415,0.01,0.6,0.3641794992035484,0.7064605660172789,0.011948202294379881,0.0023447703985217385,0.0019417733085888946,0.0,0.0,0.0,0.8085015557955284,0.9304949489060461
333,3.4061689759590004,-123500632.00261837,417047.9283119745,123917679.93093036,0.6834530444587983,0.01,0.6,0.36414643424804993,0.7055801492734711,0.001302430483839304,0.0007524125480105847,0.00022179139907472644,0.0,0.0,0.0,0.8085049435469726,0.9305449788403064
334,3.28598267040833,-125816791.22665018,415802.13885702315,126232593.36550735,0.68588879914028,0.01,0.6,0.3641151170859589,0.7046976492734711,0.0,0.0,0.0005779202678016848,1.0,0.0,0.0,0.8085083554821451,0.930594833562275
335,3.170087070784425,-128177197.57084057,414576.591881645,128591774.16272227,0.6889998447682857,0.01,0.6,0.3640851070984903,0.7038136531864301,0.0,0.0,0.00010531162314436015,0.0,0.0,0.0,0.8085116739294046,0.9306446027812337
336,3.0594923684514046,-130582833.20178705,413314.53792903596,130996147.7397161,0.6922264787064712,0.01,0.6,0.3640538334808682,0.7028172123513422,0.00274675184976727,0.0010725350956595349,0.42531651529397424,0.0,0.0,1.0,0.8085150175999553,0.9306941977459555
337,2.9530731733196034,-133034390.38827603,412096.5824038156,133446486.97068012,0.6943912667100807,0.01,0.6,0.36402330106624325,0.7018335193172304,0.0015786613428487998,0.00043372244643435475,0.1447553026748042,0.0,1.0,1.0,0.8085183861154477,0.9307436192556655
338,2.8500874726912477,-135532871.59312364,410882.5606617049,135943754.15378553,0.6963188017122824,0.01,0.6,0.36399289009303876,0.7009532060413401,0.00088538199483636,0.000448521578358216,0.3158092626834268,0.0,0.0,1.0,0.8085217791032078,0.9307928681049797
339,2.7518949057103455,-138079156.72928473,409671.67650266335,138488828.40578702,0.6982478952632292,0.01,0.6,0.36396337121501243,0.7000546803062144,0.003715463245930558,0.0010682028666714782,0.0001662296211706282,0.0,0.0,0.0,0.8085251961961514,0.9308419450839348
340,2.659059852528336,-140674191.74716106,408464.80104893295,141082656.54820943,0.6994294045080711,0.01,0.6,0.36393392058072366,0.6991552162616383,0.008288734566316304,0.002110970058961387,0.2375499592816594,0.0,0.0,0.0,0.8085286370327008,0.9308908509780254
341,2.567318489597486,-143318899.4063629,407286.55527248565,143726185.96163514,0.701150113167651,0.01,0.6,0.36390458844065554,0.6982612494217139,0.0031565045420049666,0.0011563801971931006,0.07768063845107186,0.0,0.0,1.0,0.808532101256702,0.9309395865682374
342,2.480433700993536,-146014297.15086693,406086.4151774871,146420383.56604412,0.7028098693456638,0.01,0.6,0.36387570227467314,0.6973470553298278,0.007074663171336074,0.0034929468830518034,0.00012215420512649847,0.0,0.0,0.0,0.8085355885173433,0.9309881526310637
343,2.394356937074458,-148761345.3065689,404890.0032927942,149166235.30986178,0.7049509056764284,0.01,0.6,0.363847726937754,0.6964235524360493,0.0017581324183243115,0.001337699992438443,0.05092410666513034,0.0,0.0,0.0,0.8085390984690749,0.9310365499385501
344,2.3120062299085355,-151561048.91890377,403697.2201488128,151964746.13905284,0.7069735392986438,0.01,0.6,0.36382015891988984,0.6954957296980164,0.003456632456391151,0.002268323096054882,7.004313735787102e-05,0.0,0.0,1.0,0.8085426307715305,0.93108477925831
345,2.2310860118617373,-154414433.04913235,402508.9319928938,154816941.9811254,0.7092831179963431,0.01,0.6,0.36379336138216034,0.6945699822502726,0.0,0.0,0.5286595945326312,0.0,0.0,0.0,0.8085461850894493,0.9311328413535671
346,2.155149357059674,-157322576.32436967,401312.4363223974,157723888.7606921,0.7109290096204444,0.01,0.6,0.36376642172871415,0.693646296731751,0.00512227526928086,0.0017563775072082955,0.045416126899466135,0.0,0.0,1.0,0.8085497610925994,0.9311807369831762
347,2.082034073144591,-160286476.7576128,400131.22383283015,160686607.98144543,0.7117442603900827,0.01,0.6,0.36374021092607195,0.6926138928160743,0.005511770433347477,0.0016290150890832977,0.28363463359477065,0.0,1.0,0.0,0.8085533584557021,0.931228466901668
348,2.0102786834505673,-163307254.38658616,398953.32095654303,163706207.70754245,0.7134779471344304,0.01,0.6,0.3637130297498407,0.6916863928160744,0.0026566734905633257,0.0005826686437231604,0.04742677887170299,0.0,0.0,0.0,0.8085569768583584,0.931276031859271
349,1.9399189295297974,-166386018.54435915,397785.0727433117,166783803.61710203,0.7149867501758799,0.01,0.6,0.3636876401772063,0.6907547261494077,0.0,0.0,3.915938396527437,0.0,0.0,0.0,0.8085606159849748,0.9313234326019337
350,1.8720217669962538,-169523896.15821898,396614.41281101014,169920510.57103002,0.7172047869018406,0.01,0.6,0.3636625686960726,0.689824437062851,0.0,0.0,0.0015117391115847328,0.0,0.0,0.0,0.8085642755246919,0.9313706698713563
351,1.806501005151385,-172722040.1748846,395447.5356895701,173117487.71057457,0.719319478555287,0.01,0.6,0.36363644096545733,0.688803812872666,0.0,0.0,0.06345108996663403,0.0,1.0,0.0,0.8085679551713133,0.9314177444050231
352,1.7432734699710866,-175981625.06486163,394284.3920469037,176375909.4569081,0.7216066341947238,0.01,0.6,0.3636110306743144,0.6878635505515472,0.0,0.0,5.1288800484745886e-05,0.0,0.0,0.0,0.8085716546232353,0.9314646569362316
353,1.6822588985220985,-179303882.83985338,393109.9357834093,179696992.77563643,0.7239088469933704,0.01,0.6,0.363587140998556,0.6868151701977941,0.0,0.0,6.933889657539016e-05,1.0,1.0,0.0,0.8085753735833786,0.931511408194121
354,1.6233798370738248,-182689965.85146138,391954.29704186454,183081920.14850244,0.726045794081736,0.01,0.6,0.36356408886481856,0.6858750714335596,0.0,0.0,6.383948865477558e-05,0.0,0.0,0.0,0.8085789802210059,0.9315581056133307
355,1.5665615427762407,-186141153.56967327,390802.6674202779,186531956.2370947,0.7287953026432719,0.01,0.6,0.3635407926473431,0.6849290797603259,0.0,0.0,0.19009044758808324,0.0,0.0,0.0,0.8085826077590689,0.93160464243625
356,1.5117318887790725,-189658715.46177453,389654.5276405173,190048369.9894151,0.7319517137737666,0.01,0.6,0.36351718787487874,0.6838844836657376,0.0,0.0,0.04686327343363186,0.0,1.0,0.0,0.8085862558840609,0.9316510193877937
357,1.4588212726718046,-193243946.1328259,388510.0746399727,193632456.20746604,0.7346700005690121,0.01,0.6,0.36349414586318385,0.6829314705335647,0.0,0.0,4.302670041450069e-05,0.0,0.0,0.0,0.808589924287178,0.9316972371887288
358,1.4077625281282917,-196898165.65607056,387369.3447131311,197285535.0007838,0.7375150362314602,0.01,0.6,0.3634717293391121,0.6819731372002314,0.0,0.0,4.214248755200566e-05,0.0,0.0,0.0,0.8085936126642483,0.9317432965557023
359,1.358490839643802,-200622720.85822812,386235.74651348067,201008956.6047409,0.7394108533491552,0.01,0.6,0.36344928592043296,0.6810038555239454,0.0,0.0,2.2164324288831843,0.0,0.0,0.0,0.8085973207156626,0.9317891982012708
360,1.310943660256268,-204418982.84067303,385102.48868402577,204804085.32935715,0.7414708732432072,0.01,0.6,0.3634276884927328,0.68004168195397,0.0,0.0,0.1326664388857769,0.0,0.0,0.0,0.8086010481463056,0.9318349428339281
