region,commune,biome,population,wellbeing_proxy,avg_health,avg_education,avg_autonomy,avg_trust,truth_error,democratic_quality,water_stock,food_stock,energy_stock,shelter_capacity,health_capacity,care_capacity,education_capacity,mobility_capacity,manufacturing_capacity,storage_capacity,governance_capacity,knowledge_capacity,resilience_capacity,repair_materials,waste,soil_health,biodiversity,watershed,local_pollution,renewable_infrastructure,top_priority_domain,top_priority,top_labor_domain,top_labor_share
Aqua-North Basin,Aqua-Nort Commune 900,coastal_delta,74744143.871,0.970803,1.0,0.970879,0.805352,1.0,0.02,0.487954,5672152.42,5628104.994,3519977.306,3573421235.258,3853554089.077,2832640362.429,1977209814.841,1554247625.269,1343326067.705,2092001753.538,1638444746.146,3454160799.47,1809187507.068,220416811.118,1590159.982,1.0,1.0,1.0,8e-05,0.737312,food,0.86165,food,0.101058
Aqua-North Basin,Aqua-Nort Commune 883,coastal_delta,141895364.431,0.985931,1.0,0.970191,0.90621,1.0,0.02,0.548685,12624194.307,9991132.25,7239903.155,7592309465.238,7739595187.057,6152437553.11,4831622177.354,3111693950.188,2131003692.212,4226833334.601,3934699179.428,6990539466.871,4179535680.513,68927777.743,3018782.141,1.0,1.0,1.0,0.000151,0.729909,water,0.857805,food,0.100525
Aqua-North Basin,Aqua-Nort Commune 313,coastal_delta,65521945.081,0.981167,1.0,0.997544,0.874449,1.0,0.02,0.550876,8141323.99,11568490.878,7225169.472,3224862887.675,2901244557.061,2876557566.832,2152241214.21,1626620352.225,1248874331.532,1809997741.617,1792019448.191,3268242139.874,1913045915.344,345412039.858,1393970.783,1.0,1.0,1.0,7e-05,0.939913,water,0.852318,food,0.097344
Aqua-North Basin,Aqua-Nort Commune 454,coastal_delta,60711911.601,0.99397,1.0,0.994827,0.9598,1.0,0.02,0.720542,6741306.634,6294546.409,5749420.704,3564853113.242,4051907060.555,3383637717.388,2895103349.878,1923885884.929,1196263313.029,2087342440.674,2534308372.953,3675465164.609,2517884087.264,111028344.744,1291636.969,1.0,1.0,1.0,6.5e-05,0.928754,water,0.867416,food,0.098896
Aqua-North Basin,Aqua-Nort Commune 708,coastal_delta,88953628.133,0.996854,1.0,1.0,0.979028,1.0,0.02,0.790461,10972975.059,9081501.018,5620621.968,5122725484.777,5979043819.939,5052696904.069,4372827102.508,2905784428.485,1868830279.138,3131521620.894,3298165185.439,4932121824.332,4194729263.465,314342798.528,1892478.066,1.0,1.0,1.0,9.5e-05,0.843115,water,0.868175,food,0.09783
Aqua-North Basin,Aqua-Nort Commune 504,coastal_delta,26695159.099,0.986054,0.999042,1.0,0.907982,1.0,0.02,0.573577,0.0,1369218.778,269243.764,1245864563.757,933280841.996,861161511.689,805341869.681,424711579.098,437640716.901,798192381.866,675870425.504,1152060133.944,663365479.099,69474641.696,567936.587,0.907201,1.0,1.0,0.105091,0.495214,water,0.890668,food,0.100465
Aqua-North Basin,Aqua-Nort Commune 641,coastal_delta,53217883.167,0.986675,0.98611,0.949424,0.925057,1.0,0.02,0.511099,4278866.005,2213311.729,3348251.185,2346459095.152,1921731014.801,1870934652.318,1117549606.33,1052424497.051,861191062.511,1443671548.323,1205393264.845,2045896818.967,1220043325.131,90228383.317,1132193.732,1.0,1.0,1.0,5.7e-05,0.973843,food,0.866105,food,0.101808
Aqua-North Basin,Aqua-Nort Commune 368,coastal_delta,85312135.886,0.970647,0.900208,0.976653,0.904107,1.0,0.02,0.503643,51552.973,3161038.298,2959270.665,3428269629.457,2021103213.537,2218923641.346,1347455563.006,1260540294.211,1238766363.524,1913989422.936,1486205405.963,2706992554.493,1323414214.454,212561085.138,1815057.26,1.0,1.0,1.0,9.1e-05,0.758821,water,0.890196,food,0.10136
Forest Equator Belt,ForestEq Commune 139,mountain_water,7575431.08,0.990729,0.976571,1.0,0.961622,1.0,0.02,0.554059,1231653.507,0.0,513721.073,427296062.972,349674745.074,357921101.002,274239464.343,169366124.221,161858578.781,236458944.496,242111115.255,401022524.759,234011790.167,26735604.302,161167.734,0.638974,0.822483,1.0,0.078472,0.490513,food,0.866628,food,0.103101
Forest Equator Belt,ForestEq Commune 262,mountain_water,13123611.362,0.992504,0.99862,1.0,0.951408,1.0,0.02,0.735486,1854737.887,0.0,1205294.711,769854023.647,732740149.249,622779107.69,563925059.618,366493868.39,280055068.655,430968436.028,516813290.352,752805509.638,572865912.122,69415936.038,279203.436,0.682796,0.777906,1.0,0.004824,0.749998,food,0.877956,food,0.102624
Forest Equator Belt,ForestEq Commune 022,mountain_water,22304775.451,0.917487,0.618191,0.999176,0.831721,1.0,0.02,0.477453,0.0,0.0,0.0,876558956.338,357702967.586,601354958.066,417784324.378,222002286.835,314442980.462,528325367.487,366988139.594,714324617.686,406121949.426,89198175.62,474594.794,0.692819,0.782823,0.913907,0.01072,0.682312,water,0.874247,food,0.102919
Forest Equator Belt,ForestEq Commune 659,mountain_water,24778470.811,0.980276,0.941671,0.996489,0.926836,1.0,0.02,0.638568,2959736.042,0.0,1856013.919,1181968567.737,918184194.625,1102339442.218,869758437.147,536282172.026,482055733.236,776436818.052,796910060.699,1259492868.177,835692431.962,124893487.222,527169.319,0.859801,1.0,1.0,2.6e-05,0.685745,food,0.876633,food,0.103021
Forest Equator Belt,ForestEq Commune 469,mountain_water,35795703.761,0.993935,1.0,0.97514,0.959567,1.0,0.02,0.789801,2186216.803,0.0,1260222.692,1920930866.432,1688914941.203,1664928028.78,1330475429.281,774985687.622,669869492.069,1177801466.259,1171996872.728,1711683650.055,1336066696.989,113600282.791,761544.124,1.0,1.0,1.0,3.8e-05,0.551948,food,0.874338,food,0.102435
Forest Equator Belt,ForestEq Commune 973,mountain_water,11004870.84,0.976655,0.971448,0.984463,0.872916,1.0,0.02,0.66971,897820.839,0.0,783489.772,483170867.624,458042059.039,442807517.203,320411622.182,176960365.977,182462052.151,331825950.42,339312137.655,500578796.273,359735621.673,28873418.515,234128.665,0.718485,0.727575,0.971103,0.06947,0.822313,food,0.861165,food,0.101912
Forest Equator Belt,ForestEq Commune 655,mountain_water,21731561.91,0.990029,1.0,0.983242,0.933526,1.0,0.02,0.838946,120562.134,0.0,465798.355,1139993978.034,930381606.614,863213893.026,806248218.118,335488840.651,388983242.433,707428673.691,840721611.247,1076867809.983,911647319.885,71816223.077,462334.277,0.939367,0.92661,1.0,2.3e-05,0.568063,water,0.896718,food,0.100741
Forest Equator Belt,ForestEq Commune 645,mountain_water,76115903.561,0.994215,1.0,0.983084,0.961436,1.0,0.02,0.71311,10593025.908,4608288.325,8079964.012,4886384868.503,4400511676.597,4595743450.361,3675798992.735,2122487323.294,1677165353.893,2893609094.122,2663986564.528,4081198302.72,3527872504.576,282685008.0,1619349.304,1.0,1.0,1.0,8.1e-05,0.689195,food,0.853972,food,0.101016
Delta Commons,DeltaCom Commune 010,steppe_grainland,196924366.729,0.997521,1.0,0.966849,0.983473,1.0,0.02,0.729026,20309560.958,31528071.894,18584586.661,11934171659.138,12691653742.398,11854684645.377,8218110840.695,5164328612.191,4090163246.35,6759046477.956,8056959728.875,10097066938.721,7742662596.473,351653261.321,4189504.06,1.0,1.0,1.0,0.000209,0.802922,water,0.85418,food,0.097718
Delta Commons,DeltaCom Commune 139,steppe_grainland,57430553.824,0.999155,1.0,1.0,0.994367,1.0,0.02,0.587295,9035328.092,11220732.705,6510924.709,3911380759.179,4438572213.085,3487691339.737,2645251588.845,2191513741.27,1380770304.006,2357049764.888,2353245566.322,3969109534.491,2432981327.722,316685412.4,1221828.336,1.0,1.0,1.0,6.1e-05,0.857368,water,0.839583,food,0.096278
Delta Commons,DeltaCom Commune 891,steppe_grainland,67556882.085,0.992814,1.0,1.0,0.952091,1.0,0.02,0.622276,7480919.776,7352386.862,3926951.44,3740089684.307,3508671277.537,2821520013.926,2542759205.293,1472844282.313,1309164142.054,2327591745.57,1798637891.539,3276408062.469,1905224550.878,244014629.016,1437264.789,1.0,1.0,1.0,7.2e-05,0.598242,food,0.856317,food,0.099786
Delta Commons,DeltaCom Commune 653,steppe_grainland,100794851.667,0.993728,1.0,1.0,0.958188,1.0,0.02,0.536769,16444777.7,18791288.629,20621628.525,6813071493.32,6424353029.328,6327133615.592,4581865460.885,3666826896.586,2359026522.478,3975653403.307,3586529233.257,6553034485.881,3948632055.221,486538186.116,2144398.716,1.0,1.0,1.0,0.000107,0.681651,water,0.840988,food,0.096734
Delta Commons,DeltaCom Commune 110,steppe_grainland,114375988.208,0.996649,0.977916,0.994758,0.999743,1.0,0.02,0.627831,12982336.908,65222299.563,30388382.667,5409323773.826,5222461518.343,5241925562.229,4220767459.186,2486488382.578,2118643767.188,3262005941.411,3793063929.039,5629250407.652,3623151636.73,362788967.661,2433351.045,1.0,1.0,1.0,0.000122,0.801722,water,0.852193,water,0.096742
Delta Commons,DeltaCom Commune 953,steppe_grainland,131161365.64,0.993231,1.0,0.976756,0.954873,1.0,0.02,0.794989,17529617.026,149750568.407,97293919.005,5801519002.301,5197859923.88,4614469227.422,4827961392.476,2946467618.591,1939435513.101,3912015436.194,4540786541.338,5014947218.516,4747953197.538,173731514.266,2790424.603,1.0,1.0,1.0,0.00014,0.889043,water,0.866714,water,0.101431
Delta Commons,DeltaCom Commune 831,steppe_grainland,87416570.364,0.916533,0.627054,0.956739,0.8165,1.0,0.02,0.515584,0.0,0.0,0.0,2422099027.107,372896299.659,1139854772.008,762850011.481,259644208.199,898440562.289,1435590652.674,1012121883.341,1687474505.896,711359701.148,123569845.171,1859997.545,1.0,0.972485,0.803335,9.3e-05,0.508969,water,0.878412,food,0.103393
Delta Commons,DeltaCom Commune 235,steppe_grainland,86694673.405,0.998978,1.0,0.987944,0.993184,1.0,0.02,0.700135,15878858.243,313357864.658,83103626.376,5712609300.847,6450397675.995,6025497656.217,4625524414.84,3188413769.746,2220101254.801,3717652978.343,4103872192.055,5699958023.658,4688500322.562,568822530.298,1844412.843,1.0,1.0,1.0,9.2e-05,0.886746,water,0.85318,water,0.100627
Temperate Ring,Temperate Commune 066,subpolar_periphery,27365614.455,0.875124,0.543418,0.954638,0.844712,1.0,0.02,0.716436,0.0,0.0,0.0,1009384030.375,566595865.646,711346234.759,505369439.394,176487924.886,364185478.191,615839540.505,575778684.861,749719859.023,540176687.202,41483479.153,587304.188,0.679266,0.790994,0.857541,2.9e-05,0.917582,water,0.874465,food,0.101788
Temperate Ring,Temperate Commune 322,subpolar_periphery,141093813.746,0.999449,1.0,1.0,0.996325,1.0,0.02,0.653349,128736549.091,62566846.282,200104799.592,9425210618.083,11517320597.652,9996603522.175,6462622551.403,5214714498.597,3051046455.637,5731485862.192,5873014526.491,8256198845.533,6522396657.648,388991056.026,3001754.435,1.0,1.0,1.0,0.00015,0.891217,food,0.72189,food,0.092567
Temperate Ring,Temperate Commune 364,subpolar_periphery,87209665.129,0.976003,0.995457,1.0,0.844565,1.0,0.02,0.535059,95804807.231,20677249.479,37072547.783,4794476921.127,4922960539.972,4244093832.624,3129956208.876,2139769274.888,1757966259.739,3202370358.635,2617238697.177,5117568458.756,2783533732.031,333468238.96,1855378.406,1.0,1.0,1.0,9.3e-05,0.540983,food,0.801934,food,0.100302
Temperate Ring,Temperate Commune 021,subpolar_periphery,96989387.861,0.869276,0.618415,0.968522,0.909545,1.0,0.02,0.546914,0.0,0.0,0.0,4449833192.18,2639926459.849,3155675961.638,2439252117.426,1065930930.371,1391447078.6,2603292781.654,1965200542.665,3261407725.801,2147697067.146,35132783.662,2301119.338,1.0,1.0,1.0,0.000115,0.534926,water,0.869656,food,0.102769
Temperate Ring,Temperate Commune 536,subpolar_periphery,44733159.836,0.915879,0.705937,0.960321,0.878428,1.0,0.02,0.519671,0.0,0.0,3108310.226,1681013110.201,1199097402.138,1321337626.201,766781599.164,544104354.962,609642229.436,995108508.479,703696188.237,1309065323.436,767823014.726,26222881.268,957177.207,0.953679,0.892375,1.0,4.8e-05,0.759528,water,0.877158,food,0.103341
Temperate Ring,Temperate Commune 917,subpolar_periphery,31609306.347,0.808883,0.157297,0.962035,0.847047,1.0,0.02,0.682232,0.0,0.0,0.0,776758542.848,2905593.706,334803780.847,290934279.287,23825331.007,278498912.713,500853409.162,343425641.603,505806094.372,316529293.775,34635868.983,679992.07,0.613999,0.651245,0.711409,3.4e-05,0.626904,water,0.874179,food,0.098372
Temperate Ring,Temperate Commune 414,subpolar_periphery,62006692.03,0.973216,0.919486,0.966272,0.901951,1.0,0.02,0.641274,42381945.052,0.0,36199275.932,2647581046.637,1866431931.93,1960541284.414,1525490165.096,858413651.365,931706574.585,1443769091.529,1374031164.623,2214732491.231,1256918476.953,141321965.03,1319209.853,1.0,1.0,1.0,6.6e-05,0.922088,food,0.876851,food,0.10688
Temperate Ring,Temperate Commune 872,subpolar_periphery,43313992.641,0.857442,0.391427,0.959714,0.911469,1.0,0.02,0.668779,0.0,0.0,0.0,1380350578.993,259582569.003,901349613.203,644900587.128,133644198.436,427811258.572,846881337.066,631497910.374,911483966.256,584777327.86,9751127.709,1053369.347,0.834474,0.835898,0.830726,5.3e-05,0.959125,water,0.865366,food,0.102764
Dryland Solar Arc,DrylandS Commune 047,drylands,50488672.294,0.987417,0.916113,0.994334,1.0,1.0,0.02,0.844475,40261902.829,42250671.724,27596783.025,2555360399.728,1549622156.923,2393773201.236,1808177933.278,1172198266.053,896179689.632,1650772814.474,1951152341.023,2436787254.57,2086441020.729,97303504.866,1074170.442,1.0,1.0,0.905794,5.4e-05,0.675209,energy,0.670432,energy,0.081742
Dryland Solar Arc,DrylandS Commune 391,drylands,45104709.681,0.997657,1.0,0.983378,0.984382,1.0,0.02,0.754357,93435461.421,42851175.343,309851673.299,3082446091.76,3313655977.209,2987433852.183,2228102160.742,1684986972.681,985915435.88,1900572852.571,2130885374.107,2844724394.217,2422063957.149,197234734.159,959592.974,1.0,1.0,0.988827,4.8e-05,1.0,ecology,0.600005,ecology,0.077387
Dryland Solar Arc,DrylandS Commune 340,drylands,40906199.684,0.980079,0.985254,0.99967,0.881942,1.0,0.02,0.578116,36825165.59,26212802.863,29977016.333,2491817819.239,2141684078.458,2012003856.28,1650297187.992,949574718.077,824412267.654,1445989701.641,1206249710.927,2522777551.458,1497465735.419,162639637.283,870279.038,0.942281,1.0,0.777805,4.4e-05,0.541545,food,0.649247,food,0.084459
Dryland Solar Arc,DrylandS Commune 847,drylands,98297194.674,0.731465,0.05,0.976473,0.6832,1.0,0.02,0.55321,0.0,0.0,0.0,1919466614.048,5884065.87,689623363.356,487970341.652,16472757.13,702995682.189,1265280759.642,624515351.034,1482380270.716,618009746.414,133388440.247,2440921.625,0.888021,0.963472,0.761626,0.000122,0.731193,water,0.869333,food,0.098967
Dryland Solar Arc,DrylandS Commune 020,drylands,25177065.532,0.97701,0.887453,0.980492,0.959282,1.0,0.02,0.813326,4788030.461,2291918.636,13027721.369,1274817478.088,907359149.15,985466200.162,950338990.979,453682783.001,402655678.195,814318947.283,891169057.786,1173763025.473,895849656.159,15146102.002,535657.303,0.735548,0.830972,0.571038,2.7e-05,0.667636,food,0.869814,food,0.101922
Dryland Solar Arc,DrylandS Commune 824,drylands,26287474.468,0.997781,1.0,1.0,0.985209,1.0,0.02,0.838302,35218465.07,27757669.241,36216484.744,1928433042.312,2101007004.203,2108936411.225,1723622321.953,1058334448.55,634841792.972,1184011947.505,1570850253.176,2102640917.668,1337326785.543,116154041.079,559262.954,0.990982,1.0,0.76273,2.8e-05,0.78384,ecology,0.620537,ecology,0.08003
Dryland Solar Arc,DrylandS Commune 943,drylands,154814551.007,1.0,1.0,1.0,1.0,1.0,0.02,0.628433,506895321.598,133107607.308,589343959.343,11440800110.723,12625746309.421,13606129267.763,9407473189.236,6391514209.106,4452827785.44,7838491744.288,7752440713.676,13092444795.412,7809268948.314,1036393388.157,3293661.52,1.0,1.0,1.0,0.000165,0.756194,ecology,0.590738,ecology,0.077698
Dryland Solar Arc,DrylandS Commune 415,drylands,112536840.021,0.988254,0.971645,0.981166,0.95005,1.0,0.02,0.452644,85303479.978,22114359.232,80379993.202,5281401248.008,3963485765.426,4431156343.441,2502596687.215,1778445156.761,1810664396.022,3405416110.787,2031592877.321,4632944677.667,2255715406.541,325947724.632,2394219.281,1.0,1.0,1.0,0.00012,0.870832,food,0.813069,food,0.101576
Mountain Water Towers,Mountain Commune 239,urban_corridor,90611119.107,1.0,1.0,1.0,1.0,1.0,0.02,0.845794,167864613.96,53085639.109,77586902.918,5536172200.747,6084762719.317,5418337068.516,5234722715.267,3389817979.398,1949574169.69,3668755310.601,4864123639.715,5710381801.264,4578541780.524,282974541.632,1927740.993,1.0,1.0,1.0,9.6e-05,0.860913,food,0.687162,food,0.084753
Mountain Water Towers,Mountain Commune 065,urban_corridor,139839649.727,0.964873,0.833967,0.993049,0.931852,1.0,0.02,0.622228,0.0,0.0,0.0,5073612558.934,1991549587.192,3473407246.949,3033178206.54,2007200015.556,1659089158.311,3146219620.176,2812180554.777,4371911598.143,2172851345.747,73031698.142,2975239.307,1.0,1.0,1.0,0.000149,0.735551,water,0.89579,food,0.10095
Mountain Water Towers,Mountain Commune 376,urban_corridor,74311695.153,0.990289,0.966742,0.973997,0.968518,1.0,0.02,0.664797,51273871.68,26155523.212,25552911.314,3496639198.02,2816374623.58,2823788502.935,2577932883.185,1362962349.688,1309946493.157,2326933879.057,2083539743.248,3031948596.56,2259223157.852,237078732.863,1580979.54,1.0,1.0,1.0,7.9e-05,0.929759,food,0.778519,food,0.092822
Mountain Water Towers,Mountain Commune 712,urban_corridor,132500381.145,0.974948,0.985401,0.973664,0.847583,1.0,0.02,0.573052,0.0,0.0,0.0,5329247567.155,3377333895.984,3601639349.257,2282535030.169,1846093213.953,1678123837.33,3085579351.401,2373522214.634,4532314650.988,2181589104.151,145855675.716,2818923.777,1.0,1.0,1.0,0.000141,0.746533,water,0.888349,food,0.101929
Mountain Water Towers,Mountain Commune 368,urban_corridor,62749585.914,0.997992,1.0,0.981131,0.986614,1.0,0.02,0.721975,256363687.493,41973435.995,40091588.496,3965714759.505,4010963431.795,3451370452.116,2935320234.904,2065755056.933,1387920041.48,2431531063.497,2556048502.526,3806434543.359,2796110199.297,200788791.528,1334983.072,1.0,1.0,1.0,6.7e-05,0.643336,food,0.655332,food,0.081642
Mountain Water Towers,Mountain Commune 004,urban_corridor,58027217.036,1.0,1.0,0.974434,1.0,1.0,0.02,0.796845,0.0,0.0,0.0,2727890112.075,2616817670.657,2776453034.576,2486256260.729,1268662933.722,788709772.924,1795237510.982,2192091754.144,2299668119.772,1880836694.522,5111251.35,1234513.441,1.0,1.0,1.0,6.2e-05,0.462602,water,0.894475,food,0.100645
Mountain Water Towers,Mountain Commune 817,urban_corridor,27365969.667,0.999481,1.0,0.996461,0.996537,1.0,0.02,0.800647,28343641.474,0.0,3326580.523,1375804482.562,1314854670.057,1411557244.93,1216288782.356,719519782.009,553350388.464,854178723.704,1046945710.024,1432368629.053,1155360212.624,76509055.862,582207.237,0.854258,0.763405,0.879805,0.133034,0.57956,food,0.885998,food,0.10383
Mountain Water Towers,Mountain Commune 913,urban_corridor,123554027.095,0.87629,0.398617,0.952772,0.776648,1.0,0.02,0.638781,0.0,0.0,0.0,2466242395.831,39671534.064,629137661.273,476148143.189,66612793.466,757482793.595,1518818822.753,944276084.76,1649132041.599,554450796.766,53072058.8,2629116.014,0.94608,0.814736,0.949145,0.104987,0.574358,water,0.899673,food,0.101571
Steppe Grain Commons,SteppeGr Commune 404,equatorial_forest,65514444.433,0.994376,0.96766,0.957794,0.994848,1.0,0.02,0.783197,0.0,0.0,0.0,2536729315.79,1984839753.882,2324193359.061,1906178047.873,917038967.621,1022647527.838,1677838246.265,1776136740.758,2360410215.757,1992237288.044,72525651.173,1393811.471,1.0,1.0,1.0,7e-05,0.542001,food,0.883252,food,0.102934
Steppe Grain Commons,SteppeGr Commune 541,equatorial_forest,68610467.405,0.993155,1.0,1.0,0.954366,1.0,0.02,0.628356,265091749.559,67249942.875,34989968.021,3875547883.87,4171721888.551,3699387981.307,2616591422.249,1739649124.845,1161032928.21,2471899133.098,2414102183.678,3974675472.874,2521978551.005,33462083.714,1459679.693,1.0,1.0,1.0,7.3e-05,0.535043,energy,0.676324,energy,0.084523
Steppe Grain Commons,SteppeGr Commune 504,equatorial_forest,142518112.046,0.957363,0.917627,0.947668,0.798124,1.0,0.02,0.509407,35299632.998,35833287.451,65841852.139,4617131678.835,3278331080.361,3026310004.567,2128197336.831,1831015882.793,1778254731.16,2763606485.641,2397872779.547,3935811932.593,2422298513.21,215342271.337,3032099.192,1.0,1.0,1.0,0.000152,0.997899,water,0.823445,food,0.097097
Steppe Grain Commons,SteppeGr Commune 856,equatorial_forest,40986035.161,0.999684,1.0,0.988635,0.997896,1.0,0.02,0.701654,185697845.695,103848013.593,38235452.769,2720086342.46,2923929017.205,2895939250.4,1922504997.094,1427325982.672,1051175367.36,1606524373.804,1711891831.704,2402661910.414,2114300662.483,227564741.288,871970.345,1.0,1.0,1.0,4.4e-05,0.85532,ecology,0.597239,ecology,0.078004
Steppe Grain Commons,SteppeGr Commune 208,equatorial_forest,68420016.546,0.999094,1.0,0.959155,0.993958,1.0,0.02,0.850028,87841092.22,60495613.603,31446529.074,4428853512.204,4271092640.311,4338849898.454,3770880981.934,2051796405.941,1438306171.17,2647157268.691,3246744853.221,3976948820.911,3709450986.535,72690507.91,1455611.23,1.0,1.0,1.0,7.3e-05,0.546916,energy,0.697717,energy,0.085353
Steppe Grain Commons,SteppeGr Commune 516,equatorial_forest,50025783.969,0.97208,0.961146,0.976429,0.852723,1.0,0.02,0.564976,44470799.252,43203152.293,25603709.753,2375331739.145,1587345625.225,1954178224.427,1439472655.382,920999221.741,715165098.939,1509287610.296,1222560352.872,2099196794.748,1264934290.245,95013307.15,1064300.168,1.0,1.0,1.0,5.3e-05,0.854977,energy,0.679961,energy,0.083594
Steppe Grain Commons,SteppeGr Commune 706,equatorial_forest,260682993.849,0.97023,0.917398,0.949032,0.884134,1.0,0.02,0.591471,76277892.491,0.0,18399757.434,10702276580.885,6006804860.14,8239218118.02,5322396998.483,2986608343.244,3446012570.873,6165014473.413,5222269372.606,7960371431.216,4901621203.612,53005185.925,5546081.471,1.0,1.0,1.0,0.000277,0.748503,food,0.867869,food,0.102943
Steppe Grain Commons,SteppeGr Commune 055,equatorial_forest,82574269.114,1.0,1.0,0.968839,1.0,1.0,0.02,0.727911,229391972.343,83616936.958,49843092.007,4680852210.274,5156905605.022,4705179322.475,3656597886.838,2314320295.834,1454955347.199,3033031098.03,3052501312.786,4851244505.753,3831326292.658,43600098.995,1756742.622,1.0,1.0,1.0,8.8e-05,0.694585,energy,0.628757,energy,0.080023
Urban Repair Web,UrbanRep Commune 116,temperate_mixed,168827273.047,0.997964,1.0,0.999131,0.986428,1.0,0.02,0.80763,273237735.589,399529316.627,108730177.369,9398291802.866,10999530508.696,9530802756.2,8980869852.472,6279043760.077,3621244518.365,6442341197.152,7480382351.076,10479145813.934,8585954968.69,565930167.565,3591779.673,1.0,1.0,1.0,0.00018,0.911043,energy,0.625873,energy,0.077238
Urban Repair Web,UrbanRep Commune 482,temperate_mixed,336872081.3,0.994764,1.0,0.983207,0.965096,1.0,0.02,0.663016,1117170711.163,2299727524.705,280175336.002,20679152248.997,18126358344.54,17976499849.222,14868895674.271,11819999120.003,7564851094.842,12879350780.9,11290173689.671,18753888153.63,12354584556.969,1606355568.581,7166880.556,1.0,1.0,1.0,0.000358,0.88626,ecology,0.607099,ecology,0.077895
Urban Repair Web,UrbanRep Commune 446,temperate_mixed,57182273.779,0.981801,1.0,0.97981,0.878672,1.0,0.02,0.610396,55854582.351,95312993.763,38741746.788,2908272933.909,2687134816.183,2267180769.233,1993998223.211,1577999336.167,1126375967.624,1961900692.077,1708174531.032,2932757738.682,1816929645.327,259042568.412,1216539.331,1.0,1.0,1.0,6.1e-05,0.941755,energy,0.616743,energy,0.077467
Urban Repair Web,UrbanRep Commune 450,temperate_mixed,176421828.952,0.992057,1.0,1.0,0.947049,1.0,0.02,0.709838,333531537.485,910430462.138,133364983.139,10542734450.133,12557071569.911,10073745836.609,8723553587.156,5698532968.904,4314848181.604,7379555138.056,8332515965.29,12150890672.165,8786008798.195,1131170524.481,3753353.839,1.0,1.0,1.0,0.000188,0.808913,ecology,0.60384,ecology,0.076312
Urban Repair Web,UrbanRep Commune 754,temperate_mixed,82670934.92,0.999508,1.0,0.986236,0.996723,1.0,0.02,0.616506,600532850.605,570900938.151,59818722.634,6043855935.876,6821636379.447,5788822027.678,4304366007.0,3242023068.432,2327213363.626,3958884792.432,3836338980.821,6263621637.248,4434573895.256,578307200.866,1758807.723,1.0,1.0,1.0,8.8e-05,0.66053,ecology,0.605834,ecology,0.077432
Urban Repair Web,UrbanRep Commune 817,temperate_mixed,204820298.136,0.951197,0.793232,0.984314,0.881414,1.0,0.02,0.471294,0.0,0.0,0.0,7193567683.233,3495759957.868,4735557430.24,3373189341.065,1864502453.579,2414328610.584,4373222391.733,3252594705.077,5949808927.736,3452138888.967,310155904.725,4357824.118,1.0,1.0,1.0,0.000218,0.506884,water,0.886631,food,0.101898
Urban Repair Web,UrbanRep Commune 690,temperate_mixed,254466781.76,0.99629,1.0,0.950224,0.975268,1.0,0.02,0.713822,223974463.257,632368053.586,150353198.758,13298154808.343,11832166689.633,14197129515.058,9668361868.167,6256773045.295,4471749494.898,8735970381.624,9498590589.302,11696980804.531,9385904830.111,104273377.536,5413675.675,1.0,1.0,1.0,0.000271,0.759859,energy,0.645288,energy,0.080161
Urban Repair Web,UrbanRep Commune 499,temperate_mixed,292062981.927,0.998367,1.0,1.0,0.98911,1.0,0.02,0.485858,3376743223.744,3504040901.587,280512837.863,23949677277.346,26427945603.996,23731000788.456,14170083078.813,14728678671.126,8739075715.868,14186530796.01,12341392608.04,24660219634.219,14546616246.778,2288493598.357,6213605.883,1.0,1.0,1.0,0.000311,0.932072,ecology,0.597666,ecology,0.078303
Coastal Wind Belt,CoastalW Commune 607,coastal_delta,374668423.66,0.992498,1.0,0.977204,0.949985,1.0,0.02,0.637354,509347550.669,3567833146.911,205370310.203,22798731650.325,28055539942.341,19814489295.305,16796032987.071,10691830415.096,8101473203.079,15328216774.139,13944908762.608,22207134827.99,14429732536.658,824288915.321,7970976.157,1.0,1.0,1.0,0.000399,0.575961,energy,0.665368,energy,0.082419
Coastal Wind Belt,CoastalW Commune 746,coastal_delta,163946629.726,0.995529,1.0,0.968633,0.97019,1.0,0.02,0.623254,205142404.942,319063006.727,69162657.711,8555661694.495,9243679670.743,7707927726.842,5823491420.016,4095237287.655,3272693819.403,5243792467.822,4550016880.805,7794392218.938,5640308648.859,423410068.858,3487914.803,1.0,1.0,1.0,0.000174,0.76229,energy,0.710823,energy,0.087593
Coastal Wind Belt,CoastalW Commune 001,coastal_delta,110734707.251,0.996476,1.0,1.0,0.976507,1.0,0.02,0.617876,984131727.124,1591083296.601,63194470.88,7655421491.253,8224493667.545,8872488535.139,5649179806.881,4555860161.618,3159063898.214,4971442984.618,5237209580.55,8132528382.273,5524776124.982,656200669.748,2355867.984,1.0,1.0,1.0,0.000118,0.515639,energy,0.664076,energy,0.081726
Coastal Wind Belt,CoastalW Commune 003,coastal_delta,161149340.134,0.982824,1.0,0.996238,0.885495,1.0,0.02,0.552792,0.0,38531087.356,0.0,7031648514.595,5939230632.421,5644822933.011,3885259022.481,2903406319.066,2386850094.133,4533426129.36,3824085012.774,5945645755.931,3582299676.365,132408366.087,3428429.809,1.0,1.0,1.0,0.000171,0.564381,water,0.893592,water,0.100025
Coastal Wind Belt,CoastalW Commune 378,coastal_delta,87718022.432,0.993856,1.0,1.0,0.959042,1.0,0.02,0.471192,482630155.972,915351793.605,66263237.963,5715938351.41,5421218739.375,5212110075.363,3693623072.458,3091898149.718,2029871791.161,3354200889.731,2800449545.439,5332860022.268,3011083668.043,459321772.614,1866190.698,1.0,1.0,1.0,9.3e-05,0.694976,ecology,0.598519,ecology,0.077427
Coastal Wind Belt,CoastalW Commune 384,coastal_delta,58434932.445,0.988851,1.0,0.982559,0.925674,1.0,0.02,0.509214,138115543.272,564682673.517,32659506.935,3493272409.469,3276724951.362,2749086094.127,1989928707.557,1678328933.966,1319404271.073,2194690497.595,1653247362.956,3063993686.903,2082610515.608,282952937.698,1243190.304,1.0,1.0,1.0,6.2e-05,0.550038,energy,0.655798,energy,0.081729
Coastal Wind Belt,CoastalW Commune 805,coastal_delta,72491653.935,0.997825,1.0,0.960149,0.9855,1.0,0.02,0.603218,66653702.417,270482874.072,37601302.253,3847515809.715,3395094859.115,3419571525.571,2674048192.172,1706267064.08,1324798706.193,2238180484.721,2078871665.613,3785707396.909,2354084377.431,136828816.903,1542234.28,1.0,1.0,1.0,7.7e-05,0.768094,energy,0.668318,energy,0.082629
Coastal Wind Belt,CoastalW Commune 692,coastal_delta,50339459.656,0.998337,1.0,0.990848,0.988911,1.0,0.02,0.857574,340257123.393,485665525.227,45183299.879,3278001558.819,3323834613.818,3006711770.77,2649650822.015,1711754228.667,1243720441.178,2076036647.365,2686728629.288,3159731939.446,2692583915.133,350800705.723,1070963.39,1.0,1.0,1.0,5.4e-05,0.857518,ecology,0.618076,ecology,0.077343
Subpolar Storage Rim,Subpolar Commune 756,mountain_water,123183895.569,0.962859,0.870138,1.0,0.882252,1.0,0.02,0.549268,92896479.358,59926715.93,81902776.264,4750522939.508,2580552861.54,3156193945.909,2339996084.777,1892910725.387,1798607938.28,3301359696.88,2430589146.761,4335173861.953,2312811623.057,383580134.109,2620842.107,1.0,1.0,1.0,0.000131,0.954342,food,0.717141,food,0.091223
Subpolar Storage Rim,Subpolar Commune 790,mountain_water,52407116.784,0.826658,0.241778,0.961167,0.846989,1.0,0.02,0.506326,0.0,0.0,0.0,1636612622.681,206632815.987,1068348549.523,586847770.73,84856655.305,555818136.075,889117168.636,554049136.651,1308053421.528,503203010.603,52661373.612,1125884.754,0.930155,0.997499,1.0,5.6e-05,0.679099,water,0.873271,food,0.103147
Subpolar Storage Rim,Subpolar Commune 837,mountain_water,116001127.497,0.996488,1.0,0.966264,0.976589,1.0,0.02,0.650263,121061726.483,58735143.946,25694640.885,6872942992.758,6016779861.379,5468367401.068,4513387829.321,3036761103.273,2144855322.565,3699883893.732,4168597318.76,5868888121.769,4178760674.533,125090332.721,2467887.154,1.0,1.0,1.0,0.000123,0.480902,energy,0.773184,energy,0.093893
Subpolar Storage Rim,Subpolar Commune 390,mountain_water,86879558.884,0.978266,0.859308,0.955734,0.9958,1.0,0.02,0.70036,37255692.394,0.0,22005400.838,3518021083.228,1829808674.78,2597108961.859,1686828338.301,863336857.123,1225531476.229,2178090230.673,1832197753.35,3104166194.653,2242397320.613,229109145.235,1848420.578,1.0,1.0,1.0,9.2e-05,0.868515,food,0.880022,food,0.104955
Subpolar Storage Rim,Subpolar Commune 669,mountain_water,134237321.573,0.886235,0.540344,0.967574,0.847965,1.0,0.02,0.669525,0.0,0.0,0.0,3517921641.659,633534498.864,1816303226.653,1502302183.903,497182926.911,1222417066.898,2200584202.448,1672647795.671,3025008865.903,1610604301.041,144137016.318,3092737.788,1.0,1.0,1.0,0.000155,0.977032,water,0.873202,food,0.103069
Subpolar Storage Rim,Subpolar Commune 578,mountain_water,66342961.871,0.999296,1.0,1.0,0.995305,1.0,0.02,0.72493,939899182.503,249411098.011,59490278.61,5588007120.686,6266009632.97,5685186458.929,4689072902.99,3097095647.573,2028699140.041,3419461903.095,3992700404.97,5385822687.298,4488456781.712,525653364.792,1411438.778,1.0,1.0,1.0,7.1e-05,0.704888,ecology,0.601529,ecology,0.078123
Subpolar Storage Rim,Subpolar Commune 902,mountain_water,86133923.282,0.99622,1.0,0.992638,0.974797,1.0,0.02,0.621999,175431154.431,73526124.832,65498344.864,6110513501.019,6345983725.95,5452201059.057,4451749186.579,3153673519.066,2096667143.68,3727929784.731,3894577474.587,5422685642.412,4422963312.86,378112312.966,1832485.397,1.0,1.0,1.0,9.2e-05,0.736014,ecology,0.594083,ecology,0.077294
Subpolar Storage Rim,Subpolar Commune 747,mountain_water,43026715.347,0.964538,0.912321,0.917101,0.851267,1.0,0.02,0.633875,20136736.908,7135522.984,20032471.097,1881177271.802,1184667200.664,1367131713.112,1051779248.02,646402597.097,635301551.959,973620527.276,863795706.233,1367233562.877,943742057.356,68673965.088,915395.194,0.911509,1.0,1.0,4.6e-05,0.994146,food,0.829077,food,0.101563
Island Commons,IslandCo Commune 279,steppe_grainland,99500972.793,0.996247,1.0,0.963767,0.974978,1.0,0.02,0.856874,85380489.671,185114864.841,67077794.087,4772315546.156,3969240024.262,4244751176.526,4108706167.615,2004432453.129,1753758339.538,3235707367.19,3402221375.1,4230419770.458,4222656818.053,162398422.877,2116850.123,1.0,1.0,1.0,0.000106,0.870582,energy,0.615415,energy,0.076314
Island Commons,IslandCo Commune 874,steppe_grainland,6416893.277,0.917738,0.610735,1.0,0.840849,1.0,0.02,0.692694,0.0,0.0,0.0,238912292.336,56243956.847,155751446.6,135830757.9,42565813.935,71179720.285,140145179.373,115780082.083,208422229.351,115030347.655,8414649.854,136537.254,0.647238,0.561125,0.542498,0.144062,0.541051,water,0.877534,food,0.101266
Island Commons,IslandCo Commune 839,steppe_grainland,28383169.198,0.984445,0.99451,0.977944,0.901788,1.0,0.02,0.680697,25233460.567,133444669.203,13275247.326,1325048217.669,1036791728.328,1047813713.205,1128104819.763,550322088.093,513232160.538,795489017.533,958560955.914,1420180109.412,988611604.357,89385780.992,603846.047,0.913271,0.82626,0.759241,3e-05,0.718856,energy,0.691555,energy,0.0853
Island Commons,IslandCo Commune 340,steppe_grainland,85086873.127,0.987507,1.0,0.995969,0.916713,1.0,0.02,0.676043,126244264.971,1257191484.494,64751934.973,4519883789.821,4653826357.952,4233105254.044,3780776878.998,2554823156.106,1731476538.259,3026981809.413,2782692575.868,4591852611.668,3090106896.147,371613042.527,1810211.261,1.0,1.0,1.0,9.1e-05,0.800708,ecology,0.603939,ecology,0.077624
Island Commons,IslandCo Commune 619,steppe_grainland,38109466.668,0.997099,1.0,0.977731,0.980659,1.0,0.02,0.781001,48402049.915,149234891.225,13058141.11,2227247216.026,2479630240.071,2666860737.888,2047046063.588,1048282608.14,614535273.887,1551766893.749,1590052112.186,2051499719.575,1876277552.024,6030612.497,810769.405,1.0,1.0,1.0,4.1e-05,0.526284,energy,0.736705,energy,0.090197
Island Commons,IslandCo Commune 706,steppe_grainland,68932642.318,0.998641,1.0,0.975963,0.99094,1.0,0.02,0.564062,865040458.064,2498999056.42,132828734.818,5403526813.502,5913526999.166,5996829159.652,3503905912.934,3357929625.798,1868768267.435,3493343078.804,2792751005.144,5058153726.018,3541761248.631,336299996.341,1466524.059,1.0,1.0,1.0,7.3e-05,0.872023,ecology,0.600543,ecology,0.079155
Island Commons,IslandCo Commune 594,steppe_grainland,39561659.055,0.991215,1.0,0.979942,0.941432,1.0,0.02,0.834468,70820392.008,678142548.605,49256296.795,2476230621.251,2495240490.529,2192592096.031,2037154988.942,1385791239.669,908240751.868,1491457054.166,1714597590.755,2471001186.69,1850943894.942,250352532.368,841664.957,1.0,1.0,1.0,4.2e-05,1.0,ecology,0.603886,ecology,0.077149
Island Commons,IslandCo Commune 239,steppe_grainland,11683976.403,0.975228,0.983762,1.0,0.851092,1.0,0.02,0.500229,8256110.999,38583361.942,8889397.493,626434338.912,536970943.574,538150423.203,341898896.896,286243530.677,222207914.608,359686938.266,330586392.033,651510734.633,341123851.256,53441116.892,248576.648,0.827571,0.733216,0.5475,0.129917,0.705865,ecology,0.656436,ecology,0.084701
Highland Care Ring,Highland Commune 541,subpolar_periphery,18176469.527,0.945642,0.713383,1.0,0.924228,1.0,0.02,0.580219,10865023.956,0.0,1396724.231,838690577.629,429928005.989,588814327.381,502138127.431,227509242.065,288737935.18,454375454.801,438739934.353,756724651.795,471347022.874,61627478.149,386741.057,0.69083,0.777053,0.926204,1.9e-05,0.555021,food,0.865606,food,0.104329
Highland Care Ring,Highland Commune 824,subpolar_periphery,22822180.41,0.919059,0.572777,0.988256,0.887615,1.0,0.02,0.740418,0.0,0.0,897420.163,802718806.616,379446918.266,575865012.639,538873333.141,239204296.941,304809213.989,524169017.499,535054818.809,862018722.578,505278655.291,79387018.814,485610.225,0.720029,0.880146,0.893402,2.4e-05,0.947951,water,0.8742,food,0.101741
Highland Care Ring,Highland Commune 139,subpolar_periphery,21191388.766,0.999829,1.0,1.0,0.99886,1.0,0.02,0.855743,70215006.943,8556047.023,19192578.035,1485466498.601,1794827768.563,1670499567.594,1523060641.478,905393337.707,571524065.653,1026957341.577,1230716817.589,1707736282.275,1339559653.625,134003096.353,450844.325,0.914542,0.924039,0.994684,2.3e-05,0.781443,food,0.751868,food,0.093694
Highland Care Ring,Highland Commune 291,subpolar_periphery,53631899.139,0.907894,0.42695,0.958305,0.959008,1.0,0.02,0.571835,0.0,0.0,0.0,1768446593.976,435966977.219,1027844621.066,807874246.033,275790403.457,600821486.361,1011554558.096,787217754.272,1450625064.298,809369816.097,101555488.527,1141227.918,0.82382,0.932091,0.948421,5.7e-05,0.938867,water,0.873385,food,0.102542
Highland Care Ring,Highland Commune 634,subpolar_periphery,58244252.898,0.827406,0.377493,0.935631,0.838316,1.0,0.02,0.57406,0.0,0.0,0.0,1838951987.831,669675655.564,1321353284.495,800257219.707,326756705.393,628816442.926,1189168352.303,877239221.727,1456424636.007,954249662.728,9344952.68,1257127.549,0.866935,0.89031,1.0,6.3e-05,0.625053,water,0.874848,food,0.103153
Highland Care Ring,Highland Commune 617,subpolar_periphery,10900810.031,0.920086,0.788242,0.994379,0.814709,1.0,0.02,0.629868,96867.925,0.0,1722888.837,531381113.491,414539469.126,372806384.505,329004261.891,181093636.982,173684595.214,310586782.802,278192103.061,496344467.279,246661980.613,32087548.65,233159.741,0.614162,0.603972,0.669727,0.081169,0.645139,water,0.875344,food,0.101617
Highland Care Ring,Highland Commune 128,subpolar_periphery,74862000.353,0.952196,0.768831,0.960966,0.912477,1.0,0.02,0.698439,35319538.499,0.0,28884236.495,2958306115.662,2037527920.814,2338878222.096,2071654996.497,861730161.808,1056280879.703,2013213186.666,1696831510.753,2807672501.225,2040984477.69,134476614.545,1592791.764,1.0,1.0,1.0,8e-05,1.0,food,0.872542,food,0.103699
Highland Care Ring,Highland Commune 710,subpolar_periphery,43186457.327,0.998618,0.996193,0.992922,0.994592,1.0,0.02,0.797441,146649833.454,27137533.559,34310141.008,2876800214.015,2636755559.483,2620198430.084,2343922255.09,1117019637.647,1079402838.653,1836998135.211,2226156294.815,2554670115.789,2384405206.522,261921558.535,918786.247,1.0,1.0,1.0,4.6e-05,0.577321,food,0.651382,food,0.083941
