Identität;Konkretes;Existenz;Linearität;Box;Zahl
Konkretes;identisch;"Stabilität impliziert überprüfbare Instanziierung hart erzeugt Existenz, 
2. Je stabiler ein Zustand, desto weniger Freiheitsgrade der Interpretation, 
3. maximale Stabilität, 
4. reduziert Kontinuum → Objekt, 
5. dieses Ding bleibt dieses Ding, 
6. projiziert Struktur in Realität,
7. Verdichtung Abstrakt → Konkret <- Konkretion,
8. Welt wird Objekt,
9. Fixierung von Geltung.";"1. Akkumulation linearer Schritte erzeugt „harte“ Strukturen, Stabilisierung durch Proportionalität, Konvergenz durch Iteration,
2. invariabel durch Widerstand, physisch/strukturell reduzierte Freiheitsgrade, Determinierte Zustände,
3. diskret / blockartig, Widerstand gegen Veränderung, Informationsfluss	blockiert / gedämpft, Modellierung	atomar / segmentiert, Komplexität	reduziert durch Fixierung,
4. Reduktion durch Fixierung von Zustand,
5. Struktur ohne Bewegung,
6. maximale Zustandsinvarianz bei minimaler Transformierbarkeit.";
Existenz;"Stabilität impliziert überprüfbare Instanziierung konkret ist Spezialfall von Gültigkeit,
2. Existenz ist ein Projektionsoperator, kein Materialzustand, 
3. minimale Stabilität (nur Gültigkeit), 
4. reduziert Möglichkeit → Ja/Nein, 
5. dieser Zustand gilt, 
6. projiziert Realität in Wahrheitsraum,
7. Verallgemeinerung, Konkretes → Existenzklasse <- logische Möglichkeit,
8. Welt wird Urteil,
9. Sein wird Objekt.";identisch;;"1. Lineare Abbildung erzeugt kontinuierliche Werte, Linearität transformiert, Linearität ist kontinuierlich,
2. invariant unter Basiswechsel, strukturerhaltend unter Transformation,
3. Komposition: ∃ kann über Mengen zusammengesetzt werden,
4. Existenz: reduziert auf 1 Bit (0/1),
5. Existenz: stabiler Wahrheitskern,
6. Existenz: Auswahl eines Elements aus Menge,
7. Kernoperation	Auswahl,
8. Existenz ist die minimale Aktivierung von Realität."
Linearität;"1. Diskrete Fixierung erzeugt lokale Linearisierung, Segmentierung von Nichtlinearität, Invarianz als lineare Referenzachse,
2. invariabel durch Proportionalität, mathematisch durch Constraints (Additivität) reduzierte Freiheitsgrade, Determinierte Zustände,
3. kontinuierlich / proportional, kontrollierte Veränderung, Informationsfluss gleichmäßig übertragen, Modellierung	funktional / analytisch, Komplexität reduziert durch Linearität,
4. Reduktion durch Regelmäßigkeit von Veränderung,
5. Bewegung ohne Verzerrung,
6. maximale Transformationsregelmäßigkeit bei kontrollierter Zustandsfreiheit.";"1. Existenz erzeugt ein „da“-Element
Linearität macht daraus eine gerichtete Struktur, Linearität verteilt diese Aktivierung strukturerhaltend, Linearität hebt binäre Entscheidung in kontinuierliche Struktur,
2. Invarianz: bleibt wahr/falsch unabhängig von Darstellung,
3. Komposition: lineare Operatoren sind kompositionsstabil,
4. reduziert auf Axiome der Additivität + Homogenität,
5. Linearität: stabile Struktur unter Operationen,
6. Linearität: Erhaltung aller strukturellen Beziehungen
7. Kernoperation Erhaltung,
8. Linearität ist die minimale Struktur, die diese Aktivierung der Existenz stabil über Transformationen erhält."
Box;
Zahl;
