t,gdp,real_output,cpi,inflation,unemployment,avg_wage,median_income,income_gini,wealth_gini,poverty_rate,avg_profit,firm_bankruptcies,firm_alive,household_defaults,bank_failures_step,banks_failed_total,bank_capital_ratio,npl_ratio,total_credit,new_credit,credit_growth,policy_rate,financial_stress,stock_index,credit_spread,housing_price,rent_index,housing_affordability,housing_transactions,new_housing_units,energy_price,energy_shortage,renewable_share,emissions,carbon_price,imports,exports,trade_balance,exchange_rate,gov_revenue,gov_spending,gov_deficit,gov_debt,gov_debt_to_annual_gdp,platform_user_share,platform_take_rate,platform_concentration,market_concentration_hhi,insurance_solvency,productivity,welfare_index,price_food,output_food,hhi_food,price_retail,output_retail,hhi_retail,price_manufacturing,output_manufacturing,hhi_manufacturing,price_construction,output_construction,hhi_construction,price_housingservices,output_housingservices,hhi_housingservices,price_energy,output_energy,hhi_energy,price_transport,output_transport,hhi_transport,price_health,output_health,hhi_health,price_education,output_education,hhi_education,price_finance,output_finance,hhi_finance,price_digitalplatform,output_digitalplatform,hhi_digitalplatform,price_professionalservices,output_professionalservices,hhi_professionalservices,price_exportables,output_exportables,hhi_exportables,price_governmentsupply,output_governmentsupply,hhi_governmentsupply
0.0,1394.270944249023,1221.1811839442228,1.2047378669328586,0.20473786693285856,0.0,2.464755957703637,1.4947892482437903,0.3940899449721702,0.5855510095137271,0.14,3.7511305256679286,0.0,80.0,0.0,0.0,0.0,0.10462820357408889,0.0,8156.917496143577,20.053380244955,0.002458450787866351,0.025,0.0,107.39401405653007,0.012,165.23926694720762,1.2834509218873358,0.7754061005611784,0.0,0.0,0.9414679313102138,0.0,0.21881838074398252,106.57033466174542,0.03,65.83837138391812,84.85760799034124,19.01923660642312,0.9900031840582476,418.5411309916812,151.5737316266891,-268.0863878789404,0.0,0.0,0.6559783004233736,0.11292283252062482,0.33564134495222403,0.24210149623892205,9.08632371986831,4.269864279525255,0.7319378727679979,1.1122444586012008,94.56417643136332,0.1653616113834919,1.056327644918752,158.6298892153962,0.0832897464559261,1.2513522589398656,85.311039389027,0.17487051855024804,1.3909427933091163,150.60950749595688,0.17122056312801953,1.3608438232508941,71.20443835564087,0.23542207277434546,0.9535804436987212,67.94214463206212,0.280828495442668,1.1142481058002716,103.43602156842087,0.1387637713627822,1.4521817858402868,83.45116081989708,0.22866490239088422,1.2165829952001506,67.6944605339954,0.34826389498781046,1.2045089381072192,102.67136398437313,0.17748694738736703,1.3077223535701512,55.51973362281713,0.3474250625235542,1.2535396226967475,98.20775298088532,0.18756777519458,1.361908051706752,56.7964590260938,0.2897130599704196,1.136064876073976,25.14303588829357,0.5605425257928119
1.0,1138.100088666477,1158.84424946984,1.1428082729411921,-0.05140503647431033,0.02097902097902098,2.440627545139399,1.3819454442884824,0.4080662223531335,0.6050371708907905,0.11333333333333333,1.7442908709109528,1.0,80.0,0.0,0.0,0.0,0.10723190594409,0.0023138594154687732,8116.623815586479,18.748750571637714,0.002309919862940327,0.0781160200598932,0.0,99.25041022023487,0.01390580100299466,166.7104747954971,1.2863360877737924,0.8099893713478913,0.0,0.0,0.9718526883518662,0.0,0.21888677687469957,103.16035824277297,0.03,17.3621551121377,86.8431452555497,69.480990143412,0.975034188831812,322.83819522600555,223.42856851164336,-100.49281047591131,0.0,0.0,0.6879853871860199,0.11510696093853807,0.3382783770737689,0.35225385183187213,10.008489733781941,4.138729462392286,0.7746075613273135,1.040627146977904,124.75508768548933,0.23299981205180453,0.9852458832479635,150.90173688378013,0.08887091992096222,1.1900520335283145,84.02625628470781,0.2898204244519578,1.3558452271273889,93.05797557349412,0.15043460408903203,1.2896918112795495,102.37062688701542,0.9391695156027435,0.9087355717428106,71.2567690229405,0.38735309290404146,1.092156602714163,97.5621022475787,0.16112571599775752,1.402785738645972,75.56237064384385,0.4633676281506246,1.1400947589029267,71.90269800882157,0.3076267202322929,1.182680232854526,80.30469116812534,0.1731869165295038,1.2218731684468134,65.36867935845075,0.6023285335356019,1.2190837748282815,77.33719803524843,0.18209569083355043,1.3094553454697273,42.51160183778311,0.3962127796148359,1.1434819279049453,21.92645583256088,0.5569615717315008
2.0,982.5315820275599,1036.3023220697694,1.1222844756505763,-0.017959090581130186,0.03146853146853147,2.457064729546899,1.3331622250764001,0.39592619765717885,0.6225178444996526,0.12333333333333334,0.4702121194385794,2.0,79.0,0.0,0.0,0.0,0.11150320397677138,0.004769922423190846,8076.147432962452,19.498953034314056,0.002414387948730345,0.06120683541022476,0.017217531158523463,101.29618524445263,0.014782094886363584,168.61154083881078,1.2899346414986352,0.8168808124818816,0.0,0.0,0.9865140920411772,0.0,0.21895518839186948,90.70317156258666,0.03,10.296806311171473,80.08388123758024,69.78707492640876,0.9680299506884779,289.59981381959113,185.98776598418604,-104.56443113681226,0.0,0.0,0.7216392143969712,0.11677944247228403,0.3348108960846575,0.3362089297407917,10.915134998085223,3.741163617580395,0.7845486655191564,1.0051010879050113,120.05827261691645,0.21711314792786954,0.9505783396362855,133.05149847306544,0.09069054507828606,1.1415240707703938,86.66160502121869,0.3371255541892922,1.2973760101720189,63.7574376743775,0.1782320804003676,1.2293492338431327,96.85019078124988,0.50403327833347,0.8892532843932542,62.87065686231847,0.33808145031870096,1.0974958219599464,84.7712803367472,0.16160201929746162,1.4202454761876264,71.03277655040036,0.3937364263964915,1.1413285786464946,63.547792558070945,0.27922821073311943,1.201145692482455,65.12219221429186,0.1756688515297067,1.3018256885344157,50.6350108598343,0.40990420002126604,1.2041779639674886,67.05934993687242,0.18970318596602326,1.3288847080978505,37.33957515518649,0.4318060661790296,1.0797354772263974,33.54468302921942,1.0
3.0,903.6064525857827,923.4316187086076,1.1162936621441493,-0.00533805254942535,0.017482517482517484,2.4530136575735852,1.4385320985044774,0.38078818569861683,0.637684786262295,0.10333333333333333,-0.5002137911957896,1.0,79.0,0.0,0.0,0.0,0.11716846580922044,0.0061263256297946446,8044.288759228467,18.662862948196988,0.002320014050563117,0.050661317859697456,0.015525325861308266,99.71329279467354,0.0140855984791157,171.0502938140377,1.294266603299266,0.8026693566680049,0.0,0.0,1.0244968126447056,0.0,0.21902361529520784,78.27333100598014,0.03,7.7367353153574525,90.59510351895536,82.8583682035979,0.9450824355581793,266.82417374262565,162.86713080736334,-104.77891291082511,0.0,0.0,0.7554056952676182,0.1187281608951505,0.334038191790934,0.32435785948230483,11.6806687762193,3.2862335185359703,0.8346875230373497,0.9723136151420552,125.15083052517568,0.2209920419532294,0.9313968679514014,117.8859026205194,0.0950268550649569,1.1273224643404085,72.2939601470881,0.24128090015427614,1.3520377887914294,40.05551562239272,0.21112452241488844,1.1918007954079801,97.03207416887932,0.5307621420482622,0.8873927915281358,56.27887059305511,0.3263532949277025,1.1183053176028395,75.94538325149394,0.16386103109389294,1.41661884930883,71.04823756113454,0.3662502919709407,1.1794948242070573,58.599442422961395,0.2722999818713584,1.2951644627243344,48.119131918389535,0.17618888749055772,1.3649038248646852,46.3843247011362,0.3935043959649171,1.2285592914372572,53.83367736425184,0.19175289893281422,1.4197707079096806,20.51661115632654,0.35161278886447095,0.9873923111647194,40.28765665580336,1.0
4.0,787.6007057182171,805.3336791428109,1.136869475806531,0.018432258786509805,0.04195804195804196,2.424887784688751,1.43132064717346,0.36554225670363993,0.6510225953577993,0.08,-1.2157656837249171,2.0,79.0,0.0,0.0,0.0,0.12357645685714165,0.009395603169614125,7992.252932536176,13.013668337381297,0.0016282853467265931,0.04701597617165941,0.013806493303791793,97.08442263431635,0.013731448138962151,174.0067338069512,1.299328194842152,0.7932848619341981,0.0,0.0,1.0001475537019007,0.0,0.21909205758442776,70.40953381178862,0.03,3.905651053647604,78.85349806160797,74.94784700796036,0.9401372804628384,246.89152819557034,150.16431749591518,-97.46651080467893,0.0,0.0,0.8028704724840009,0.12164889897707454,0.3347667062803449,0.31472641527745676,12.362562698593914,2.939174011470113,0.8142953417168822,0.9577213840538886,117.92730629078284,0.20256949135353985,0.9487652914010889,98.85406038067052,0.09823121581816233,1.141508416065128,59.88929414262217,0.22416315887835314,1.428816109343591,32.68959783543919,0.21250249340167224,1.1711785052755996,93.82824672517803,0.4503788277460662,0.8911553212569826,53.68659980525362,0.3355691205014674,1.1755459988735317,65.20105334630162,0.16506960334925064,1.4322621379989724,64.32901398944016,0.32474041905320394,1.2630132411168322,48.918044405149026,0.2662955798155663,1.4519984046938783,37.69674823017203,0.17676195165992337,1.4660657973809506,38.53104156117463,0.3826223988524586,1.3266460836978968,33.9652695164731,0.22926973694261105,1.4162323621597053,24.765054290888678,0.33799581651211974,0.9776914893516877,35.05234862326523,1.0
5.0,730.9996125297123,703.7629247462322,1.1746299377064442,0.03321442144721562,0.027972027972027972,2.4317401823961937,1.3980121481451835,0.35867185987535155,0.6631733368035915,0.08333333333333333,-1.9566640018879098,2.0,78.0,0.0,0.0,0.0,0.1293226484675291,0.012404042373287289,7954.10756579302,24.16461391391932,0.003038004416465309,0.04634937110817549,0.013741920242500483,95.74870547014672,0.013691660579658822,177.45563735826707,1.3051023204365562,0.8005312908043315,0.0,0.0,1.0253950781540406,0.0,0.2191605152592397,61.99053470527538,0.03,2.3024498556202575,86.27906938634361,83.97661953072335,0.944370487302794,229.65806474944205,133.38400093554242,-96.92496442830503,0.0,0.0,0.839717023953581,0.12388112140970196,0.33498099972487094,0.31145331758621175,12.562574528565642,2.5315213120368067,0.8127454472276876,0.9717971120216361,114.58179366238546,0.1952186902800657,0.9933438082661674,87.31372748362027,0.10163255547129413,1.1955331113139211,50.639379132537385,0.22741438618452037,1.5686243336372896,25.697391120541095,0.21361990787034688,1.1893348210714834,84.37950441701935,0.341714590617784,0.9019993357171224,50.35503647302391,0.33597395188209667,1.2065145654101974,51.080455042837976,0.19942610683326445,1.3420064987459117,49.70421293777433,0.3589540695524889,1.3592312655350358,42.871054356193284,0.26589398675696074,1.6842605346153876,27.659462515003362,0.17690661059005547,1.6165981271050032,31.683685928937365,0.37800072418737796,1.473264158989117,28.632468036176235,0.23030677213813205,1.4132280678369662,24.675671759561514,0.3352840938425773,0.9710979220444014,34.48908188062069,1.0
6.0,695.0976381431443,626.7057606963454,1.2538472201132698,0.06744020381559783,0.02097902097902098,2.3983692845649944,1.3629328420345983,0.35668574140367393,0.675280698043391,0.08,-2.2237687443560286,2.0,77.0,0.0,0.0,0.0,0.1353302345320159,0.014837715653396158,7925.635722987858,28.260258803002692,0.003565677226501265,0.051027314278818556,0.013926072096557978,91.50800629352567,0.013943972923596726,181.35502962402867,1.3115921133826656,0.8052855664623483,0.0,0.0,1.0266634544606568,0.0,0.21922898831935153,57.13154183234356,0.03,0.10834053696767589,82.06132291957368,81.95298238260601,0.9349051966407261,220.8147028096084,124.15905092778264,-97.25553307106537,0.0,0.0,0.8739680038026468,0.12588533686283954,0.33447256634680733,0.2975105497265661,12.239353000011542,2.238234859629805,0.787096895123451,1.0203393713306803,107.10501328974365,0.18132274061990855,1.0670651873397594,78.24535484815195,0.1031819104587993,1.2790009451128979,46.94162011216694,0.2307207823604987,1.9285679989105575,11.098680719002417,0.34435985433649596,1.2529038371975794,74.35414506724922,0.2959500749249,0.9058024662029844,51.27130973657094,0.3445436587763502,1.3105053716814354,45.783536285495686,0.20579042206120918,1.3962019455848094,46.91551924919917,0.3618483336544963,1.4765159383768327,36.16516656399853,0.2649632212509353,1.9636760840015708,21.27419393715859,0.1769856988224663,1.7739830676648287,28.86103995492399,0.3930792082987251,1.6544521904884544,22.415587317215472,0.23085184310410609,1.4216350797179733,24.78123993822187,0.33340435744907304,0.9934952838676548,31.493353677246926,0.6981455900539615
7.0,649.3000870704473,552.0791821531017,1.3655508675384014,0.08908872279913063,0.06293706293706294,2.3728901133094147,1.384139232127627,0.35929913718623707,0.6886345720350096,0.08666666666666667,-2.36222284638747,3.0,75.0,0.0,0.0,0.0,0.14085093241153473,0.018667569257764843,7880.163562794373,22.766486578521537,0.0028890880750257353,0.0634782520553305,0.014089546730106178,78.82320226500262,0.014582867275777144,185.21605586518422,1.3174710056202035,0.8097026561076955,0.0,4.5182852248787055,0.9864196072275757,0.0,0.21929747676446848,50.065267344971296,0.03,0.8660885924771448,86.95546829433485,86.08937970185771,0.9304412045277216,216.90149346219994,118.37767290294171,-99.04950586638043,0.0,0.0,0.9135459159601971,0.1281901971315603,0.3337744217394847,0.30542378407010506,12.32704449586828,2.059996948332469,0.7314861157421394,1.1012958595722573,97.39717452027305,0.15363603683691932,1.21451967600001,68.31371614053954,0.10427875821735912,1.4026647323184536,43.7117600052631,0.23888407637985104,1.8288354965438742,7.274474015552455,0.5294336087789144,1.341181862679334,67.9420755240284,0.28102559126177645,0.9343121780164299,46.155326147518124,0.33763311559705766,1.3713774981459337,36.583911740216124,0.25598702745676266,1.4799335732038923,42.37108030930057,0.3584183177053866,1.6220317218229054,32.09269458297027,0.2683702852729044,2.21185488454799,16.747820138120943,0.17694734022489086,2.0060374380666306,24.11786164032185,0.3922416359923025,1.8561685822648628,18.789058047192317,0.2315757553936434,1.4277545165441916,25.060772258122164,0.336483430878422,1.0516967745140802,25.521457083682723,0.6110179969852807
8.0,616.7248887961814,477.78402740886247,1.4881576058007444,0.08978555188014271,0.045454545454545456,2.3518786518741295,1.3526615130747142,0.35946565712343115,0.702156587321513,0.08333333333333333,-2.8010238264827274,2.0,74.0,0.0,0.0,0.0,0.14582901133181322,0.02339391484401153,7822.692544872371,17.564314312998302,0.0022453029071826916,0.0728681192483947,0.09396968416005459,64.26687216443581,0.023040374378425196,189.0562195618669,1.3234040000680152,0.8296334426869497,0.0,2.7917392672048233,0.963746852066003,0.0,0.21936598059429324,43.60923707819313,0.03,0.46237392878110045,86.74250448389719,86.28013055511609,0.9311225108680619,209.57016769995815,112.51756556877143,-97.51049912050775,0.0,0.0,0.9499397388040288,0.1303751905957243,0.33378806267482586,0.3143862769548743,13.685070751921252,1.7501246425233057,0.73173672835692,1.2622268799874765,85.00780022057651,0.14059007065836782,1.2915442738727227,65.63567170030286,0.11650288142130565,1.519329206332862,33.451504614886964,0.2784540940582224,1.9101493710690225,7.2118153031822025,0.5369480972282745,1.4771809293679075,56.69188500538321,0.26741506390626585,0.9965310371364191,39.48911131793593,0.34095859917287774,1.509476337483947,32.778665140212965,0.26407864386549035,1.6172799113127843,37.1202685098563,0.3519987859002554,1.6076897910885297,20.31339680690025,0.3604287577801829,2.4678118768434807,12.450726086000966,0.17703569211145925,2.1599980377890757,20.337280684386975,0.39797660971153087,2.0134493556351365,15.487576476486263,0.2317457905933514,1.4700071291730388,26.11970180932775,0.36001112354943343,1.1174535593053643,25.688623733423302,0.5772636674112227
9.0,612.3162564080094,436.79643388748497,1.6217805783144663,0.08979087429508004,0.013986013986013986,2.3344289284372826,1.3280989149242823,0.36162040748032975,0.7145652773713513,0.1,-3.052733284219756,1.0,74.0,0.0,0.0,0.0,0.15106337734325828,0.024546921764947507,7800.581822756076,24.182778328239422,0.003100124949358616,0.07014415448642329,0.2049222889268357,52.39086205392927,0.03399943661700473,192.79266118796477,1.3295357745913474,0.8413819200245113,0.0,1.912723130231325,0.9858419598094683,0.0,0.21943449980852597,38.93352891386862,0.03,0.0,85.23409779547151,85.23409779547151,0.9272433373556208,206.4427347614165,106.79695177909703,-100.05458503591508,0.0,0.0,0.96,0.13098007717173066,0.33380077171730677,0.3176005997372326,15.088182449375516,1.5489235244237056,0.7479729745057956,1.4715128936557398,74.79660625128479,0.1366965123991017,1.4898782962494144,58.4027754715551,0.11155606847758631,1.8013911146928587,28.823878234131605,0.2819889220096135,1.901007191009265,6.977203230301102,0.5462104092275583,1.608006930159688,54.73324742772918,0.28025950160075075,1.077017313265323,38.322011626296096,0.35521551707477633,1.610596557748719,25.013990565885404,0.2704926734974039,1.4464814041912242,42.63189771859566,0.3982777940690124,1.836260683881622,18.685306661663574,0.3770225580650638,2.5344898529902284,9.607265017768448,0.1771975552438057,2.2008537134661195,18.74676492032833,0.39924541884597653,2.1350001787650545,12.839329917982772,0.2320825394345632,1.6204695817122854,24.18933153684886,0.33928753419965035,1.2323913043868797,23.026825307114045,0.5408753921763941
10.0,602.6519572651804,380.48934413023875,1.7936436134720133,0.1059718173072254,0.03496503496503497,2.3180850794379873,1.3450443909483876,0.3592838547616304,0.7265185353135628,0.11,-2.891323463133348,1.0,74.0,0.0,0.0,0.0,0.15686511769639827,0.025780655437581977,7772.656195585157,19.00130754191444,0.002444635020999272,0.05418563070100083,0.2922290026293997,41.912689643143416,0.041932181797990006,196.5212962122455,1.3359618529824207,0.8482102402180524,0.0,1.2016654686717814,0.9952919492741851,0.0,0.21950303440686408,35.296978373971015,0.03,0.0,85.32106450327011,85.32106450327011,0.9305950023816255,204.9706111453146,105.07539437002178,-100.2658350482195,0.0,0.0,0.96,0.13098043127108291,0.3338043127108291,0.3129411867282658,16.009349223520363,1.3785845801820245,0.7174803233982516,1.731219111828552,63.7946340512404,0.13296367215991584,1.691492927892555,49.29756777258045,0.12124730074384431,2.0368081136947707,26.656825674412566,0.2780064891975676,1.914534434135279,6.798919636293437,0.5542455465170805,1.8154845826825254,46.54894618100524,0.2702771088045318,1.210320931056363,36.07287675289089,0.36994962616512606,1.7991167965714527,23.083870488029113,0.27845588825449546,1.5162413258673653,32.63212788925829,0.29939567180830057,2.05624723434334,17.259836008844317,0.39395499488823277,2.3506004923733355,7.671775571341742,0.17742240399767195,2.2464289270190116,16.580132386114578,0.401805052958617,2.084030095377817,10.755002371394394,0.2319861564653654,1.8798849114854197,22.43781196389255,0.3338535762112135,1.4090275290658576,20.899017382940777,0.5376131260237592
11.0,585.5317850925417,336.12710693935503,1.955729365547753,0.09036675449811635,0.027972027972027972,2.2761400517877965,1.3193380587465664,0.3574848905012076,0.7376745746962994,0.09666666666666666,-3.0263273873700696,1.0,74.0,0.0,0.0,0.0,0.1616442204744278,0.027085916595274363,7758.187931260712,32.81810994979301,0.004230125673748669,0.027764497922703916,0.37746907291889414,33.53015171451474,0.04974690729188942,200.265924515337,1.3427636490449906,0.8632366279055904,0.0,0.9806879350631756,1.0086324131426299,0.0,0.2195715843890025,32.226321613070056,0.03,0.0,87.72428733626506,87.72428733626506,0.9256413419545172,201.12828715003766,104.05281492881751,-97.41384859815739,0.0,0.0,0.96,0.13098043127108294,0.3338043127108292,0.3145974329963305,16.73308677201688,1.209090312731493,0.7244601609826447,1.8873736625121065,55.55531940123769,0.14011385880096794,1.935159650604037,41.745298010208046,0.11785561843239455,2.3359909123274067,22.34762365433341,0.2721454763851632,1.958247880737853,6.3582349484325515,0.5593121829372544,2.0500030743972766,40.101805755289476,0.26940967918068354,1.3920596112697696,32.50484276185311,0.36209954229434077,1.995024842732099,22.905174667413352,0.28051118107479056,1.6577720548794792,29.551939792043683,0.3084171851255379,2.2028200611945463,16.82940861914167,0.40647845248861036,1.9271923836095544,6.014104932863535,0.17757044120832785,2.264556896210443,15.324497048076626,0.40868727849355674,1.8341628089149584,8.656545504077114,0.2320138316708443,2.2031217289996827,22.32948270065553,0.3404119491454131,1.7817313989045047,15.90282914372926,0.5293373847107421
12.0,579.5287636134009,314.19658052306943,2.0711555529930514,0.059019509283162144,0.03859649122807018,2.2511972023720808,1.2898307216204499,0.3553484912070093,0.7475651053725303,0.09333333333333334,-3.041508159861127,2.0,73.0,0.0,0.0,0.0,0.16696361597773524,0.030507938896788406,7747.407011048738,53.1181162984247,0.0068562444470352275,-0.005,0.4458520936822406,26.824121371611792,0.05658520936822406,204.099957160215,1.3500003414993273,0.8848821658916882,0.0,0.7709217336162328,0.9866610519751404,0.0,0.21964014975463353,31.994323645524055,0.03,0.0,85.86565756711327,85.86565756711327,0.8971146380639038,204.03191540916995,103.31077779329212,-101.05707801415583,0.0,0.0,0.96,0.13098043127108294,0.3338043127108292,0.3167932015138713,16.759895006974197,1.1425330200838888,0.7269923753956318,2.236321829914647,47.88381449904498,0.13799988184438233,2.1754569941129507,38.33238802153889,0.1151463360054911,2.5358683563361626,18.982462573165577,0.2680779554379663,2.0443225438984185,5.63972463408485,0.563023857391011,1.9662163230986904,33.63109017895597,0.2512426051898832,1.6221022468059632,29.531383581627235,0.3621353319257159,2.0938796293743613,35.72556178322918,0.2845510580401647,1.7553218142257498,28.09577598579943,0.3136916589749873,2.4005582777128742,14.580358763775866,0.41311589488282846,1.5798224586341052,4.907147036729187,0.1777518654274805,2.1519814271204236,13.661365413531549,0.41492594370616454,1.5186907331260422,7.374235142431083,0.2322530234963686,2.5249526321533238,21.6719408431983,0.3823658848581008,2.137469211064096,14.179332065957354,0.5188235240136531
13.0,665.1940636266769,273.9227007971202,2.225520158621008,0.07453066738752784,0.11578947368421053,2.28795264892294,1.199148658680532,0.3829434845957924,0.7569196069506661,0.13666666666666666,-1.5120322944903675,1.0,73.0,0.0,0.0,0.0,0.17307997572367248,0.031521047009220614,7750.011287269362,47.10830785063156,0.0060784824827306416,-0.005,0.5019851983181339,21.459297097289436,0.06219851983181339,208.07383192603598,1.3576770501862585,0.933029590348723,0.0,0.33296042157007244,1.0057916274515446,0.0,0.21970873050344683,28.12890007274704,0.03,0.0,91.90710891226146,91.90710891226146,0.8813696839918588,208.391326840514,128.11265677886095,-80.57402351241691,0.0,0.0,0.96,0.13098043127108294,0.3338043127108292,0.3228595550010652,18.43668644685978,1.082698422123005,0.5951905394831798,2.6005647585613225,35.98902118619972,0.14702075774044263,2.3606282808314907,31.204786930191005,0.1120668814492869,2.4633839825540753,29.24041903708818,0.36606774806095727,2.134170812728696,5.397895961915728,0.5687222254958308,2.13898283134528,30.44427209319388,0.25238735103939414,1.9144295668850404,24.391693107209754,0.3420860548409552,2.3712212215307464,25.594384470457296,0.2277159469094502,1.898588456545166,24.41904600407838,0.31314148976870015,2.5072884369520043,13.538052881787221,0.422388165370404,1.2995084367808065,4.16299534546014,0.17797895728744695,2.0529263682646715,12.334543167557301,0.4231738132070847,1.21284469241514,6.657744262945567,0.23321951258143472,2.8598458721011935,18.083001370180877,0.42152804929601684,2.474117311029098,12.464844978855163,0.5125368169675082
14.0,682.0893237328216,265.5552902770929,2.341845525124937,0.0522688442310078,0.21403508771929824,2.298749393166825,1.1126809021822477,0.383345976295991,0.7675648456391428,0.14,-0.5192951378857936,1.0,73.0,1.0,0.0,0.0,0.1757743560399771,0.04543798251977422,7649.207911693938,47.09031393027374,0.006156234014541966,-0.005,0.5458569761895812,17.16743767783155,0.06658569761895812,212.23819745012813,1.3658375217614358,0.9824568989132533,0.0,0.21823422046657365,0.9675361293007863,0.0,0.21977732663512947,25.567629311565888,0.03,0.0,96.64909330991844,96.64909330991844,0.8456500615172325,205.56256968330257,162.9274676642255,-42.9035621268485,0.0,0.0,0.96,0.13098043127108294,0.3338043127108293,0.3269495930760961,18.828840187707062,1.1802457345648574,0.49464503850486446,2.847399716145177,34.3060271997087,0.15045997710475253,2.4155031072149358,24.11701370329905,0.12091291799696059,2.664176778699404,24.889063769556344,0.3325614893910988,2.2028216847231534,5.639226638082837,0.5810534041391323,2.2608012158760733,28.746283154928815,0.25361679467978016,2.1203912214290597,21.65816350584297,0.33535875431847195,2.728116573644309,21.562365812723275,0.22292739741443862,1.8779359840102419,41.05251059910585,0.33000686710984084,2.5403770800348293,11.947664884041782,0.4344321553649906,1.0756293238715369,3.7233605351194665,0.17827181091071553,1.9824860851512565,11.868698835391541,0.44000843253285504,1.0209573639163736,8.315318540936948,0.23811331589747872,3.1120879159647776,15.914741822463103,0.4513447545508688,2.6944630630409248,11.814851275892224,0.5082262316539607
15.0,688.7082328600487,239.34639862987612,2.4050008547118717,0.02696818765770871,0.3368421052631579,2.302588545956687,0.9620551289232817,0.4018816079512195,0.7775114849950615,0.16,0.48288792000781683,2.0,72.0,1.0,0.0,0.0,0.17390668966085254,0.06818802470323387,7478.9394731619805,47.46894786524023,0.0063470159152352506,-0.005,0.5888182678991036,13.733950142265241,0.07088182678991037,216.61845064326056,1.3744540046885962,1.0820803857557562,0.0,0.21635445909546608,0.9322436526353621,0.0,0.219845938149366,22.19651411655282,0.03,0.0,107.21242995903432,107.21242995903432,0.8231814360172233,200.96025856641631,203.4752561850694,2.2819342204292923,0.0,0.0,0.96,0.13098043127108294,0.3338043127108292,0.33262993004104197,21.72455123369049,1.2663830615337361,0.3374297789635896,2.8742815432747766,41.933866719246815,0.1475883718930502,2.468365356522671,20.90567686835568,0.11944355869235503,3.0352801482442495,16.132217843616857,0.4612366060312353,2.260648922113749,5.9085717892308915,0.5982195019127026,2.297501629856362,25.640040299496157,0.2410513712233097,2.1806905553955382,19.026792526476978,0.3238387233093136,2.925077041067021,19.295036702386486,0.22215359131220608,2.0520890112683174,30.178694033794827,0.24938063256142767,2.4754041339646826,11.488403416417832,0.45488799692567516,0.896632021340903,3.594961018212812,0.1786248822074352,1.8529221487611058,11.21223460567266,0.46164401938497335,0.8776957664914943,9.790708146163249,0.24637397081701604,3.3620620151020484,13.82150905549852,0.4452380092451993,2.8001601896722144,10.417685605306342,0.5071377850586882
16.0,673.9273437569574,226.8244778103851,2.3649439682875375,-0.01665566411165921,0.3719298245614035,2.3533202097029755,0.971916745691773,0.42289963526276875,0.7836267557218644,0.056666666666666664,0.5318648722122634,0.0,73.0,4.0,0.0,0.0,0.16435997783733194,0.11152314737479291,7141.32962316176,45.49953739023417,0.006371297754225446,-0.005,0.6301571975317316,10.987160113812195,0.07501571975317316,221.24984978214465,1.3835711577259062,1.1609474828020128,0.0,0.20931609690903308,0.962766450206533,0.0,0.21991456504583823,19.815698194587718,0.03,0.0,98.3565423272058,98.3565423272058,0.8048766658887267,199.14644064675392,231.95189090545622,32.597385427659134,0.0,0.0,0.96,0.13093364092785542,0.3333364092785543,0.3537885899882372,21.83526640686242,1.2671758536893023,0.2910806734859765,2.6894260646130315,45.52764007718683,0.14961448934584615,2.4350802746052462,17.813430592390482,0.11828048737930162,3.0422317973208193,19.103120931332434,0.566820874496253,2.3027750250234535,6.0917320655273866,0.6082810114643624,2.3057474488298473,22.851491093935657,0.23535035716252067,2.0261885770252106,12.59590957444243,0.4200992060470944,3.063044283183254,16.721419095345098,0.22298477470049596,2.206509719581343,26.544930579969545,0.24344894517421473,2.400011162813442,11.005303494067663,0.4765185380693467,0.7561984642476159,3.7507584748609397,0.17899228521083163,1.7724704724407747,10.791564359004996,0.49809784106342464,0.7594435676908607,10.434641311242505,0.2580582460370908,3.5180541851412275,14.085835748746423,0.4696679537533624,2.807602572021817,9.506700412332728,0.5068252499311761
17.0,695.9502359175808,220.63424102199494,2.3706820217079345,0.0024262957166600258,0.38596491228070173,2.337913979352808,0.9588658454388166,0.41557585465160085,0.78993265039165,0.06,0.6922709352388546,0.0,75.0,0.0,0.0,0.0,0.1708114325928617,0.11155720085569769,7138.876062134625,32.631354475701286,0.004570937244418843,-0.005,0.6783093945927089,8.789728091049756,0.07983093945927089,226.17295492860055,1.3932373132730973,1.19237825409013,0.0,0.2039675890888031,0.9637798398442867,0.0,0.2199832073242255,21.116827990681486,0.03,0.0,116.76779134846319,116.76779134846319,0.7784295398621829,198.7268700198168,233.26723823674712,34.31864152302816,0.0,0.0,0.96,0.1312838374530881,0.3368383745308811,0.3655101036828427,22.44548957865721,1.2607670915542568,0.2825923464800233,2.862844733258426,32.978082002321045,0.1277046136520852,2.3810057150833526,15.850275010063175,0.11761018327498503,2.6718843056338133,37.89759706692537,0.649693002204855,2.344482020319249,5.942815846487077,0.6267230417728862,2.3368374260958666,20.617337910927432,0.23334015539995714,2.1210304552514323,12.102146721735924,0.44002044029245313,3.134468035136496,15.467384553735425,0.22324039982852276,2.255629174400333,22.953411493604023,0.24100688717670576,2.3471154928685185,10.32923211803455,0.5206643279230293,0.6453664961401596,3.8267360380996758,0.1793978408479313,1.7370824349229195,11.73788465047312,0.5444293366040732,0.6753362762163728,10.879010691107004,0.28184217619662694,3.639441168388985,11.713611829046615,0.42535748655689637,2.893051994401737,8.33871508943451,0.5061115598287902
18.0,683.1114297413217,222.13750257483895,2.3774638271390374,0.00286069804765169,0.45263157894736844,2.3362138448105547,0.9636571989642468,0.4091129355809453,0.796079038246861,0.06333333333333334,1.1434852967049236,1.0,75.0,0.0,0.0,0.0,0.17685946516594075,0.11188356399471053,7136.394074421263,34.787441858463296,0.0048746525900455456,-0.005,0.6960507254476852,8.0,0.08160507254476852,231.4156700076504,1.4034876567747758,1.209156976074761,0.0,0.19074704845297655,0.9891957720946251,0.0,0.22005186498420443,20.530174485817412,0.03,0.0,112.75126290834422,112.75126290834422,0.7407468079312911,199.9967817446539,238.74902218685685,38.53667361010187,0.0,0.0,0.96,0.13197919085545573,0.34379190855455743,0.36262995791062125,20.798881516964997,1.4239583498387112,0.226837274637383,2.864178338851474,42.66680724235129,0.12551126494113943,2.3293089871186314,14.44488086361914,0.11714551901951334,2.8312173466561665,26.4733093740417,0.3750020556596134,2.3630943166787466,6.161769665256852,0.6512510924297514,2.3359589941456185,19.081895103589257,0.23533953423800005,2.191804960962298,12.163826356013326,0.4629943763941156,3.2061377210056934,13.246236120666778,0.22484414600463126,2.297004063399764,21.01319367171041,0.24318101230106878,2.347546229888794,10.445503615010214,0.5797169825357559,0.5611308641294045,4.218339724067433,0.17980812603139654,1.706577812153884,12.574456137965026,0.5942403919630939,0.6479556021937148,13.931980555732473,0.32071714429198944,2.96512829014817,17.68337927975236,0.46313674659597875,2.9400694366336357,8.031924865062676,0.5039310183426498
19.0,702.6197575925379,211.3952724334773,2.3518697574989815,-0.010765282461039548,0.4807017543859649,2.3050009751458758,0.9582699784176764,0.41980364162917705,0.801691017201936,0.0033333333333333335,1.5192944552374807,2.0,74.0,1.0,0.0,0.0,0.18271420996666843,0.1137099171391713,7116.9646425665815,30.427347181326496,0.0042753264501751865,-0.005,0.7055967571533849,8.0,0.08255967571533848,237.02110877982764,1.4143198450935113,1.2574532407631307,0.0,0.16919173902254547,0.9551231446557679,0.0,0.22012053802544906,18.884995166848988,0.03,0.0,127.08375799271428,127.08375799271428,0.6983970715214181,198.49285849108057,255.37223117694003,56.681080236607556,0.0,0.0,0.96,0.13228300324160533,0.34683003241605326,0.376074056773315,21.93664041136675,1.428346435361333,0.17656432812192613,2.7063751963956535,29.8260499646265,0.1265423780199331,2.276483689590455,13.294804550314964,0.11707761655489984,2.9946023983602412,26.51782554576242,0.38963414569774707,2.4115188105372476,5.944436945553944,0.6709984453657416,2.2650882927115585,18.10307294940131,0.24039516180669326,2.200814762658326,11.0809542488092,0.4845025696922901,3.2585618860380334,12.645932171778764,0.22757300103517186,2.298829276911794,19.416167390093825,0.25326240885216295,2.2921114119661894,11.998917398396372,0.6620523742955977,0.49846367841783124,4.591027699607954,0.18029285662189315,1.7730680912730916,13.081198952397362,0.6533674071468492,0.711067619898739,21.03998577512414,0.373291674868838,3.2172977783546455,15.909085651848539,0.38234635653614063,2.9971710340526787,7.945813189761992,0.5037003983324516
20.0,672.6350055067967,213.46162653214625,2.3040822340973794,-0.020318949741681337,0.47017543859649125,2.4328627342128315,0.9850174638280912,0.4173203802060843,0.8065248770007383,0.0033333333333333335,0.9153332434931136,0.0,75.0,0.0,0.0,0.0,0.189246851972728,0.11383235652752906,7108.327415376081,26.72974952032272,0.0037603430397006444,-0.005,0.7189992452887496,8.0,0.08389992452887496,242.9856919010168,1.4257674647395124,1.2533329246168765,0.0,0.16193687885747182,0.9692089499956141,0.0,0.2201892264476309,19.33723739528358,0.03,0.0,116.77697840048,116.77697840048,0.6707065786528715,195.4973327292262,269.5578632669904,73.85748954511374,0.0,0.0,0.96,0.13231323933849604,0.34713239338496027,0.406130379900763,21.405830111476387,1.4136531558420282,0.18770263615074628,2.792093880353468,24.283733502750568,0.12056621477944868,2.2479238923192013,12.125475172226983,0.11708832278166498,2.6615349935471837,37.8311849774783,0.38979917738714187,2.4329645951310552,6.422756916856212,0.7079869709017927,2.2194329144096114,17.123237775907832,0.2429256538821519,2.2361828306111957,10.252206364679843,0.521436891514685,3.1316008400297917,9.48026464349735,0.2965355395894469,1.8447592226995015,14.805528381081867,0.3537503183478239,2.2630216351004924,11.79774120089321,0.7026403552121803,0.45124891773076575,5.008814013810583,0.18081764640299502,1.9260744194576038,13.816718308665838,0.7182637930668676,0.9171252202039063,26.30376727001098,0.40171982064085376,3.44735486777433,16.72602498676534,0.42859129954802677,3.0209687418382405,7.484173017521351,0.5037033145556031
21.0,709.5378416593962,209.26243111756423,2.3131772261010033,0.003947338280305258,0.5017543859649123,2.4335044960582493,1.0014673770962972,0.42983249728537753,0.8117527567953062,0.0033333333333333335,1.5215564133828101,2.0,74.0,2.0,0.0,0.0,0.18764567014826047,0.13469061342574165,6942.256778974357,37.6204191727486,0.005419047489958533,-0.005,0.7289180499207149,8.0,0.08489180499207148,249.3288873791853,1.4378449361994932,1.228219827217526,0.0,0.16917679914248512,0.9712953668704899,0.0,0.22025793025041873,18.259651584976254,0.03,0.0,131.8418653123402,131.8418653123402,0.6374039461833294,199.40496447712346,270.730035176958,71.13334435819226,0.0,0.0,0.96,0.1321433093564266,0.34543309356426594,0.4060392752844039,21.580163901536686,1.473679092377213,0.16990493668525686,2.8300696329771786,22.279101849834305,0.12008234530437671,2.1290699709627794,11.590651637524518,0.11744640424745077,2.933374114689952,29.98042479891319,0.2743847510812468,2.464903088118049,6.4131246273324045,0.7555669212814684,2.0877409844346166,25.98350248453479,0.250823956107163,2.2453004576841677,12.190952859980591,0.603497922766466,3.2277101098843475,9.447242477452274,0.3061404936714425,1.7836082261847424,15.548247393233144,0.40524192657444175,2.219130387712605,12.51680708756021,0.7683179742161764,0.4189604879595492,5.4074945795584055,0.18132957255558707,2.0735088734357436,12.79534549151807,0.7201095442302825,1.1519809558391814,24.894936999140008,0.38002601868137487,3.6640435419916924,13.539315437661255,0.2987729251046598,3.1168863637987134,6.675283393321075,0.5028090981595182
22.0,716.4353405534987,200.09940862803217,2.2971339821874825,-0.006935587871303133,0.5157894736842106,2.444552364638325,0.9712695455180993,0.4380212171386426,0.8160630342457822,0.0033333333333333335,1.649457073199594,0.0,76.0,0.0,0.0,0.0,0.19426848811071704,0.13475938066046628,6938.1627415069415,32.61109832802196,0.004700249841781451,-0.005,0.749309276858803,8.0,0.0869309276858803,256.0483934006126,1.4505019311202485,1.3391525317735808,0.0,0.17725715367692674,0.9854133348076872,0.0,0.22032664943347882,18.01491000011652,0.03,0.0,130.28433318726488,130.28433318726488,0.6042452891168394,193.68708986655972,284.0703163118402,90.19406989027928,0.0,0.0,0.96,0.1324904374663958,0.348904374663958,0.4295696102567785,21.880941322455794,1.4499957146958853,0.13122570721154508,2.671713938119775,28.82399773620306,0.1203577191570225,1.9989886356418496,11.072108514021355,0.11784589999416883,3.1526191285877054,27.451766799877685,0.2801316059215122,2.4978209804225187,6.500100277794003,0.7921335435211541,2.124643249356846,21.048319297854718,0.2114530229402567,2.242901754486169,11.89785475314665,0.6240273631694726,3.316264304815843,9.493215307670031,0.3153524042949451,1.718146396539128,17.156633120646816,0.5266177274679567,2.158412089823433,13.161050069738373,0.8082486019303197,0.3997157446356117,6.102009424399853,0.18191059406150095,2.100371778915853,13.903662408452947,0.7769875720967759,1.316398190258746,12.695363272242393,0.45561269537176846,3.8154436492141612,13.913306961707852,0.3012316055049418,3.1814622545614584,6.880020684276428,0.5020641881631033
23.0,743.2556921548014,222.6563616978844,2.2806390638818086,-0.007180651382801105,0.47368421052631576,2.3778908888953656,0.9395527686411091,0.4387782634213411,0.8198133927667282,0.0033333333333333335,1.2959105791550114,0.0,77.0,0.0,0.0,0.0,0.20112933139391384,0.13493434361761997,6927.765187316939,25.758470161119018,0.0037181500043154667,-0.005,0.7556515554389662,8.0,0.08756515554389663,263.17114525683417,1.4637846319515466,1.3598980431576588,0.0,0.18275196196582158,0.9973079232385842,0.0,0.2203953839964748,20.27442116782676,0.03,0.0,152.842510186985,152.842510186985,0.5761808964108385,194.63851792608315,269.22665454082835,74.37525519248302,0.0,0.0,0.96,0.13207152646293874,0.34471526462938734,0.4433985908369586,21.405131327605677,1.4843757446525627,0.16335384488878513,2.7179180687712385,23.32925294266646,0.11446298073658083,1.8895254650635354,10.902128832011332,0.11838186495203155,3.3350651150004045,25.334943593243388,0.2857886933216862,2.5072551812286576,7.342859661117524,0.8318559989549015,2.006262397403601,37.337128797536415,0.21416064577215058,2.255879862058264,11.914004153029467,0.6651460374525123,3.3378038890076565,10.444435533134438,0.3271982324632825,1.6299791186809436,18.428042940786515,0.6295566831432319,2.214007834892755,13.422858083035443,0.8656427669558777,0.3893961199363975,6.539041273948128,0.1824330200577564,2.0232711684387974,12.715007735868527,0.7285508244862734,1.6382310606661563,13.563198516782457,0.45187343538873564,3.17835082910664,24.562702136848436,0.28905632833202294,3.1663170640574982,6.820757497875874,0.5034727597003772
24.0,734.1505148431913,221.91693854576116,2.319622004321244,0.017092989880250403,0.45263157894736844,2.3191071274393398,0.932943107819314,0.44054993124243125,0.8232758185645241,0.013333333333333334,1.1949988299711085,1.0,77.0,2.0,0.0,0.0,0.20252909703165023,0.13950523923991373,6887.821655642141,32.94931284823787,0.0047837058645744,-0.005,0.7607973478047212,8.0,0.08807973478047212,270.72484484316686,1.4777280737201544,1.326019516266293,0.0,0.1782844753946123,0.9979343924647551,0.0,0.22046413393906764,20.532742551607306,0.03,0.0,145.97532324335393,145.97532324335393,0.5516696917333775,196.0987316764982,263.0270310371921,66.712705563902,0.0,0.0,0.96,0.1325145503143284,0.3491455031432842,0.44678800792651757,22.55119997522478,1.4225444778574432,0.1772657327139583,2.7510781110099387,21.13405832200083,0.11462742242053522,1.735007256911213,11.127004182525043,0.1191231786165963,3.1613834660180204,37.280846792462775,0.29947927750496667,2.5175342780661523,7.456076902642119,0.8359330444541146,2.1232042338115087,25.865670666526086,0.176853837440647,2.280497762344521,12.98819607864144,0.7648683607091207,3.3953777624868224,9.74562739374922,0.33617979693733036,1.9917701838178683,20.867734540204605,0.5396726943568688,2.245827059189799,14.638690518321091,0.9141978062228677,0.3859493440556109,6.813094886386232,0.183016803792868,1.9686165674795708,13.380784911011254,0.7696696987375233,2.02038805450655,13.853416220990283,0.45104813458491905,3.30695437958877,19.369348831659636,0.23851602255478394,3.1001966435890616,7.3963882986405345,0.511846032638105
25.0,804.1300883043091,227.5683849031342,2.3285694899829013,0.003857303321398401,0.42105263157894735,2.3575033409632984,0.9248014105930827,0.43615957742441114,0.8269520228768268,0.03666666666666667,1.3300611261242117,0.0,79.0,3.0,0.0,0.0,0.19936163165565263,0.16883155194417496,6648.119769855184,31.982745584343025,0.00481079563719107,-0.005,0.7675725368512677,8.0,0.08875725368512677,278.73209676847097,1.4923425513245003,1.2886048977661584,0.0,0.18485308995770555,1.0100162388497502,0.0,0.22053289926091574,19.936624883101167,0.03,0.0,167.17767962905424,167.17767962905424,0.5373800263941824,204.0453636180748,253.60130619357662,49.346608014229275,0.0,0.0,0.96,0.13391718800255376,0.36317188002553746,0.4443256969882738,21.005280885115507,1.379202332746268,0.2181632183630916,2.7682871397484563,19.6154113179017,0.11597605804684259,1.5678601820508393,11.303174318853895,0.11997212971652774,3.259663492474911,30.077989448450893,0.23385614393460288,2.52530781532537,7.690815567202639,0.8506537366781968,2.1309915373415995,37.29049658526242,0.18924987656837033,2.2526157410683254,13.392597022919828,0.7783040285338709,3.445822278617215,10.033278299192656,0.34610158750440484,2.0252004100143126,29.570002047428105,0.0,2.287675097872362,14.298762902366313,0.8961912577179055,0.38977544135488074,6.961858497120193,0.18359855655838017,1.9652013656557306,13.108258248202022,0.8493186114952261,2.357565815042108,8.615853000823094,0.859164205063448,3.538559138253266,17.024384396248564,0.28749099761258823,2.9982584623018735,8.58550325116186,0.5106825684054687
26.0,784.9516788925822,231.37601272534613,2.325881521490865,-0.0011543432582104165,0.43157894736842106,2.3354344155374287,0.9102589177998681,0.442844712858975,0.8299713867856346,0.03666666666666667,1.205648265599798,0.0,81.0,1.0,0.0,0.0,0.20533676414055463,0.1687728973116326,6656.163528027488,46.043633035952304,0.0069174431851131285,-0.005,0.7883944458123606,8.0,0.09083944458123606,287.18316770485364,1.5075835956281853,1.3563070395592962,0.0,0.1783331083666183,1.0029698782100418,0.0,0.2206016799616749,21.719923106097518,0.03,0.8247111006578607,165.52991461114578,164.70520351048793,0.537253968344761,197.1171994722228,265.8290503744653,68.48379170962846,0.0,0.0,0.96,0.13523248181448239,0.37632481814482405,0.5033326444010828,20.34717495462999,1.4282469921317662,0.1987484682274276,2.5490811050557602,23.4945133838559,0.11757915282013205,1.4423250474137936,11.692540909931779,0.12097380955995922,3.40116314554369,28.31612096597339,0.24546411815469904,2.5569237235572184,7.283911911214336,0.8590587628809747,2.2053499902654647,26.490534879723874,0.16890058634260963,2.2648582705536713,14.000546442985417,0.877988032271618,3.486360923046747,9.967518304995414,0.364540601878586,2.2818425929020196,27.15783071104606,0.41616363887247537,2.3125056432084556,14.775315502720971,0.844613460407743,0.39672490653837983,7.149016190182281,0.18420094677717253,2.0399108970174313,14.103270732992224,0.9272977076269873,2.4721406776972152,10.55296462030089,1.0,3.1136435620166627,27.49225436889841,0.41133604009147523,2.9274533790232424,8.899673800525182,0.5085401639307268
27.0,754.9800486511567,245.10616320823792,2.3322994748362036,0.002759363830890547,0.3824561403508772,2.371140824093508,0.9351764537373177,0.4309873826089923,0.8324810018757047,0.06,0.4563588122346178,0.0,82.0,1.0,0.0,0.0,0.21008302749432364,0.17682786760300356,6590.6386881307435,35.88874340925953,0.005445412062095366,-0.005,0.790940150103664,8.0,0.0910940150103664,296.1144213408021,1.5235180751479787,1.3028460081273299,0.0,0.19268270750568636,1.0195567179793166,0.0,0.2206704760409983,23.82257354739288,0.03,1.8281698036696312,150.65327606458504,148.82510626091542,0.5431168836189847,201.1840672584247,250.831918383059,49.39771410238666,0.0,0.0,0.96,0.13661212375171244,0.3901212375171242,0.49234378989177435,19.025661638620125,1.392648654592261,0.26772185496968115,2.5849968858748276,21.109566024615344,0.11635469999298169,1.3378288887368537,12.345956900176372,0.12209405113224288,3.081976530894941,44.63825970263214,0.25737227984781624,2.5678730830804786,7.541652933477218,0.8857310098529247,2.321739216324841,23.264396166738635,0.17800268654496443,2.251009727701129,14.694893584590574,0.9603384949639361,3.5430178740210905,9.443406995628663,0.3716213869397989,2.396785570574118,23.251381437089552,0.325806794654426,2.3134280702806427,15.26727817324054,0.8008615478484088,0.40605044082319486,7.188950625907106,0.1848161410562006,2.106091240908457,14.075698095525244,0.9525084835271496,2.549566076052901,10.819880482176035,0.9595251138234948,3.1139586609895424,31.082092537930805,0.27455523900379625,2.875242184622011,10.382749548509683,0.5032251292967003
28.0,738.7300929304425,226.71711883773764,2.357710350398069,0.010895202711328572,0.4105263157894737,2.382559790431454,0.9346613420963737,0.4342042173086753,0.835091188440358,0.03,0.7206858394069225,0.0,84.0,1.0,0.0,0.0,0.21750976451873355,0.1773159187340512,6572.408029388418,19.338021174816582,0.0029423038083373596,-0.005,0.7978378499351497,8.0,0.09178378499351497,305.5309062103566,1.5401136813183072,1.3548327568081602,0.0,0.19239373881997213,0.9665676398492374,0.0,0.22073928749853639,21.29075071508428,0.03,2.4722837760672007,140.27026733556286,137.79798355949566,0.5384722186499803,198.3449585234067,251.84970039226346,53.28118898634838,0.0,0.0,0.96,0.1353788187039784,0.37778818703978384,0.4680514732102961,17.450208731288637,1.3495066597484384,0.2305259205749851,2.6285280711637573,22.18940200458204,0.11966904816012429,1.252872326048541,13.608421477398295,0.12358375014779191,3.272912703318014,33.74724440187806,0.19309046569480423,2.5360634403674074,8.737711000729988,0.9127797001938847,2.379498304440023,21.531654372992804,0.1942846011291378,2.1936957275743523,15.007913449458112,0.9196078440068579,3.509253779279955,9.49768504456031,0.38739162891531004,2.413638159084738,21.496878820759342,0.306905279997247,2.3607605440316255,13.712296343582095,0.6534150401895327,0.41355604144876534,7.445248480513434,0.1855561175351518,2.104821237070585,13.566751728312559,0.8523468892420047,2.6707174254221164,11.46492221727274,1.0,3.3759389704039826,23.414573127135448,0.19591945756636928,2.8403257268843305,11.296416368562419,0.5081708021659288
29.0,759.8105895189867,237.64123011381275,2.3355168598653337,-0.009413153964815213,0.41754385964912283,2.376634202849662,0.9175005459938661,0.44372642307328936,0.8396442615258932,0.023333333333333334,0.6457970574673676,0.0,85.0,1.0,0.0,0.0,0.2198987747568148,0.18775591120434534,6488.295282931319,38.77491002492272,0.005976132147827398,-0.005,0.7997824547391088,8.0,0.09197824547391088,315.45752294998493,1.5573949001307472,1.3744757187621186,0.0,0.19500300833382006,0.9433571012578309,0.0,0.22080811433393716,22.92866375271241,0.03,3.456454099569055,161.82826935655902,158.37181525698998,0.5351412789264923,197.30296045961606,251.50221585489246,53.95850442587292,0.0,0.0,0.96,0.13482063219720453,0.37220632197204523,0.4526873615870861,17.56311371074654,1.4315736753844142,0.21362319501051397,2.6158561420224133,21.928407099588096,0.12012173564748549,1.1817958221837237,14.279892896905043,0.12521081293714112,3.469856323465181,30.458713229460777,0.1949098812100018,2.5222994767851064,8.217246897061193,0.8848539207870899,2.250214750218671,27.003274332779146,0.2106087138396006,2.1500008376304556,14.1512267417592,0.8140445641341544,3.446306741985309,10.289513072060277,0.4051898584468789,2.4349795129542326,19.14578959948335,0.3025135508383948,2.412434762335816,14.613841626385678,0.5637768164495396,0.419625006885836,7.671137934111265,0.1862773860047728,2.0837128777035137,12.71699714448518,0.777831587837426,2.7787123494346626,11.015666972543325,1.0,3.297287380128798,34.8679267461529,0.200572361371268,2.8080059157788253,11.281595821037339,0.5517118727154519
30.0,789.4198345306967,227.38454678684283,2.32098557617495,-0.006221870601791245,0.44912280701754387,2.3974434909981324,0.9121595824954785,0.4473879747190055,0.8421562149576924,0.016666666666666666,1.1051325090995436,0.0,87.0,0.0,0.0,0.0,0.22689898589150476,0.1877570809077771,6488.245517991121,39.0919358627258,0.006025039551035573,-0.005,0.8073678695215497,8.0,0.09273678695215497,325.9090174083571,1.575358997853799,1.4136021799331309,0.0,0.22028578983352573,0.9876078405192003,0.0,0.22087695654684594,22.04078567684619,0.03,7.715033672553027,172.7069008975077,164.99186722495466,0.5242052982447293,200.35987716492676,265.10278226700314,64.51147685246949,0.0,0.0,0.96,0.13600820826288695,0.3840820826288694,0.4696992883687236,18.793293940820806,1.4483092152028205,0.1793709961271558,2.6426015974564914,21.7176571127788,0.12134576509724931,1.104585922297526,14.903029044890593,0.12699456141682272,3.3590968681267523,33.304141744433906,0.20226993406122576,2.515982767281942,8.420261439980157,0.87120206574463,2.2434690378411415,22.94937790466226,0.20174316293854394,2.143896496849299,15.55792265755919,0.9832594434549091,3.3435666026504527,10.515013071029404,0.41436738807723134,2.4405495657883183,16.534482481159383,0.29884038687510556,2.453713529816423,14.608867211447677,0.5462585398389744,0.4259960209312171,7.574923444235059,0.18696422162791634,2.129592285274473,12.434625789195184,0.7398552242968166,2.8632205049934476,11.226898178888876,1.0,3.4232244256576587,26.910480723626208,0.17822686210425548,2.8191008888273794,10.726865982956149,0.7044624816284502
31.0,797.5333445866517,242.14717699942867,2.2856231134657694,-0.015235968319742324,0.45614035087719296,2.412561792734998,0.9177882690771614,0.4432794828560518,0.8448331797525119,0.013333333333333334,1.2227964950282417,0.0,88.0,1.0,0.0,0.0,0.22941918857932392,0.1987355742789291,6393.407405597011,29.58173674023126,0.004626912515278532,-0.005,0.8084257067838203,8.0,0.09284257067838203,336.9116120841547,1.5940272711947083,1.4193073969289947,0.0,0.22368230707926356,0.9781583494563181,0.0,0.22094581413690534,22.1774615473647,0.03,7.81471482402188,171.79716194128594,163.98244711726406,0.5054640065640548,200.30643790548012,273.7958591587862,73.25655790705875,0.0,0.0,0.96,0.13589502105343682,0.3829502105343682,0.5010895785466734,19.48372740541692,1.5622398516092173,0.16925968239605022,2.493364859741395,24.60103549084425,0.1225817145074114,1.0802249025079058,16.010891046710594,0.12844217727593038,3.458986981295713,31.3574649716299,0.2009718962395368,2.5389319318079147,8.111907427715025,0.8366997427025831,2.191506943841963,37.46083294878237,0.20768490997150357,2.105789612600916,15.940686195494136,1.0,3.2629143928579105,10.868810026486651,0.42975878307905163,2.3998469981937185,16.672936789281945,0.2955787385646758,2.5068929223214806,14.902861045343116,0.6308762560994642,0.4316458638251942,7.466611205287917,0.18758107264508442,2.11038913553476,13.1874998127474,0.7748987360675121,3.003670967416386,9.994790138177676,1.0,3.6157511215197293,24.194502519158004,0.20018007250067402,2.887221185010317,11.376347381769687,1.0
32.0,749.5542085193293,236.02195314791746,2.2624748959729084,-0.010127749127353092,0.48771929824561405,2.439041878787186,0.9219312782790833,0.44904111605794195,0.8468179724726288,0.006666666666666667,1.0909373636720956,1.0,88.0,0.0,0.0,0.0,0.2370030486339604,0.19996799118027458,6371.376167995022,22.358547642076868,0.0035092179542606998,-0.005,0.8158585111586808,8.0,0.09358585111586808,348.4798477844927,1.6134033211222898,1.4324160207864003,0.0,0.23072446701607918,1.0056736707277603,0.0,0.22101468710375546,22.365129361873972,0.03,11.011429555877037,155.83355275120732,144.82212319533028,0.4814430549168905,200.62164443813063,278.66951956515504,77.81304126872473,0.0,0.0,0.96,0.13595457770212876,0.38354577702128784,0.4923826107679673,18.466738344249713,1.6165887201912155,0.1437008239187766,2.5042179494798797,21.56547507425643,0.1191646343030473,1.0570974551688168,16.57227403691728,0.1305497036161192,3.3407999030052196,40.9588876867339,0.2108690137850231,2.543364096797543,8.69286918776391,0.8742683265601918,2.162298224025178,25.848623069757096,0.17637090125593263,2.099816344963411,15.102170205292659,0.8837648987082721,3.182539204655175,11.039920723043991,0.4494685201977871,2.3329544793301173,15.942458556910767,0.2972464512511329,2.5395682379338007,15.860388148852746,0.6414706223527564,0.4385305983877384,7.263971389672256,0.18813957140863038,2.1127254130715554,12.862503786337102,0.7016814885463365,3.0485838792874262,10.826185032731708,1.0,3.7459902875205597,22.323453824226952,0.2203624187663122,2.973956132245443,11.16277242542065,1.0
33.0,816.6634715420886,227.3522417158572,2.232776054242191,-0.013126705531000498,0.5052631578947369,2.4405245797567,0.9124794929018716,0.45008336941314586,0.8486166731704805,0.006666666666666667,1.5525322155667667,0.0,89.0,0.0,0.0,0.0,0.244245849982094,0.20007546076105343,6367.098396201218,33.99159133235618,0.005338631385473244,-0.005,0.8172745279812235,8.0,0.09372745279812235,360.63535400269046,1.6334939565793116,1.5038426115938066,0.0,0.21851735733643007,0.9612546421805485,0.0,0.2210835754470338,20.82166737508067,0.03,14.087604058123166,187.75364528384853,173.66604122572537,0.4582365579214846,203.87257402182226,282.92466397026465,78.83346244100406,0.0,0.0,0.96,0.13465489487430143,0.3705489487430144,0.4951528638803801,17.62933769871445,1.612427246211753,0.11392205022721597,2.461049561649063,30.978333789555023,0.12153190486444151,1.0326687011375457,16.128733535735865,0.13376518889931147,3.301487907927711,28.849471095952563,0.19697801653355923,2.536831999787437,8.72360075678804,0.8458310111332714,2.1978812138728405,23.440892315844092,0.17829976819045942,2.1072924017674435,15.263665987338518,1.0,3.096889230343643,11.88318910657306,0.46556512852661835,2.142272841842918,15.311241111617798,0.3024227177915766,2.5527329723803147,15.628104583161571,0.6073774308974795,0.44341917895542415,7.249581028345952,0.18879464504614749,2.091412182513509,12.760065432449691,0.6699300825938078,3.037183477777171,10.671802995876147,1.0,3.8282980344414774,18.657394779390263,0.22164419984864836,3.054871645122042,11.806165197228621,1.0
34.0,820.0993948255807,227.49332713041898,2.2271300490529233,-0.002528693004630054,0.5333333333333333,2.4529101966428697,0.9065956086792046,0.4542226640091378,0.8503045049412286,0.0033333333333333335,1.7973850411242234,0.0,89.0,0.0,0.0,0.0,0.2514444033894323,0.20028839792292022,6358.6361002426365,29.103126389024393,0.004576944792911464,-0.005,0.817880263075079,8.0,0.0937880263075079,373.3934484223359,1.6543016708715337,1.5688746307231487,0.0,0.22624958800431652,0.9668826063956797,0.0,0.2211524791663751,22.114831817054405,0.03,27.69065329637347,183.5017805320042,155.81112723563075,0.45,205.4064611467375,303.43111104966795,97.79244416885138,0.0,0.0,0.96,0.13440160123986516,0.3680160123986517,0.4817330648685641,19.483283746135882,1.7104761438377367,0.08798281596906771,2.4465664400219373,25.09005884176743,0.11203394877416345,1.0079090272119955,16.074848969056973,0.13838588932784412,3.434436771451706,27.576609602969594,0.21264224261073722,2.5429469215004104,8.295807423176,0.7540723685394217,2.173075377704197,21.051217020783454,0.18469094678238349,2.11187846619961,15.675235129597738,0.9949547180962355,3.044938106404649,11.67344548593525,0.4933802680360215,2.0675467340017732,16.33830026253687,0.30451802533551464,2.5728798665279733,15.715501314302252,0.5965407030175189,0.4475808353225412,7.3881311124282405,0.18938806182154191,2.064154712587382,13.563360617305182,0.6831177886584451,3.279246619009603,9.31824661202427,1.0,3.3473520762243067,28.425885760542343,0.24841448821175155,3.1416327632333765,11.306678977993393,0.8321234589483182
35.0,788.7454942946779,225.22739694340044,2.196663812890135,-0.013679594586649382,0.5508771929824562,2.4751373158638637,0.908573405907307,0.45181576678586555,0.854549025218454,0.0033333333333333335,1.8139678311586898,0.0,89.0,1.0,0.0,0.0,0.24698289453863778,0.21888681508217173,6215.754004275857,42.3343540618764,0.006810815555563223,-0.005,0.8184410280485097,8.0,0.09384410280485098,386.7827509936754,1.6758413017637794,1.5866975747721623,0.0,0.2621313300218996,0.9801589513498294,0.0,0.22122139826141163,21.36538911938595,0.03,29.01920959440626,169.16659817778623,140.14738858337998,0.45,201.39539119679625,310.88909576556466,109.26936798301483,0.0,0.0,0.96,0.13382190686025935,0.36221906860259334,0.5199188709468057,19.587417341805228,1.759589038620316,0.0631356784233984,2.422368165691722,23.912404808919266,0.11166281619033026,0.9837471963941227,16.052142272833393,0.14427958155576354,3.3985923059006136,30.277194722519784,0.25119901305780007,2.5173462291282767,9.20872832907315,1.0,2.1467706567694265,19.92189470845158,0.19314229079110132,2.146815721175845,15.131733505385053,1.0,2.9733215389967613,12.588333101168637,0.5212489653405391,1.9455799607182582,18.92396213203743,0.3779274117588489,2.6099660313170014,15.747276038522214,0.6146084926776252,0.4512306816533209,6.978046002465402,0.18996828940052707,2.048698288073553,13.313290862684013,0.6639301200147851,3.1872023232161797,10.365860268530056,1.0,3.4426489737973593,21.86707512451134,0.21089721246795856,3.2313694452119828,10.939455066299121,1.0
36.0,782.2593841867948,224.2765300182242,2.1863975630962718,-0.00467356439962281,0.5709219858156028,2.5016288393055803,0.905783356000796,0.450333314591153,0.855834951520259,0.0033333333333333335,1.8309308582126866,0.0,89.0,1.0,0.0,0.0,0.2489879703181796,0.2275421124708237,6155.088607655328,45.92053285505615,0.007460580307153168,-0.005,0.8299464804851092,8.0,0.09499464804851092,400.82868279567464,1.6981325547493957,1.613373854099331,0.0,0.24651740691183577,0.9795661319822683,0.0,0.22129033273177284,21.346678554512778,0.03,29.148762193409148,173.53489524184556,144.38613304843642,0.45,196.1161458211601,311.0226378003524,114.68235185436993,0.0,0.0,0.96,0.13331379025898726,0.35713790258987244,0.5256382897966992,19.489670326566902,1.8086816936953565,0.05065048830010521,2.4149688975589862,22.60513870434743,0.11369360641327318,0.9937264869459528,16.890463621883615,0.15245860919412638,3.365718138323542,30.030862511594627,0.24887031755008826,2.499133203829151,9.883421265402031,1.0,2.111255534423725,18.34928593788937,0.20325929425332603,2.14923334960867,16.33801569362842,1.0,2.897283091565975,12.996994405914082,0.5280150063122221,1.9153935604042451,21.482576896412482,0.4422747996067706,2.6366551279834507,14.88887469561712,0.6168533589639549,0.4514209586448367,6.90214859890303,0.19064157592803985,2.008684792859337,14.102594348856671,0.6489296272547689,3.350290861325216,9.246326503474599,1.0,3.5894935640683054,19.052518927567085,0.21393986167721957,3.275767081300269,11.507307906733647,1.0
37.0,808.6903489353501,222.73587931324414,2.1751970612111626,-0.005122811182266189,0.5780141843971631,2.4990952126539856,0.8984920612387739,0.4590190876168223,0.8575681942018163,0.0033333333333333335,2.0630934168881234,0.0,89.0,2.0,0.0,0.0,0.2513903991674334,0.23891887235940873,6068.390767573936,40.926642604369604,0.0067442332196302425,-0.005,0.8354167806311392,8.0,0.09554167806311392,415.5579642016166,1.721198315878832,1.633117537770439,0.0,0.2526078431994047,0.996154679315196,0.0,0.22135928257708576,21.197788203718982,0.03,57.22850165922077,188.36806902751636,131.1395673682956,0.45,199.08712748552617,314.6321932228109,115.3224889611457,0.0,0.0,0.96,0.13461983719244508,0.3701983719244507,0.5074581362394934,19.621016372274763,1.825703928797083,0.03700144450497567,2.383001235727228,21.752140745189518,0.11549837888115493,0.9995744273536828,17.16268260796535,0.16416644711082928,3.3366147248565676,29.356397443274734,0.24823466687152151,2.534131783321566,9.85031498182386,1.0,2.032539918328924,17.54834424181212,0.2160132512085855,2.1894113481504354,16.408471985238805,0.8660604411078379,2.8403305198267113,13.276589771851437,0.5159035596180785,1.9962247061436473,22.267017797732272,0.3654418273567165,2.6397308647958204,15.200427723229264,0.6306625612156478,0.45246513721900183,6.8679301584007915,0.19108193938446338,2.074212041590524,13.282621307986709,0.6043923423120641,3.348884677664345,9.986490747064984,1.0,3.621366617334957,18.45285977716816,0.22604074323343415,3.310922408090672,11.323590024506146,0.9609177490525753
38.0,791.4676233878107,225.44440255429942,2.1629618501129877,-0.005624874783235639,0.5921985815602837,2.5398197443391117,0.9067156487290629,0.45612337440936357,0.8587807661965248,0.0033333333333333335,2.080075480108,0.0,89.0,0.0,0.0,0.0,0.2572000232523904,0.23838159635990835,6086.361563108522,52.74086574723215,0.008665417787026031,-0.005,0.8424645339345612,8.0,0.09624645339345612,431.00235970975024,1.7450659646178626,1.6457323360531115,0.0,0.24335722283145073,1.0072041237109641,0.0,0.2214282477969747,21.872904256808425,0.03,60.36397028074194,173.99440368662457,113.63043340588263,0.45,200.6161599903277,325.7803580704077,124.93453258538355,97.2032233403217,0.010234491433801115,0.96,0.13316512121282092,0.35565121212820905,0.503145503252812,19.33501824843899,1.9105457843584697,0.026163674417881033,2.33872505223946,21.007196425785136,0.11930651488221833,1.0205800529033071,17.20115202727396,0.18051292311721806,3.285794420980493,31.984341099558574,0.28851154009897967,2.5431358747008384,10.29688875156098,1.0,1.9775105519931597,16.444173055628376,0.23080453232683643,2.146646059315792,17.068752393912092,0.9289745517561045,2.728622697190448,14.945614561236164,0.5333656369410362,2.158274013933599,22.768055496520518,0.3456374308688745,2.699492886973394,14.655170886982702,0.6302757725502608,0.4522743918046562,6.781903702795096,0.1916675958063535,1.9954522539137796,14.65114135086793,0.6864084342181627,3.5372352295047333,9.627565234152659,1.0,3.633225689674326,17.141355021176548,0.23019291996722324,3.3554517084163904,10.871092546848692,0.678379193006101
39.0,746.7788955706108,222.79885083108667,2.1342497790168213,-0.013274423261171486,0.6063829787234043,2.5391965030268877,0.9000943763929712,0.4618357419443557,0.8598224327247044,0.0033333333333333335,1.8933631406834408,0.0,89.0,1.0,0.0,0.0,0.26109239998299316,0.24803480170470196,6020.929530953429,49.97279712008368,0.008299847534035225,-0.005,0.8423195262310779,8.0,0.09623195262310778,447.17846483087305,1.7697295226835132,1.710906349385066,0.0,0.2607860756329172,0.9972866170099194,0.0,0.2214972283910613,21.214316069021358,0.03,65.81082408866213,164.66370519770655,98.85288110904442,0.45,194.36625093921648,326.38088454462485,131.79188328668366,229.22477212170205,0.025579277155227266,0.96,0.1338046738494042,0.3620467384940421,0.47785285946446476,19.4190775163038,1.9543758844832164,0.0008301563076490437,2.3012010653316266,21.125972468741644,0.12369739216813425,1.0853102167713595,17.381643758592695,0.20083175972994255,3.2086002361312116,33.12918157047934,0.32947880132815394,2.556005116177236,9.997802680463657,1.0,1.8497415806441053,17.103362631950173,0.24836327036166486,2.2014580936973434,15.069885436041194,0.5264527583030817,2.6948135495360206,13.967144925202188,0.5171825703082854,2.2488168029493942,20.353801133978845,0.3354487688002402,2.640023055282731,15.19620020197771,0.6671193126577937,0.45240630590139114,6.895749813242819,0.1922747932022466,2.058484903136765,13.08785771079701,0.5825568628845185,3.223417186020039,10.977149277099413,1.0,3.5929015292821473,17.76057172258232,0.24328451104602608,3.391493281275697,10.75252749993765,0.7232492317124184
40.0,770.9626587965821,221.87154337725758,2.1131133342012016,-0.009903454142727652,0.6170212765957447,2.4839352557337695,0.8685090863623335,0.4645359051333713,0.86088035769879,0.0033333333333333335,2.0677945332168584,0.0,89.0,0.0,0.0,0.0,0.2668413071889174,0.24758996815356243,6035.315207620518,48.227991142667506,0.007990964760510307,-0.005,0.8482533357549275,8.0,0.09682533357549275,464.11055898176147,1.7951959712710879,1.8162659155785483,0.0,0.2617080227036412,1.018574192900889,0.0,0.22156622435896467,21.227008969321304,0.03,79.88266158041537,187.09861802688107,107.2159564464657,0.45,193.99930121165758,317.0516590745335,122.82947426869808,352.27699670912517,0.03807761122730688,0.96,0.13351750737839413,0.35917507378394126,0.4792343461789589,19.50257447342121,1.9988427331284466,0.0,2.261564284774639,21.573859476958525,0.13082632067998012,1.1143394689655173,19.49122838802716,0.21767164018131732,3.148751594467753,33.90754948408047,0.3330386412674777,2.5858748080685876,9.24753661731408,1.0,1.7518715009392516,17.81518989846309,0.264580520376292,2.2435061790093047,15.254526025151815,0.5046342863507107,2.667047676560893,15.267315446686156,0.5238945820775663,2.267855593527314,17.588269791531587,0.3418598975545958,2.714811787644258,14.269353943482123,0.6646758756634942,0.4538729656256232,6.749078339782751,0.19279498814137513,2.0347601817200567,15.043270916445971,0.601294649468695,3.2346109085605854,9.587432272598456,1.0,3.5857914275231733,15.534835453823591,0.23619346201960298,3.4220112631709876,10.542097322911818,0.6978159827243169
41.0,786.0835407458974,219.5225618745845,2.085197078296054,-0.013210960081182992,0.6276595744680851,2.490557037824427,0.8636328887691813,0.4663627592291786,0.8619510873399869,0.0033333333333333335,2.1620425880730063,0.0,89.0,0.0,0.0,0.0,0.27278663454366614,0.24722358379587095,6047.2027589629615,45.91313967184998,0.007592459109097849,-0.005,0.8480999446778225,8.0,0.09680999446778225,481.84790054505174,1.821520339683877,1.8250923826661267,0.0,0.24887422269528003,1.008574241916958,0.0,0.2216352357003012,21.507778426970837,0.03,84.94396410187363,201.00742962367428,116.06346552180065,0.45,196.85697488772655,324.5077978951254,127.42499133391567,479.92487163721864,0.05087721244634173,0.96,0.13340328096332207,0.3580328096332207,0.47823101465251233,18.912988873772008,2.051612727799855,0.0,2.1360985245425983,20.948778114214225,0.13509639474568272,1.136109754757296,19.070688673284728,0.22782535976073862,3.0955026119388807,32.76870007205987,0.3547308323404508,2.5948025234563725,9.671695093953677,1.0,1.6875293622397696,17.951246780777375,0.28162119785070344,2.300241092348684,16.025949566020493,0.5000500942429928,2.649131989105998,15.591556668434427,0.5158135323452617,2.2836271833686927,15.721577907803976,0.33751763879577396,2.7375765735922477,14.101504525259227,0.6984221468029226,0.4541446314998045,6.374521515001135,0.19331623128197226,2.041286380620509,14.680380961341456,0.5849190716976029,3.2935129791368216,9.439162657273636,1.0,3.567260396964493,16.971154714984532,0.2604743974078664,3.4081878328690776,10.205644624175743,0.6054473078632048
42.0,776.8831801474554,223.86829709698543,2.053693619543346,-0.015108144491767447,0.6276595744680851,2.4813170701776586,0.8595014416683653,0.4666598129697759,0.8630480504639415,0.0033333333333333335,2.1702377999222557,0.0,89.0,0.0,0.0,0.0,0.2782874112232781,0.24681880706395837,6060.377006417763,44.838072202102325,0.007398561534145501,-0.005,0.8479709213060707,8.0,0.09679709213060707,500.413314072166,1.8486960865604212,1.866094619336838,0.0,0.2762618498721945,0.9636018636810346,0.0,0.22170426241468463,21.82209850312394,0.03,100.60078228961585,194.8688755888801,94.26809329926424,0.45,196.47945246853348,325.97133238926347,129.26274788644716,609.4134511971489,0.0653694861263311,0.96,0.13252379283307175,0.3492379283307175,0.4895011317140582,18.952401436698914,2.0922270756727612,0.0,2.030744242646013,21.21143280206906,0.14332800071332832,1.1457740618960586,19.794802264869364,0.23841897323299646,3.0687899606233704,34.2733303388597,0.3602758933313707,2.6139048638580986,9.117482221776669,1.0,1.647080361687688,18.774679854013495,0.3002366671863107,2.3239407909964633,16.025759060689683,0.5133305232856966,2.6673039352938566,15.811551731384967,0.5200670666173943,2.261910499730426,15.589118428899003,0.3386605087224936,2.705062563170836,14.212399202865663,0.7483829662009536,0.4540862125216083,6.288919030405282,0.1939337060396069,1.9728700180338767,15.33135798891842,0.5816501382125319,3.3103585631428496,10.439837685921512,1.0,3.5639507049460426,17.269420062235643,0.29463470897237926,3.4183002545931953,9.72820642407698,0.6200966914817527
43.0,735.0821623985062,228.2577834999598,2.053343978382831,-0.0001702499132234635,0.6134751773049646,2.560791401531306,0.881936558687382,0.4704651036491003,0.8641167609317042,0.0033333333333333335,1.8253566718545122,0.0,89.0,0.0,0.0,0.0,0.2839366270652608,0.24639823376999828,6074.111235158689,45.02390713865732,0.007412427167623487,-0.005,0.8478007010612135,8.0,0.09678007010612136,519.8625418020878,1.8767792590282104,1.7835083259119588,0.0,0.29650263796206094,0.9757535960025291,0.0,0.22177330450172617,22.405648007677136,0.03,88.96839027506651,167.89026161448146,78.92187133941495,0.45,195.3397355585665,324.905011373209,129.33001651056188,738.9725997419937,0.08377437670037607,0.96,0.13264272853138592,0.3504272853138591,0.5069096476644386,18.36271203154065,2.0563764279275656,0.0,1.9937158422986296,21.328576442833825,0.15351977097960132,1.1863191484860962,18.575851351458105,0.24900975031293812,3.0180343128702503,38.67311338778983,0.462682489685434,2.623802721065608,9.216478582850312,1.0,1.6032734532189423,19.63899567922173,0.31052510584116083,2.3988448183875812,15.14373017418705,0.5338622375059822,2.6222274567213697,16.79682995007006,0.5766983021784271,2.277757554540689,14.579355066120414,0.34322144445775793,2.7241341293111216,14.402197075129711,0.7762265895380444,0.4527483813561304,6.4420972139868615,0.19456078338270774,1.9873552330428723,13.958393909861854,0.5283700087541425,3.4962089458053036,11.958173079433497,1.0,3.528262753764283,17.694514057958425,0.3293992725981064,3.417907237782862,9.849477529058124,0.6386593120678381
44.0,740.4129555846769,227.4432374521089,2.0582261771481773,0.002377681877340078,0.6170212765957447,2.5555503171549345,0.8736915424289291,0.471498718020003,0.8651265593447857,0.0033333333333333335,1.8841551361168034,0.0,89.0,0.0,0.0,0.0,0.28924324893941517,0.2459276962320417,6089.532772418635,45.87566446980152,0.0075335278065316435,-0.005,0.8476064737202698,8.0,0.09676064737202698,540.2072136262506,1.9057510336350845,1.8362192105600894,0.0,0.2955094494547158,0.9432605545389812,0.0,0.22184236196103435,22.207285662877545,0.03,98.1382805537766,172.00839236105696,73.87011180728037,0.45,196.20274513221844,316.40204608075913,119.96612444908047,859.1739834951547,0.09669986379613169,0.96,0.13285561563949486,0.3525561563949485,0.5090407262648031,18.397456698407623,2.0676657950191717,0.0,1.9537003060004066,22.113533247473367,0.1684383553934891,1.2178648947063664,18.350222033873315,0.2625239666632567,2.994735379380055,38.56450824012374,0.35980241554357106,2.622349619075144,9.357038644739152,1.0,1.5524451515732893,19.87507226657443,0.3152025379676392,2.410847384017462,15.875397364057058,0.577699003299642,2.680644799460402,15.504895198658232,0.5405617002081889,2.267474948707555,14.546567189986826,0.34165599248655326,2.7319966723486195,14.687007123297382,0.8462764554596534,0.45377691998699227,6.122395334087914,0.19523008823768698,2.0117421408828755,14.293748060685498,0.5282532945190959,3.8250607940587718,11.216767110121626,1.0,3.429693279917936,16.659162503836626,0.32243897562783913,3.3937287094066377,10.276923134593716,0.6684873823006279
45.0,735.8418447580074,226.09179864460296,2.070725848961135,0.006073031210922094,0.6028368794326241,2.6052853520205432,0.8906949561487834,0.4641837898435246,0.8688760068426211,0.0033333333333333335,1.6735944948780805,0.0,89.0,1.0,0.0,0.0,0.2903906860998671,0.25502303926329656,6026.678333434065,44.23102573069544,0.007339204663589891,-0.005,0.8473706445058417,8.0,0.09673706445058416,561.4939413987241,1.9356482818348935,1.8307330437355713,0.0,0.30890666254682936,0.9495195722588516,0.0,0.22191143479221503,22.038121799833323,0.03,94.73878613033865,171.3839526692196,76.64516653888096,0.45,197.56546016407594,315.8393289684969,118.04246852552268,977.4496285201379,0.11069516675393598,0.96,0.1330511117202124,0.3545111172021241,0.48874640092288624,18.124103504776368,1.9832613916193242,0.009309966316723872,1.8619579673325106,24.151376020502852,0.18095625591561834,1.2827577628268585,17.696968143244156,0.2771486776929426,3.0194209216243517,39.90821271725245,0.3487242446650428,2.6315790604821405,9.148919276663165,1.0,1.5610137151220136,19.190909393999885,0.317924491856336,2.4753266937794463,14.88202077592112,0.5521411868355899,2.629870595918452,16.065818307117613,0.6153745010574603,2.2915827132613855,11.98792198592359,0.34284772323807494,2.764480780305821,13.515559051097643,0.5677218918416179,0.45833906348457265,6.2751266900689275,0.19594555097545982,2.0451063576358663,14.531680601949697,0.5408004519519161,4.070665519455365,13.274567772383564,1.0,3.3495843841319086,16.20553763352154,0.3441170602982811,3.436192136553396,9.257180274956749,0.5587475765920675
46.0,749.6999783642932,228.88652242005043,2.069529638237207,-0.0005776770133663082,0.5957446808510638,2.5791467967836996,0.8752592569565164,0.46637418632741623,0.8697901971117858,0.0033333333333333335,1.710484030213044,0.0,89.0,0.0,0.0,0.0,0.295193307622508,0.2541993797164235,6052.890832040546,55.61628297045858,0.009188383619287787,-0.005,0.8528650449712714,8.0,0.09728650449712714,583.7563438289607,1.9664917812474905,1.8748155545188936,0.0,0.29993408041390973,0.9786142389740653,0.0,0.22198052299487148,22.12883533168645,0.03,103.67558594648662,179.39887732906982,75.7232913825832,0.45,196.3833696444828,309.53380443250666,112.91808201704117,1090.5991108160772,0.12122617294582771,0.96,0.13254544209209818,0.3494544209209818,0.534203795932692,17.779449836883366,1.9731596760349175,0.013884788980091933,1.788210784620624,24.090938304013786,0.18945973456288887,1.3285690694519723,18.17753092012562,0.290716997427417,3.0449213976695835,40.77139104268386,0.30843191762099603,2.6617149759761762,8.734688310118356,1.0,1.5067281963471952,20.281063034803022,0.32463348368535366,2.564818072870355,15.170625056261198,0.9791675259591054,2.5880295441539607,15.91527059290732,0.5522084350316285,2.212706185657598,13.41819218567216,0.35219400520863364,2.852255898203834,13.436257785431886,0.7903038266807585,0.46470467196864007,6.172901208875329,0.1967805441486018,2.021913281225549,15.376077846566929,0.5599527917482764,4.421360818171334,12.22860555971626,1.0,3.337773322478698,15.483113510181784,0.3619932206216501,3.4689857777149116,9.629867062692927,0.5730106603623774
47.0,774.0853757740653,231.43798311805628,2.0868899345685894,0.00838852269164399,0.5886524822695035,2.6098950196485178,0.8791170384184068,0.46700695376926826,0.8706449826097782,0.006666666666666667,1.7521506076480806,0.0,89.0,0.0,0.0,0.0,0.30115421448497065,0.25383125431464576,6064.661220366771,41.74196040868774,0.006882818164435461,-0.005,0.8524006049604888,8.0,0.09724006049604887,607.0454500405724,1.998347498670343,1.8747398957820998,0.0,0.27742609851942235,0.9571520089205653,0.0,0.22204962656860433,22.93205066710381,0.03,127.38097886410439,191.9639179697353,64.5829391056309,0.45,200.51649876581803,310.76686945592036,110.00958415809777,1200.841047745158,0.12927525883308286,0.96,0.13322860096992864,0.3562860096992864,0.5492139872569605,17.800810034329103,1.9613388399835279,0.01925995399037439,1.723643852718648,24.86836102979596,0.19597158505685436,1.3382977421654183,17.52093059363803,0.29973461227784204,3.096261356002673,41.8577154130445,0.2929681487775488,2.6997031382718926,8.4297975528963,1.0,1.4934328163225774,19.8225807529586,0.32235189963969146,2.5917806755295256,17.12357288738213,1.0,2.626072210246268,15.214292775164905,0.5481559042015346,2.2430467030764496,12.895691337138338,0.4174249328451679,2.8648116433347797,13.557981675997453,0.8941167498404652,0.4760420627255722,6.230892814769414,0.19763424781516314,2.151509073657534,14.65454431052379,0.5253426954359073,4.655500454073777,12.412014485528902,1.0,3.2869266433153457,17.283395378313624,0.4244298006108806,3.488210934737319,9.566212110904324,0.5708652450963921
48.0,767.8620717880069,234.82401204576524,2.092152888170671,0.002521912399356787,0.5842293906810035,2.5981379365419714,0.8686169846355236,0.4675112167970734,0.8714248561493374,0.006666666666666667,1.6052814891608997,0.0,89.0,0.0,0.0,0.0,0.3071108560758934,0.2534284730950899,6077.578863938352,42.71585453787276,0.007028432784530305,-0.005,0.8522035342932952,8.0,0.09722035342932953,631.4018635957051,2.03123705501994,1.8913586431577247,0.0,0.2901508528186103,0.9263155277122853,0.0,0.22211874551301147,23.08205200785257,0.03,126.02827181426149,192.64060306269525,66.61233124843376,0.45,200.30716037068112,310.9284709365276,110.37894901976404,1311.4607832969268,0.14232816364219356,0.96,0.13204824044591107,0.3444824044591105,0.5275068917486042,17.55932405770541,1.9568667670480437,0.025566386513319328,1.6678267764708092,25.28013870646959,0.20409606255891202,1.3489529006813357,16.967727345864976,0.307698359157628,3.1268121717704953,43.43365549238933,0.30193688740586067,2.7661090365366494,8.167430296953931,1.0,1.5108575120098577,19.106390511494435,0.32463488824991255,2.6010226517069417,15.129653686131302,0.4201977087438092,2.5950307147868537,16.58079935598971,0.650447996025186,2.2521280773975745,13.959781380796812,0.5111939407875792,2.8373960143619867,13.886132604970244,0.8143841437277797,0.4886735236036859,6.359213116259038,0.19847622576647916,2.2077418364195927,15.966673964381457,0.593127065079892,4.815992039812636,12.712827745846514,1.0,3.2235375483802624,18.19341754307584,0.48115019277504467,3.5589899364332296,9.080170295142063,0.5777530142023761
49.0,773.4399606548226,234.79315441832713,2.0969112456312566,0.0022743832381898407,0.5878136200716846,2.5738245290916546,0.8572444280167603,0.46873691704542986,0.8721510477203136,0.0033333333333333335,1.700374555904682,0.0,89.0,0.0,0.0,0.0,0.3128624440663491,0.25300071845716643,6091.342467439724,42.81917247712099,0.0070295132322642975,-0.005,0.8519809092206602,8.0,0.09719809092206602,656.8721347321012,2.0651976199340942,1.9119039322624174,0.0,0.27352446665330005,0.926035346559739,0.0,0.22218787982768834,23.085538005025107,0.03,126.20132710799041,193.80846369946843,67.60713659147802,0.45,200.75792716494524,310.15954964978647,109.15922433578848,1420.8623691787977,0.15308906114874166,0.96,0.13283296602356331,0.3523296602356332,0.5460601593457921,17.508956458422613,1.9730517178010682,0.01795260827885481,1.6606548493548297,25.4207232785568,0.2206562717185316,1.3527979027095391,16.79668566224229,0.3155510809377424,3.149764262572709,43.17920592714806,0.2742198443650673,2.75155542944566,9.117404916777952,1.0,1.4734698823960821,20.055159200467006,0.32646434501582283,2.5897641731128385,14.699072556928325,0.36138307475919423,2.588614246055244,16.979977119714018,0.5974485147174833,2.2131777039568448,14.589275194216407,0.5138580514800609,2.875533310928442,13.193088146723525,0.7698101989288576,0.5024559586653591,6.382778650536209,0.19931682859415265,2.2895132998501193,15.350843365223641,0.5512879582088315,5.013306097623311,11.390511069095236,1.0,3.1489522884333283,18.273903639380382,0.5148460621153452,3.612753822804263,9.364525691317276,1.0
50.0,755.0817075233516,233.25461480919253,2.076349701808857,-0.009805633817472308,0.5949820788530465,2.5701771015029133,0.8463134221346684,0.46851550259990904,0.8728131709754339,0.0033333333333333335,1.6835580430716097,0.0,89.0,0.0,0.0,0.0,0.31766779267921186,0.2520837635792572,6121.004159643374,59.27551011029392,0.009683951940615488,-0.005,0.8517394913651849,8.0,0.09717394913651849,683.4844740660301,2.1002304146520285,1.9849083648876145,0.0,0.2764943574855094,0.9320616230898255,0.0,0.2222570295122276,22.761203994337954,0.03,122.33678851882092,185.61402077606257,63.27723225724165,0.45,198.38994897213382,312.1339864186387,113.5050448045643,1534.6098121324146,0.16936465250958238,0.96,0.13206474171394433,0.34464741713944347,0.5659209429296108,17.517916952603862,2.010815644906832,0.0019928512746363314,1.5942586920683197,25.916147610202497,0.22434505992353942,1.2653801204537285,16.395854106999746,0.3226833227723044,3.1752338990529774,42.595373865301376,0.25921172048252683,2.764641600762618,8.759930836002418,1.0,1.4717502174235217,19.669527757991233,0.32371859433351047,2.5983536267372735,14.132427042407922,0.3349886966516643,2.6342629510731563,15.943994931729083,0.5356204407716033,2.2087832419807194,14.21091136942863,0.5100509036673679,2.8465299419151306,13.674553916278144,1.0,0.5130606218875572,6.173608506836112,0.2001946036872035,2.256764126263265,14.234984710045342,0.6283512329278109,5.100641793649697,11.651440659585148,1.0,3.0771480585978233,19.516174866446505,0.58372862579702,3.5922693252639193,10.379684629938376,1.0
51.0,792.9358609557883,234.95077794107422,2.07648035958536,6.292667193256593e-05,0.5985663082437276,2.56777231335341,0.8419726736615273,0.46985454094619583,0.8734481227790598,0.0033333333333333335,1.900627236452826,0.0,89.0,0.0,0.0,0.0,0.3233383011266978,0.25157742413125983,6137.475912252405,45.5693303785128,0.007424767287076688,-0.005,0.8512015063802624,8.0,0.09712015063802625,711.2901771252631,2.1363801638701285,2.0406187092171426,0.0,0.28071115934217455,0.9408494464320464,0.0,0.22232619456621924,23.43708030067095,0.03,143.10034863201054,202.71561601122943,59.61526737921889,0.45,202.97897619596338,309.01896793756634,105.79390239844591,1640.6427071728012,0.17242280533627746,0.96,0.13270142227230358,0.35101422272303584,0.5108551415673885,17.505314209812926,2.043050242965863,0.003009781876234352,1.5805218456095784,25.71026985884631,0.22304712223441328,1.1845699452857588,16.098772840536046,0.32949993068195216,3.221198154544553,42.96352646949175,0.22370405922215017,2.7576906672437693,9.169799030464493,1.0,1.5004044411320852,19.182770973065665,0.3238497554979081,2.5771502268836097,15.21920797478622,0.43965275752098143,2.584226748860943,17.50771270273387,0.5212951626704092,2.173524929874809,15.126017238648064,0.5069955800371176,2.8404938901331023,13.717318195727513,0.8231174919311908,0.5252754390044876,6.029953545012215,0.2009731693532476,2.376846518130029,13.507421348183296,0.585613078562973,5.236684894156234,11.349510977086661,0.8729126435750385,3.06171811067101,19.751004607969886,0.5311923377435044,3.5839026388927846,9.617492178522223,0.5701188929125531
52.0,754.7598294308495,237.8222890156594,2.0643364721991047,-0.005848303515223279,0.5949820788530465,2.564734720670167,0.8348251887227148,0.47080164173798833,0.8740538584669086,0.0033333333333333335,1.7139707460475082,0.0,89.0,0.0,0.0,0.0,0.3274717575567705,0.2503673833952384,6177.109661910261,69.40909731336298,0.011236500744249103,-0.005,0.8509074530649223,8.0,0.09709074530649224,740.3487902592648,2.173735452340364,2.0668382856757685,0.0,0.2744675782998949,0.9664376271013472,0.0,0.22239537498925074,23.61619166146384,0.03,135.99013927628243,180.38240590651728,44.39226663023484,0.45,199.91569447805568,313.63181314247237,113.46814865197132,1754.3569451679296,0.19369924894859797,0.96,0.13188397508871147,0.3428397508871148,0.515880718280754,17.424161429792775,2.0501921466867192,0.0011525064851014566,1.5573041075685787,26.651648721267748,0.24126534221719423,1.1281532161716998,15.870269341651476,0.3391340775423872,3.199044325931197,45.31523035398655,0.25611669247180796,2.7799972819436687,8.763156362693852,1.0,1.5042519379415957,18.999360645916482,0.3234878261234701,2.596978007914323,14.559743265719021,0.500083972628704,2.633057160654712,16.969463858075237,0.5000650772388969,2.1833286676437123,14.751653113463234,0.5090882307053817,2.83144314956032,13.712186839492496,0.6053847695745074,0.5341776225644493,5.923203412695941,0.20173357652400056,2.343933549001136,14.28711000517691,0.6540394933694358,5.208466442239623,12.564785219002367,1.0,3.0342451020335526,20.48895599175919,0.571803918681217,3.668672806488895,8.9655218847589,0.5201270788535537
53.0,762.96269439349,235.5173463576256,2.0633248417965646,-0.0004900511211054508,0.5913978494623656,2.567919722927379,0.8384536435758642,0.4693417960258921,0.8745598502851315,0.0033333333333333335,1.6480920080982457,0.0,89.0,0.0,0.0,0.0,0.3320731994163405,0.24933592664200938,6211.197778011621,64.67531088695179,0.010412695457212792,-0.005,0.8501892289060762,8.0,0.09701892289060762,770.7206216350115,2.212391064595218,2.083345151601357,0.0,0.2620406493035507,0.9454863549145729,0.0,0.22246457078090684,23.26713973981887,0.03,145.44519380683022,193.83952068714876,48.394326880318545,0.45,200.31345145750709,304.7155528439425,104.15779641916731,1858.7627115995424,0.2030202705473418,0.96,0.13164958370379587,0.34049583703795877,0.5352617751328866,17.210465778209567,2.0129687722873983,0.010545264642987773,1.5961616723906453,25.495374537124086,0.25877214814402544,1.078962467352626,16.257779747175746,0.35294441569979945,3.195837627542909,45.95575308864938,0.20936451351746027,2.810478223738069,8.381703032722086,1.0,1.5186327351168811,18.83816881598607,0.3214724773765685,2.589164056395318,14.327610220192929,0.5202686392245727,2.6210568242255188,16.288650571755102,0.5005126951688941,2.134411686046383,14.834080919826992,0.5112854955883174,2.8162157998000636,13.819780504719112,0.859006841649818,0.5418209278616067,5.918036939200442,0.20250452482611028,2.3552590316048763,13.550762004320003,0.5623184011430398,5.262736397750593,11.951544384559723,0.8413668067861102,3.018618452214832,20.30962076376794,0.35384789273569667,3.681454830587449,9.588480827625975,1.0
54.0,743.3293482895156,234.73385943565395,2.067211732767503,0.001883799822598001,0.5878136200716846,2.544544243168376,0.8386075513386697,0.47230663022425223,0.8750433036185412,0.0033333333333333335,1.5635086232453832,0.0,89.0,0.0,0.0,0.0,0.33440972818928116,0.2475775134431209,6269.965582400027,88.26546619154588,0.014077504099752888,-0.005,0.8495765950803522,8.0,0.09695765950803523,802.4494648321252,2.2523580166138246,2.125618273377191,0.0,0.252893926586889,0.9581790034744224,0.0,0.22253378194076964,23.225794107983113,0.03,131.15125168240067,180.03767724797984,48.886425565579174,0.45,197.88947469610883,302.58188003468354,104.44853450044087,1963.4555510672515,0.22011951539217706,0.96,0.1324982024893206,0.34898202489320607,0.5012097445380348,16.983009113701367,1.9892699952174064,0.010345465024748202,1.5521758403264436,26.094489986745703,0.276763783403872,1.0393121940218963,16.500627604763046,0.3630696537482729,3.249395391324088,43.366081996595774,0.18376058516581972,2.828485135484743,8.255519130240014,1.0,1.526861585952145,18.688997398862618,0.3185391663166138,2.6712567248771335,13.435285215825072,0.44901989626032335,2.6602477047472335,16.392849124712768,0.506526915638876,2.1476972043207123,14.638087232672131,0.5163353078582366,2.842806681273546,12.91935315109667,0.6215612581363816,0.5499444717716894,5.820695043043125,0.20325829169815976,2.3718986110074596,13.201324368033811,0.55065602617763,5.273374651364363,11.659639051216338,0.7006906344100414,2.9764286369635062,23.797473585494455,0.7613545956606259,3.6580746451073614,9.96343654635242,0.565400309057635
55.0,741.0425214519988,232.93207576121554,2.0777998889141394,0.005121950489542412,0.5878136200716846,2.544544243168376,0.8353768245595868,0.4724267305591463,0.8754960289573799,0.01,1.6313415189465974,0.0,89.0,0.0,0.0,0.0,0.3369990263942796,0.24598073170074045,6324.059428347951,83.32642183420943,0.013176097217033424,-0.005,0.8485265393419898,8.0,0.09685265393419899,835.5875356564534,2.2936580888293365,2.1633290778056122,0.0,0.2450229089086179,0.987308392450054,0.0,0.22260300846841866,23.005085918547465,0.03,144.61613583255183,171.4711049767551,26.854969144203267,0.45,199.60176899127313,297.8691823602451,98.0258599668272,2061.7252818722127,0.23184963775003398,0.96,0.1313474923342047,0.33747492334204704,0.5011785761455095,16.671093833136254,1.9740006420441996,0.007529982234240951,1.5802788450426482,25.889224247501655,0.2635266939791163,0.9985889591296018,17.05087812431186,0.3702018632420653,3.3480955721065984,42.67034061312645,0.17756684248393587,2.816073866822644,9.01614876898622,1.0,1.535240151098863,18.690163686591408,0.31470680819244296,2.675369605552478,14.39798788803947,0.5823077723155163,2.718026614106828,15.942841706299506,0.5129195792465413,2.132266079742483,14.764913344410585,0.5110897479928803,2.862438096866888,13.251881398774943,1.0,0.5542086706319217,5.673665615493329,0.2039444673810881,2.2436265950600105,13.76874847222256,0.6217371201349726,5.4657577469441865,10.941180009732076,0.6456526595678547,2.9207590506725274,21.393823235401037,0.2992172294547838,3.659004176373115,9.480278650324454,0.5136292820459352
56.0,749.4700924235336,239.20511771418936,2.066167781752368,-0.00559828076988227,0.5806451612903226,2.5506009598102017,0.8638134938706942,0.4678304499981194,0.8761552191225959,0.02,1.5407224013844858,0.0,89.0,0.0,0.0,0.0,0.33776760359819225,0.24356536956868136,6407.2320156861415,113.10038347651287,0.017651988128355785,-0.005,0.8475724640413381,8.0,0.09675724640413381,870.1998340204326,2.33632786534153,2.182074494512949,0.0,0.27352214750333853,0.9978137641634376,0.0,0.2226722503634307,23.76130054053458,0.03,139.04566059450156,178.40244755817844,39.35678696367688,0.45,200.50758329709086,295.16907836332973,94.41200141056325,2156.3788366849203,0.23976705435880236,0.96,0.13216441386410682,0.3456441386410682,0.44336299947123786,16.46179525316955,1.9933759809515779,0.02325456059113029,1.5828927096887564,27.095724054764702,0.2864800963416869,0.9758943954508815,17.021470681996785,0.37426896605648247,3.344956334942346,47.82049648197338,0.18797398107671173,2.8467373983200845,8.521283854083364,1.0,1.5466181975697453,18.53551708193864,0.31262549007372326,2.5828198131966444,14.355865162524127,0.5160294180376471,2.7469017061562,16.68432220934593,0.5200842612507274,2.136862091106463,14.779820935233882,0.5110752758012038,2.810311009725771,13.52467346932868,1.0,0.558573469395507,5.6259261714684365,0.20474349315089857,2.234390826272894,12.755745537386668,0.5147443976612096,5.380135585567245,12.70017703672858,0.0,2.898730983334428,20.994441780328774,0.2665869674981652,3.7038418762949097,8.789653257087421,0.512469645648874
57.0,783.9819786206647,233.7685537609341,2.0879630451687325,0.010548641600576905,0.5734767025089605,2.5873951378092594,0.8726355893196285,0.466716011441336,0.8767588043000727,0.02,1.7118683335952787,0.0,89.0,0.0,0.0,0.0,0.33972076103843774,0.24159539551424838,6476.299064767554,99.17070679636097,0.015312867087295387,-0.005,0.846126441757924,8.0,0.09661264417579239,906.3683714466929,2.380423848619762,2.120572137160413,0.0,0.2627979250800725,0.987489265270314,0.0,0.2227415076253799,22.61770220974959,0.03,150.5629888505293,187.95349790412598,37.39050905359667,0.45,207.99700389693774,295.7485527807248,87.51406301058469,2244.1423933511805,0.2385410267231224,0.96,0.13109141314557687,0.33491413145576854,0.46897506602233435,16.44807557004332,1.9161356865650336,0.032694938348441394,1.5433288427908858,28.045802063229534,0.2841636543288795,0.9448197815893881,17.428170985324282,0.3787673856843047,3.46733571492599,45.19258945086068,0.17253571571788334,2.8580936888940722,8.327625948440815,0.8772369880478232,1.5873227391995786,18.25867108446829,0.3111015245729918,2.582123589408813,13.033754932335734,0.5091770280387513,2.8140976357327636,14.94950330876421,0.4670957611684865,2.149501859858377,14.566800042199965,0.5115299411930885,2.838010725087605,13.223826404752073,0.5711898059682313,0.5577356330778219,5.339276263401264,0.20543525233901214,2.193372404734026,14.527529067653829,0.5005511453498865,5.683544912207016,11.552970246128123,1.0,2.920766449297027,20.46471490843983,0.26534360665326806,3.738689311970798,8.857319054935491,0.5115231152500748
58.0,760.4868206878903,245.77052595624386,2.0848305530026963,-0.0015002622643558998,0.5627240143369175,2.5867491583265436,0.8769146755300907,0.46998060787440865,0.877308753484813,0.023333333333333334,1.472959871232662,0.0,89.0,0.0,0.0,0.0,0.33935189469437843,0.2383965990267116,6590.880033445672,146.6591591127157,0.022251832588135154,-0.005,0.8449470133219211,8.0,0.09649470133219211,944.1485284565744,2.425960170730684,2.101192790298439,0.0,0.2750939709139347,0.9662486756939838,0.0,0.22281078025383788,24.079541382474687,0.03,120.31942207690018,172.04010814236335,51.72068606546317,0.45,205.65562221864715,297.57331165773303,91.66485425456992,2336.0447334789524,0.2559812861457511,0.96,0.13105635561163897,0.3345635561163899,0.46684036530005135,16.242116928025276,1.9661642076499508,0.049621065851442214,1.544457490051894,28.228959612418972,0.26054914614348557,0.9537637343918185,18.02589456022765,0.37987448965545906,3.452510770921944,49.35160658374104,0.1797027573636813,2.948205515675227,8.089671189955308,1.0,1.599553680844547,17.83190741513365,0.31131654963725025,2.5828589220240903,12.896134076388226,0.5000231210435064,2.8241863077842924,15.839500205127958,0.4997131383758132,2.1685487600333007,14.148838186091371,0.5144278390994471,2.8051927931241294,14.422384838191519,1.0,0.5621801268186092,5.490761613314758,0.20631408176074464,2.1988106440556607,14.84746964356695,0.5076964443874843,5.511039620038366,13.471178086299906,0.0,2.900810384276259,24.487442013451357,0.6633781669645996,3.782177016470752,8.6387779323352,0.5127693797692473
59.0,827.1351977413783,244.4204942826147,2.100160328724992,0.007353007993967092,0.5627240143369175,2.5867491583265436,0.8713221034780686,0.4692966510972645,0.8777785981335817,0.023333333333333334,1.9952333771438462,0.0,89.0,0.0,0.0,0.0,0.3385618105144569,0.2345415697193814,6733.120244692182,175.76442428136423,0.026104453491666353,-0.005,0.8430297802267246,8.0,0.09630297802267246,983.5881555318325,2.47293879429933,2.1232441826643336,1.0,0.2628946908808156,0.9640206833779911,0.0,0.22288006824837345,23.76776107346221,0.03,164.53750966385542,188.43315728593336,23.895647622077945,0.45,217.58992794684815,291.939782670671,74.10029323255145,2410.3978618960195,0.24284601724099306,0.96,0.13115880257709378,0.3355880257709377,0.4476409211997646,16.044672828173415,1.9553639542609176,0.0454223917907608,1.5291105085969048,29.17193741596981,0.27019055599990377,0.9538747169428442,18.60386856404555,0.38173882425299605,3.601837824022484,47.07640297325575,0.17029321618405688,2.920683780657725,8.877663657557159,1.0,1.6081991294957425,18.197676207709947,0.30779909052788296,2.535521141198276,13.321229507988685,0.501437552528192,2.8328173302928676,15.86711064683746,0.4501437848518229,2.150466601758392,14.77323779285911,0.5096331671737959,2.8324157495698943,13.12395617465982,0.43378770853738235,0.5607924724281529,5.355564053721028,0.20723234772591193,2.1745284485884877,15.40290187514169,0.5216282859639284,5.741290711923305,12.433006660699661,0.6668519699592594,2.9012636663303355,23.19457491032057,0.25925816782519123,3.810539659498318,9.021363841848451,0.5869782252663809
