automation_level,capital_stock,current_labor_type,debt_value,education,expense_zw,happiness,health,id,income_zw,kind,last_output,last_profit,name,net_worth,output_good,positive_liquidity,price,primary_labor,sector,unemployed_periods
,,teaching,0.0,0.7367194501205437,2.805363067789624,0.8440045446065438,0.767754407451361,H00001,2.128783303319228,household,,,Haushalt H00001,111.14176226919759,,1.7261352508023322,,finance,,0
,,manual_basic,0.0,0.5504933373018366,2.7652779909696426,0.5272008491684183,0.6689525446716708,H00002,2.2538077177112754,household,,,Haushalt H00002,108.74404949751043,,5.883447425679129,,finance,,0
,,research,0.0,0.9397594904997394,5.597260887458087,0.9980165077512294,0.9238293068347171,H00003,5.573837021673871,household,,,Haushalt H00003,154.77231175246882,,4.696783942653603,,care,,0
,,logistics,0.0,0.8943981775232338,3.0874739618482523,0.4244815746659544,0.6646377425784556,H00004,3.145725334782341,household,,,Haushalt H00004,86.26590331177158,,1.9969112895568923,,mining,,0
,,legal,0.0,0.6230454005445046,3.7535604428341283,0.994542656250983,0.7859343473324079,H00005,4.149241531254413,household,,,Haushalt H00005,111.1013429776427,,4.62777976916417,,legal,,0
,,agriculture,0.0,0.7488193356385601,3.3039163620662215,0.5991331708739167,0.6635916325944042,H00006,2.610548046057719,household,,,Haushalt H00006,120.2579407342071,,3.084365951206032,,finance,,0
,,engineering,0.0,0.6427088214042708,5.421111678209535,0.7092724651230956,0.746436422899791,H00007,5.382293929441118,household,,,Haushalt H00007,137.09458656509096,,2.385845975788647,,engineering,,0
,,public_service,0.0,0.6628584387706717,3.7263865495746686,0.9048351531882343,0.7639993607826047,H00008,2.0753279792768917,household,,,Haushalt H00008,115.64257599385174,,3.9312032728787085,,public_service,,0
,,logistics,0.0,0.8713794182191367,3.76457545459279,0.9950673141244372,0.830152936366441,H00009,3.264671458840652,household,,,Haushalt H00009,139.46962884664234,,3.0559525036436823,,logistics,,0
,,management,0.0,0.7340430052898534,4.957408710030286,0.9080398092765897,0.8164242420437988,H00010,4.969402316099075,household,,,Haushalt H00010,118.97915538692702,,4.567685952829738,,health,,0
,,hospitality,0.0,0.7282582456969419,2.576117942818645,0.8442244802023862,0.6841588290112443,H00011,2.481622732481352,household,,,Haushalt H00011,96.20035151749173,,2.020233558647522,,hospitality,,0
,,engineering,0.0,0.7633345328418806,4.71999266390337,0.8987239158554003,0.7761977987065617,H00012,5.224417483772599,household,,,Haushalt H00012,138.97481855668497,,5.864362497977295,,hospitality,,0
,,creative,0.0,0.5038223857480042,2.8845009386787,0.46674345938255546,0.6993169580902197,H00013,3.407091062268042,household,,,Haushalt H00013,97.06202018688472,,4.009523374399768,,care,,0
,,legal,0.0,0.7945504017542863,3.139335808032344,0.4677003231870492,0.6424070736094826,H00014,4.1243578956751605,household,,,Haushalt H00014,100.33630681501045,,2.79930816479995,,health,,0
,,management,0.0,0.8221573976474743,5.151335335284505,0.9970319515496634,0.895003317290819,H00015,4.979870691128961,household,,,Haushalt H00015,131.73585761102564,,11.241991675913575,,security,,0
,,hospitality,0.0,0.6347659249941581,2.904866421609831,0.9612263593067036,0.7540648658513465,H00016,2.4876138685988094,household,,,Haushalt H00016,104.92042949429351,,1.6740086542243444,,hospitality,,0
,,retail,0.0,0.6977495238099818,3.3702619465415045,0.9812531396126676,0.7801788042096992,H00017,2.5649640250043793,household,,,Haushalt H00017,111.2049369317757,,7.178044242648819,,retail,,0
,,energy,0.0,0.7676270948620764,3.244390950415974,0.5451032064905934,0.6142009718555598,H00018,3.773876886962491,household,,,Haushalt H00018,108.15096713551613,,2.1290135036976823,,finance,,0
,,teaching,0.0,0.7348781182868699,1.9226816004692298,0.7278976293186806,0.7378995213626578,H00019,1.9995171574014021,household,,,Haushalt H00019,108.05972164704927,,2.0533079124901135,,energy,,0
,,engineering,0.0,0.6544223074608193,5.232667517098892,0.8588773790961441,0.8210692144698293,H00020,5.410869367267048,household,,,Haushalt H00020,137.30947270043274,,3.609345421249873,,engineering,,0
,,construction,0.0,0.9759148269851549,3.9339158287471703,0.9948755120968289,0.8156041418278019,H00021,3.9489002292669544,household,,,Haushalt H00021,113.53371836922173,,3.987582354984055,,logistics,,0
,,manual_basic,0.0,0.6224766250296496,2.0787599638809326,0.713177974690347,0.6315088681271668,H00022,2.2531129221161423,household,,,Haushalt H00022,98.50218726853892,,3.9898917717105857,,hospitality,,0
,,management,0.0,0.7727790672575569,4.52930751584672,0.9954192431662945,0.8015362717604516,H00023,5.137998430850461,household,,,Haushalt H00023,126.21300153010914,,5.180383186617913,,security,,0
,,software,0.0,0.8181246983630478,4.7961987947014215,0.9961972421803369,0.8376199248868567,H00024,4.792534517969887,household,,,Haushalt H00024,129.47102826811602,,2.327914456472733,,software,,0
,,,0.0,0.6194886606222325,0.7404880216289389,0.13711177648740588,0.6093858146164507,H00025,0.38549999999999995,household,,,Haushalt H00025,94.01279332960986,,1.3315613785836085,,finance,,4
,,public_service,0.0,0.6786044386663022,2.4419292724698956,0.5022474897744533,0.6777286448049841,H00026,2.0177195057744757,household,,,Haushalt H00026,97.9817785410928,,3.1644803189549147,,industrial,,0
,,maintenance,0.0,0.7442455764778839,3.192204994990723,0.7075530912828802,0.7440916168217637,H00027,3.434743356512592,household,,,Haushalt H00027,100.11858309500174,,1.4382080852235304,,maintenance,,0
,,management,0.0,0.7907675292275098,5.234766859600697,0.996656356576925,0.8542244524999362,H00028,5.032189863276476,household,,,Haushalt H00028,132.52909495298508,,14.28464361981915,,manual_basic,,0
,,industrial,0.0,0.5778329389353744,3.3376426388592297,0.40750098395932094,0.6795885941298059,H00029,3.565184401209181,household,,,Haushalt H00029,89.7950164582219,,2.5230444806431147,,industrial,,0
,,environmental,0.0,0.7534983981763207,3.03257505065737,0.5362016289404863,0.6834072235043789,H00030,2.1870963852534544,household,,,Haushalt H00030,103.9315838752034,,4.478378838846946,,finance,,0
,,engineering,0.0,0.8396028281994151,5.197439259360721,0.9960580902177631,0.8240378832685286,H00031,5.228250678209145,household,,,Haushalt H00031,128.69350204403267,,2.4937933994613846,,logistics,,0
,,hospitality,0.0,0.7358849106500983,2.440270364022607,0.5654718887872194,0.6436668505189649,H00032,2.5013002710477212,household,,,Haushalt H00032,89.79458340805243,,1.3965698916212799,,hospitality,,0
,,manual_basic,0.0,0.7642942254661957,2.588119176239592,0.6848830743161288,0.6836980655375136,H00033,1.2427892072544058,household,,,Haushalt H00033,114.95939412189716,,3.0763650274635563,,agriculture,,0
,,software,0.0,0.5364388921628976,4.730072563789265,0.9955345405705065,0.8317239643375004,H00034,4.705515760819348,household,,,Haushalt H00034,124.45815483697783,,5.561038432584699,,software,,0
,,engineering,0.0,0.7572199840194128,5.179069697586181,0.9836652843484844,0.794162720109337,H00035,5.392033746556333,household,,,Haushalt H00035,139.4678209158135,,7.006956802110764,,agriculture,,0
,,security,0.0,0.5630211106412729,2.9435192370954097,0.6605689057131151,0.7376791588605891,H00036,3.530237814608093,household,,,Haushalt H00036,96.58599688664846,,5.2368462352203995,,health,,0
,,,0.0,0.5883626170844857,1.172749143892509,0.46821070800781417,0.6940053453836837,H00037,0.37124999999999997,household,,,Haushalt H00037,104.63618044602443,,0.9200235661643065,,care,,1
,,,0.0,0.6135611923845548,1.1007377079118357,0.22807925909485238,0.5968010736424701,H00038,0.37124999999999997,household,,,Haushalt H00038,84.94131274993072,,1.1001547518826382,,finance,,1
,,industrial,0.0,0.7386483463385229,3.1098535908909657,0.3293153248944346,0.6585064077371565,H00039,3.6059655944144815,household,,,Haushalt H00039,95.38213358483371,,2.5098055114190703,,industrial,,0
,,maintenance,0.0,0.6686304359439977,2.4598114283187793,0.6912426708865775,0.6808746368212453,H00040,2.0083808991116574,household,,,Haushalt H00040,100.15782578513743,,1.2886246794088065,,maintenance,,0
,,manual_basic,0.0,0.6425619059235514,2.8627993335662514,0.9514485315226459,0.7190559583922339,H00041,2.346189951912038,household,,,Haushalt H00041,97.8589358153109,,3.995562789959216,,energy,,0
,,public_service,0.0,0.56696871403107,2.8974246546080984,0.6787024382027157,0.6698030268683604,H00042,2.13090664918647,household,,,Haushalt H00042,88.57163517404906,,3.3962308558167678,,public_service,,0
,,logistics,0.0,0.8538978184176416,3.314504972047723,0.9934485167497983,0.7598446062915193,H00043,3.198351653425178,household,,,Haushalt H00043,106.1287205815191,,4.657872253121532,,finance,,0
,,care,0.0,0.828732075849544,2.1647295521445176,0.45371704121986467,0.6695001922863163,H00044,1.906508205179344,household,,,Haushalt H00044,93.2327653732395,,2.47347818055827,,hospitality,,0
,,maintenance,0.0,0.5556206917294064,2.5251520557957106,0.7392275862440972,0.7106801972885749,H00045,1.9590541996963229,household,,,Haushalt H00045,96.18058488455888,,2.987054617479188,,construction,,0
,,retail,0.0,0.9637904012720208,3.3364130761001296,0.9935069734947691,0.7628649309769555,H00046,2.587829713809429,household,,,Haushalt H00046,106.0750691543648,,6.669433215440867,,retail,,0
,,teaching,0.0,0.7963891300860177,2.595028653201751,0.6624892966558771,0.7114930028031012,H00047,2.0104901831961044,household,,,Haushalt H00047,105.4079328519704,,2.9143443666178905,,industrial,,0
,,logistics,0.0,0.6875798484588371,2.046369621490264,0.7262194380651713,0.6528400903147562,H00048,1.6980826148343384,household,,,Haushalt H00048,93.13064757866482,,3.033343169071621,,hospitality,,0
,,,0.0,0.39737368466546935,1.2872428607279889,0.374690866819073,0.6991323215476726,H00049,0.37124999999999997,household,,,Haushalt H00049,81.2699652131948,,1.8206567565131917,,teaching,,1
,,health,0.0,0.48648066390709677,3.7548640204406922,0.6133811549786101,0.6973039800251037,H00050,4.807032781897464,household,,,Haushalt H00050,97.08316164528517,,3.5706641443497134,,health,,0
,,retail,0.0,0.717072856814776,2.613635754319739,0.7746301810384545,0.6209878219430296,H00051,2.589086112655045,household,,,Haushalt H00051,87.52827158587534,,2.0970506498288017,,retail,,0
,,logistics,0.0,0.6699259069739211,3.3770013301353665,0.9937456547608211,0.8205955875125979,H00052,3.199833149182031,household,,,Haushalt H00052,115.52409755280773,,5.233392004726569,,logistics,,0
,,teaching,0.0,0.7458338453998985,3.1009787962001485,0.9506400597199269,0.7328951331028014,H00053,3.427696818044545,household,,,Haushalt H00053,114.30567852804488,,3.934282130690035,,teaching,,0
,,security,0.0,0.6130218659075529,2.8428595998583197,0.7342626604304741,0.6241856869933913,H00054,3.531242651945692,household,,,Haushalt H00054,81.69296097825904,,3.923384216762759,,hospitality,,0
,,public_service,0.0,0.5013698189344677,2.0370905872479224,0.49528824820880035,0.6501805796296013,H00055,1.957137531893746,household,,,Haushalt H00055,92.81042572511694,,1.3068952255788786,,craft,,0
,,manual_basic,0.0,0.8752281567097133,1.7599379542154532,0.876102933237531,0.8200236335575324,H00056,1.233457862566728,household,,,Haushalt H00056,123.90515399801738,,3.5486833982514367,,energy,,0
,,,0.0,0.49688232762296125,0.6499265736501948,0.1555972552549382,0.5033680584699678,H00057,0.37124999999999997,household,,,Haushalt H00057,79.63254424524398,,0.7248680333066625,,finance,,1
,,research,0.0,0.8133104490271231,4.397552956338887,0.800986698690424,0.7458828627158753,H00058,5.568984744643415,household,,,Haushalt H00058,104.4524009947931,,3.762389189897737,,industrial,,0
,,security,0.0,0.7552826020663352,3.4765211784621686,0.870936333133042,0.8838630295666041,H00059,2.149490220528676,household,,,Haushalt H00059,120.36103946591983,,5.224962461591024,,research,,0
,,engineering,0.0,0.7101584846995552,5.157070532247924,0.6193371365679418,0.8045091560951244,H00060,5.366204184316659,household,,,Haushalt H00060,109.47482072280575,,3.8449697509132257,,construction,,0
,,,0.0,0.5597903075114766,0.8134304809422964,0.06620591294535812,0.5640119516733114,H00061,0.376,household,,,Haushalt H00061,83.86438461687501,,1.209144106683786,,hospitality,,2
,,creative,0.0,0.8486087447153848,3.292755101129113,0.807538252993109,0.7139600269564593,H00062,3.4370689042667286,household,,,Haushalt H00062,108.29549859529354,,2.583194288142822,,energy,,0
,,logistics,0.0,0.646598625762449,1.9584455328555495,0.35675699665624133,0.6087380875576721,H00063,1.720157579703686,household,,,Haushalt H00063,95.22444061075494,,3.5975101490418586,,finance,,0
,,management,0.0,0.7246445926595693,4.349481243320003,0.7531381404963661,0.7250157526556713,H00064,4.977722994074392,household,,,Haushalt H00064,122.54201571619605,,2.9421416139032504,,finance,,0
,,management,0.0,1.0,4.661873892878204,0.9758246500391181,0.8283699837327514,H00065,5.16322778988362,household,,,Haushalt H00065,128.2355445524831,,4.889777659302231,,energy,,0
,,management,0.0,0.7940177758805034,4.5009829711539355,0.9938457463915435,0.7761154805200895,H00066,4.990356719395667,household,,,Haushalt H00066,114.52529801624861,,5.026369588143314,,industrial,,0
,,agriculture,0.0,0.5821962522929448,2.6306599998739455,0.8337293102863861,0.5886524389976449,H00067,2.6110921691556963,household,,,Haushalt H00067,82.40634925110209,,1.2114100045938083,,agriculture,,0
,,software,0.0,0.8180752549577963,4.6633186973759875,0.9941472097081164,0.7899861790234702,H00068,4.714720024440848,household,,,Haushalt H00068,123.00573980662,,2.9340842752302567,,software,,0
,,industrial,0.0,0.6561696422949742,3.2282593816946044,0.798661454125595,0.730408414880686,H00069,3.5906600861626403,household,,,Haushalt H00069,97.56803627465851,,3.848658818622208,,industrial,,0
,,mining,0.0,0.4674120775677862,3.1792543919669716,0.4036498130282924,0.5361667831573699,H00070,3.0077138936856618,household,,,Haushalt H00070,85.93082549613968,,4.220976188234951,,mining,,0
,,management,0.0,0.8525507026993083,4.792766177554663,0.9941692764583643,0.7827983366154307,H00071,4.991359724374595,household,,,Haushalt H00071,133.8223941074632,,5.872838625576066,,teaching,,0
,,logistics,0.0,0.6465380740866888,2.2680913696427387,0.004674444429447724,0.5815844467143986,H00072,3.1535373883951943,household,,,Haushalt H00072,85.70256253719226,,1.5860278803861967,,finance,,0
,,agriculture,0.0,0.6156068226554718,2.199063013031816,0.3021790396250229,0.4837779188848087,H00073,2.5954577938321775,household,,,Haushalt H00073,80.0659897532257,,2.326922275045107,,energy,,0
,,software,0.0,0.7954804938958755,4.146171887804916,0.9236604912824892,0.6693158316274476,H00074,4.663907190407905,household,,,Haushalt H00074,111.33816381244628,,3.9441994836803222,,public_service,,0
,,logistics,0.0,0.8519044218673262,3.255906835712089,0.9923235432275961,0.679240581354422,H00075,3.185368287696324,household,,,Haushalt H00075,106.59251522433532,,5.19540963741906,,public_service,,0
,,management,0.0,0.9221437114079764,3.719380095614802,0.8444490627685504,0.7475378921501561,H00076,4.932784574722209,household,,,Haushalt H00076,120.4523448355647,,2.50879663038412,,teaching,,0
,,creative,0.0,0.8090342650256177,3.355209509112083,0.8035150627044578,0.5697549256798545,H00077,3.4559881213458836,household,,,Haushalt H00077,93.8485705383254,,3.2337356174772314,,hospitality,,0
,,,0.0,0.7566490309110341,1.2972353329627901,0.6149214339903925,0.6001797535091584,H00078,0.37124999999999997,household,,,Haushalt H00078,103.37702197316584,,1.689327444098036,,hospitality,,1
,,security,0.0,0.8096486042852901,2.9482010511673575,0.8014134556057376,0.549313939213619,H00079,3.4575480595660766,household,,,Haushalt H00079,87.42184699259482,,4.6566371479332505,,security,,0
,,maintenance,0.0,0.6128425305040802,3.3743171897079516,0.7762500123040244,0.5495725126607949,H00080,3.3665132731792418,household,,,Haushalt H00080,98.90075054981699,,3.972758257486317,,maintenance,,0
,,software,0.0,0.592518996855738,4.266720113909884,0.5145406586082,0.494180567284514,H00081,4.775707275523362,household,,,Haushalt H00081,110.69828168871288,,3.94310487390757,,software,,0
,,health,0.0,0.5591054623828808,4.632144016837848,0.9938980221132125,0.6171884936715647,H00082,4.831592781858616,household,,,Haushalt H00082,128.47978129183497,,2.143925113444532,,health,,0
,,logistics,0.0,0.6152666898605048,1.5416425792576371,0.0019756232874230135,0.40073144968676094,H00083,1.6881253068069066,household,,,Haushalt H00083,85.37347559978984,,1.2577387835724503,,craft,,0
,,teaching,0.0,0.9033640393846601,2.447932624206123,0.3725636410833422,0.4577997017297296,H00084,1.9801735884562102,household,,,Haushalt H00084,108.34158866682641,,2.493585557613776,,industrial,,0
,,logistics,0.0,0.5613229653518345,1.483345240872476,0.001552256025606536,0.42316244087634736,H00085,1.7031363513838913,household,,,Haushalt H00085,77.93974831094071,,1.4120139346386733,,energy,,0
,,public_service,0.0,0.8675841377784471,1.9257463929548002,0.44598013189576113,0.44619578468931786,H00086,2.0922656904484036,household,,,Haushalt H00086,93.38260373507266,,2.692937558299646,,public_service,,0
,,care,0.0,0.6279797559395741,3.3108426407344576,0.9826897245571813,0.5035858221520307,H00087,3.358311447882738,household,,,Haushalt H00087,93.79510804163442,,2.0372930449982936,,care,,0
,,public_service,0.0,0.725337634022318,3.096165575531459,0.5280818778117397,0.4203023462600759,H00088,3.688939712518709,household,,,Haushalt H00088,93.16281268679874,,4.189757246970539,,public_service,,0
,,construction,0.0,0.7358890045346419,3.8911712348365755,0.8123661441546874,0.5119035003028382,H00089,3.9618227496200396,household,,,Haushalt H00089,104.19543815857324,,3.779535268213503,,construction,,0
,,logistics,0.0,0.8260635681977709,2.0193466452165065,0.002372612138542148,0.3176610238750806,H00090,1.7010143834690694,household,,,Haushalt H00090,91.79260892162708,,1.0444591030717938,,industrial,,0
,,care,0.0,0.7278892734864105,2.4471504540307265,0.00386944053774486,0.30718517762035286,H00091,3.3320038714582934,household,,,Haushalt H00091,74.7695657044184,,3.3724390777581754,,hospitality,,0
,,retail,0.0,0.6803264644534283,1.4230123618593862,0.20559756025910253,0.39500432463265583,H00092,1.6954648947265647,household,,,Haushalt H00092,86.51360803451347,,1.6530679974283762,,public_service,,0
,,,0.0,0.5186220218292446,0.46169772072407916,0.0,0.22697175194725047,H00093,0.38075,household,,,Haushalt H00093,77.58433836668713,,0.4214189000921582,,care,,3
,,agriculture,0.0,0.7950856688455279,2.401185439496198,0.03423612986003069,0.34864118990483145,H00094,2.6048109020025754,household,,,Haushalt H00094,85.48059928071063,,3.097217131526857,,agriculture,,0
,,logistics,0.0,0.5361759776066098,3.2346650295532258,0.9920307069235659,0.44780391834264527,H00095,3.239892960764071,household,,,Haushalt H00095,95.01596701700176,,4.446243480178808,,logistics,,0
,,logistics,0.0,0.8398264973351498,3.302877708595034,0.5251779099904454,0.5459402574161911,H00096,1.6731244344951075,household,,,Haushalt H00096,123.14680199596447,,4.043344848647617,,engineering,,0
,,creative,0.0,0.6696624146909571,3.4342874028738675,0.7460970246383968,0.3642672655187328,H00097,3.409168440033776,household,,,Haushalt H00097,91.87811647403056,,2.083781604014144,,craft,,0
,,,0.0,0.6512019078161869,1.1326922667753143,0.5644693906389601,0.39314877635635165,H00098,0.37124999999999997,household,,,Haushalt H00098,96.88043789221611,,1.4371503255153706,,retail,,1
,,management,0.0,0.8425540357326067,5.065043058909238,0.9936603116209041,0.5328822067811143,H00099,5.021034579200957,household,,,Haushalt H00099,120.79927430251718,,6.4691573484311355,,logistics,,0
,,logistics,0.0,0.6796118085582282,3.258984969914735,0.9915751774200425,0.4271558424125104,H00100,3.1923350691752,household,,,Haushalt H00100,92.29651410986011,,2.8414603530203335,,logistics,,0
,,industrial,0.0,0.817805284478976,3.585673701372236,0.587573273243187,0.44692174923825523,H00101,3.5938844720835394,household,,,Haushalt H00101,110.50602176104023,,7.883016501160865,,industrial,,0
,,teaching,0.0,0.7392798077828923,2.8780371548531662,0.4935371793514462,0.34831735810586206,H00102,3.449189479539774,household,,,Haushalt H00102,98.60108332258957,,3.721357965635522,,teaching,,0
,,manual_basic,0.0,0.6250260219015281,1.8005513758596698,0.4852932929561217,0.28251054935119696,H00103,1.1906458745135227,household,,,Haushalt H00103,84.08740381711476,,1.5376951242246286,,retail,,0
,,manual_basic,0.0,0.7803057398611041,1.724292260218395,0.8140817285480085,0.39976228426746524,H00104,1.2045532252583222,household,,,Haushalt H00104,99.0446855303142,,1.3393186216649786,,industrial,,0
,,retail,0.0,0.7115388008575264,2.6757974350545726,0.5885241382671397,0.3331871207342078,H00105,2.5681034983131044,household,,,Haushalt H00105,85.50420756438622,,2.4868273129860325,,retail,,0
,,manual_basic,0.0,0.6667732949550791,2.181616677210255,0.6343436917981706,0.36361023581246665,H00106,2.280321157099602,household,,,Haushalt H00106,91.02199140111522,,2.2824141414998884,,manual_basic,,0
,,logistics,0.0,0.7432940661849974,2.3768397364507208,0.6713444592686103,0.37445109379071906,H00107,1.758622592629272,household,,,Haushalt H00107,82.30476907427764,,2.861919691998875,,hospitality,,0
,,public_service,0.0,0.9432924425795951,2.3917295335698214,0.0024070964580096147,0.35689776610616814,H00108,2.0548709504273717,household,,,Haushalt H00108,107.80731050668884,,2.2532196656071823,,public_service,,0
,,management,0.0,0.8281763932680852,4.796612622093227,0.993577296355393,0.47351653729910487,H00109,4.951763522567979,household,,,Haushalt H00109,125.87117306731778,,12.452714445957714,,construction,,0
,,software,0.0,0.9179585419176329,3.9770009910911988,0.6186791725966492,0.39798736772062626,H00110,4.705533203328918,household,,,Haushalt H00110,109.37913746720348,,2.1688389897613884,,teaching,,0
,,engineering,0.0,0.8085373358121285,3.9139180239930553,0.4769005058238582,0.22741004063957165,H00111,5.219403767465767,household,,,Haushalt H00111,121.14628675585793,,5.127733336846538,,engineering,,0
,,manual_basic,0.0,0.7714198802128237,2.267994774666673,0.48480437513208213,0.25450214470213156,H00112,1.201214280755453,household,,,Haushalt H00112,86.49432178297789,,6.533620039773384,,health,,0
,,manual_basic,0.0,0.7584236670214924,1.2997852958761755,0.4082567277446517,0.2683123257633044,H00113,1.2039816878013967,household,,,Haushalt H00113,99.67915545983418,,1.265436804748719,,hospitality,,0
,,mining,0.0,0.8808225918859981,2.9573777453497665,0.3339529134136933,0.21802826178864557,H00114,2.9943702318269847,household,,,Haushalt H00114,101.59771682804602,,4.460917392533031,,public_service,,0
,,,0.0,0.7810592878671424,0.8933737443122627,0.3583751893624654,0.2764112308517085,H00115,0.376,household,,,Haushalt H00115,110.47946222994746,,1.1884210692267168,,public_service,,2
,,manual_basic,0.0,0.9086896263916535,2.4147186759847954,0.5745671938678809,0.15559080801523598,H00116,2.284160111288194,household,,,Haushalt H00116,83.26064488116982,,2.2983975610232554,,manual_basic,,0
,,maintenance,0.0,0.9847222481538263,1.988700853260798,0.6054434908806254,0.17392768303831826,H00117,1.9615298641307732,household,,,Haushalt H00117,100.35384246738957,,3.1733054985269646,,maintenance,,0
,,legal,0.0,0.7780533106479024,2.7588740980735467,0.006998999615025628,0.23629243020786833,H00118,2.5288728298678915,household,,,Haushalt H00118,82.56599256412484,,4.975321939370634,,construction,,0
,,security,0.0,0.6930645546569598,3.3213811858721787,0.8157884351660368,0.18145589620879893,H00119,3.5295918423880557,household,,,Haushalt H00119,94.70595171163752,,3.6869933722150057,,manual_basic,,0
,,maintenance,0.0,0.7071604152698558,2.5990120586550103,0.11802205172842944,0.13220801978923344,H00120,1.9240831746603109,household,,,Haushalt H00120,91.98596613086215,,2.8526216769717654,,maintenance,,0
,,,0.0,0.6250018539581078,0.9391474886781669,0.073824406943865,0.1471398390847119,H00121,0.37124999999999997,household,,,Haushalt H00121,81.12712016604556,,2.2568930082333125,,care,,1
,,software,0.0,0.7044311389122615,3.424612760194846,0.34393172625162083,0.18325714986729294,H00122,4.666427243664822,household,,,Haushalt H00122,96.93764996708846,,6.767466075156585,,mining,,0
,,teaching,0.0,0.9737645867765379,2.5370497572305877,0.612242490522967,0.1595784763708251,H00123,2.087906051250442,household,,,Haushalt H00123,113.16817883540816,,2.4616059355025794,,teaching,,0
,,teaching,0.0,0.6524380593749335,2.061579595602364,0.1414832374895693,0.05,H00124,1.9391106213179374,household,,,Haushalt H00124,74.08821263611149,,1.4692691247830727,,construction,,0
,,,0.0,0.6060904728410048,0.676152208503854,0.0,0.05,H00125,0.376,household,,,Haushalt H00125,70.78523415036517,,0.8753079393301956,,energy,,2
,,teaching,0.0,0.9009154757373935,1.788688441222963,0.3984558042928586,0.05,H00126,2.033314233454817,household,,,Haushalt H00126,75.13214025337352,,1.1516112918312011,,agriculture,,0
,,teaching,0.0,1.0,2.198352938814079,0.10937492965351159,0.07311029245806899,H00127,1.9651820491187477,household,,,Haushalt H00127,118.32802349061834,,3.625922123058946,,finance,,0
,,,0.0,0.7228486720091912,0.9437858943282312,0.0,0.05504464293990959,H00128,0.37124999999999997,household,,,Haushalt H00128,100.10330316380072,,1.254179655582503,,research,,1
,,construction,0.0,0.8219643051269933,3.610197668350649,0.6146787915735592,0.10383112414638468,H00129,3.968071208048831,household,,,Haushalt H00129,84.35449934405266,,9.730171642637297,,construction,,0
,,,0.0,0.7452507454651643,0.7071842646968255,0.06668801552698655,0.06521200004507544,H00130,0.376,household,,,Haushalt H00130,79.37929325017915,,0.9835552061383388,,mining,,2
,,maintenance,0.0,0.6730324122105942,3.113452434753003,0.13203496939492257,0.16811211049418737,H00131,3.3419159492338255,household,,,Haushalt H00131,82.11907927608719,,2.801585574671508,,agriculture,,0
,,,0.0,0.8159785248995604,0.567974725113045,0.030752137666441443,0.05,H00132,0.376,household,,,Haushalt H00132,94.1467705662798,,0.7775392629033013,,craft,,2
,,,0.0,0.8534902404168542,1.4725995372980412,0.08509060826310492,0.19361783281793649,H00133,0.37124999999999997,household,,,Haushalt H00133,102.74221281930282,,2.635204731736568,,health,,1
,,teaching,0.0,0.8230261049236153,1.7409652812182246,0.4316422106134646,0.05,H00134,1.9374453567747443,household,,,Haushalt H00134,82.5159512465909,,1.888592731955036,,retail,,0
,,public_service,0.0,0.6987426692178966,1.9538348759483881,0.4065963222353692,0.08766571527202847,H00135,2.0562836240913893,household,,,Haushalt H00135,108.1776769647605,,2.6966762498427297,,public_service,,0
,,logistics,0.0,0.7293730815083106,3.1625491939578256,0.9645296776794385,0.178093311647439,H00136,3.210994765126944,household,,,Haushalt H00136,84.57131687183754,,8.592235415202419,,logistics,,0
,,care,0.0,0.8561055531550906,1.695724970571219,0.0015592415099399625,0.0852584611639333,H00137,1.7878401586057782,household,,,Haushalt H00137,74.7463874250505,,2.00680485724121,,finance,,0
,,teaching,0.0,0.8638144823625026,1.9670889159210885,0.38250309026405693,0.05,H00138,2.1125624999999997,household,,,Haushalt H00138,83.50081000069171,,2.1200080575519484,,teaching,,0
,,,0.0,0.8213143261033103,1.0017708484002308,0.1614480091884077,0.07138944879849865,H00139,0.37124999999999997,household,,,Haushalt H00139,90.69286996964648,,1.0092632108945536,,legal,,1
,,,0.0,0.6738598121501105,0.7596228132255418,0.40146602043670027,0.05,H00140,0.37124999999999997,household,,,Haushalt H00140,79.98984177561616,,1.7814670676666375,,hospitality,,1
,,manual_basic,0.0,0.655430986143143,1.2931505040402362,0.0011413983741706646,0.054741664898662286,H00141,1.2149316956591973,household,,,Haushalt H00141,79.2226043747616,,2.3594103237215123,,finance,,0
,,logistics,0.0,0.7299878619804595,2.2716050730287733,0.45316144746562703,0.15436664322872687,H00142,3.1989313720841857,household,,,Haushalt H00142,103.03956272239301,,2.6718462235048985,,logistics,,0
,,environmental,0.0,0.8232033484128075,1.9269715276344808,0.16678948523406575,0.05,H00143,2.054510570018817,household,,,Haushalt H00143,96.43824103024089,,2.6769786771344526,,research,,0
,,,0.0,0.9363237371922305,1.1212719077524644,0.0,0.09903162281112926,H00144,0.37124999999999997,household,,,Haushalt H00144,81.97701795481069,,1.6806587645765714,,industrial,,1
,,teaching,0.0,1.0,1.7842164766635589,0.0016921592953785675,0.05,H00145,1.985376639794066,household,,,Haushalt H00145,92.68299404035915,,2.407955434849695,,agriculture,,0
,,security,0.0,0.8591697924947495,1.7450811241234527,0.3358628757604889,0.05,H00146,1.9260314617985748,household,,,Haushalt H00146,73.67501311659113,,3.230398690937115,,security,,0
,,,0.0,0.7186970972513822,0.5148443942512424,0.0,0.05,H00147,0.38075,household,,,Haushalt H00147,74.20009354744349,,0.8006881691033434,,finance,,3
,,teaching,0.0,0.7115075523073583,2.222246778972943,0.20239656934643782,0.05,H00148,2.110138689390076,household,,,Haushalt H00148,81.88459755202068,,2.421921785792345,,teaching,,0
,,teaching,0.0,0.7894177959835024,2.088684226181193,0.0017625138691983592,0.05,H00149,1.9530268303241543,household,,,Haushalt H00149,98.58293498432914,,0.8517020974357066,,hospitality,,0
,,,0.0,0.8689992677189585,0.5327699989290241,0.3113585730295539,0.05,H00150,0.376,household,,,Haushalt H00150,102.72394732262987,,0.5875853528189247,,construction,,2
,,manual_basic,0.0,0.8493415121518154,1.2309541060661875,0.001177716680909961,0.05,H00151,1.2031816898547463,household,,,Haushalt H00151,73.7094285409916,,2.473424464218223,,agriculture,,0
,,environmental,0.0,0.7156880629836563,2.099892346861722,0.0019744649806191514,0.05,H00152,2.034200416126298,household,,,Haushalt H00152,80.72414953848649,,2.1520047844516563,,construction,,0
,,logistics,0.0,0.6442261489852483,1.8590372506135286,0.3197942716371824,0.05,H00153,1.7940096732205313,household,,,Haushalt H00153,93.44515880133234,,4.689994872884979,,logistics,,0
,,,0.0,0.8714330224161069,0.9076760824741419,0.3318574709849156,0.05,H00154,0.37124999999999997,household,,,Haushalt H00154,100.81145839347703,,0.8960293863221506,,retail,,1
,,,0.0,0.5952789095336941,0.9930597913762303,0.4650008405676471,0.06516882202981673,H00155,0.37124999999999997,household,,,Haushalt H00155,74.65087509613942,,1.5993137481709199,,industrial,,1
,,maintenance,0.0,0.6829675708116735,1.828757510654123,0.14079175375413444,0.05,H00156,1.8568059795410343,household,,,Haushalt H00156,84.25925321286599,,1.530582414809136,,construction,,0
,,logistics,0.0,0.838037425136914,1.7810782346730472,0.22799351524344794,0.05,H00157,1.6598746632395087,household,,,Haushalt H00157,80.56574897632518,,2.658084418992009,,construction,,0
,,logistics,0.0,0.7893133208488173,1.5422024736363666,0.001560542195681677,0.05,H00158,1.705503447995378,household,,,Haushalt H00158,97.4030039714256,,2.087794575798323,,engineering,,0
,,teaching,0.0,0.8290636179752857,2.0501113417903407,0.0017840043216130607,0.05,H00159,1.962999299413416,household,,,Haushalt H00159,79.29776452719815,,1.4975267248505268,,construction,,0
,,environmental,0.0,0.7577011113234964,2.1970072541721963,0.002308459237477558,0.05267475587826398,H00160,2.0285413799838015,household,,,Haushalt H00160,80.99261362710138,,1.2194452529516322,,agriculture,,0
,,manual_basic,0.0,1.0,1.358187420512754,0.4794325682031381,0.05,H00161,1.2803990244725232,household,,,Haushalt H00161,103.14489135588272,,1.0514832442838824,,manual_basic,,0
,,,0.0,0.8039946424464658,0.672288294614346,0.06808941862042692,0.05,H00162,0.376,household,,,Haushalt H00162,89.5748716689576,,0.7348627734903698,,public_service,,2
,,teaching,0.0,0.9956567314319912,1.9956423503243927,0.27001248543855993,0.05,H00163,1.9645804022946312,household,,,Haushalt H00163,97.01421810735958,,1.6292541179219642,,hospitality,,0
,,,0.0,0.6617574264954746,1.0326580350219476,0.0,0.05,H00164,0.37124999999999997,household,,,Haushalt H00164,88.40280299369793,,1.7929028055893406,,software,,1
,,public_service,0.0,0.8268598488310102,1.958024695648729,0.001613087322606904,0.05,H00165,1.9860806320948379,household,,,Haushalt H00165,77.68568613282955,,1.829442015015188,,public_service,,0
,,public_service,0.0,0.9981305313793892,2.0725258015518646,0.4514378871177894,0.05,H00166,1.9483221769491186,household,,,Haushalt H00166,116.18157237376623,,2.478433293167271,,engineering,,0
,,,0.0,0.7478018680353498,0.7275755139293032,0.0,0.05,H00167,0.376,household,,,Haushalt H00167,86.30531943023935,,1.184118034756148,,research,,2
,,teaching,0.0,0.7077695479405379,1.8227554411702758,0.0015307957331153691,0.05,H00168,1.93972401238817,household,,,Haushalt H00168,61.16143938543429,,2.421911064188589,,construction,,0
,,,0.0,0.6908008682425252,0.6589260484719471,0.0,0.05,H00169,0.37124999999999997,household,,,Haushalt H00169,69.60153983338192,,0.8640005398718861,,craft,,1
,,environmental,0.0,0.7625261335812337,1.8711686322204428,0.0017211292097378864,0.05,H00170,1.990797432850163,household,,,Haushalt H00170,75.98183856731279,,3.0392857107011455,,mining,,0
,,maintenance,0.0,0.8515593345821495,1.9100713715081747,0.19466552205212123,0.05,H00171,1.8351390258100673,household,,,Haushalt H00171,83.27325762465254,,1.331610278600563,,agriculture,,0
,,maintenance,0.0,0.7390316168115031,1.658650588556295,0.0790353487067623,0.05,H00172,1.9564454968793517,household,,,Haushalt H00172,84.88895658398563,,1.1051738307040286,,maintenance,,0
,,public_service,0.0,0.6607362335206333,2.0031925366326804,0.0015150514007349646,0.05,H00173,1.902306083509417,household,,,Haushalt H00173,83.5999996910717,,0.8597841073932213,,mining,,0
,,manual_basic,0.0,0.8221891889518813,1.354112614717056,0.1918665659395454,0.05,H00174,1.19342442024656,household,,,Haushalt H00174,70.54074101217147,,3.237081802647167,,retail,,0
,,teaching,0.0,0.8206554279872021,1.950372511102583,0.0016727339903228745,0.05,H00175,2.0945719606437354,household,,,Haushalt H00175,77.14737511420435,,1.8364253721878683,,teaching,,0
,,teaching,0.0,0.9464769151376337,1.9842250542854354,0.2226479598968351,0.05,H00176,2.112231600875195,household,,,Haushalt H00176,98.69836035850109,,2.9380372473679848,,teaching,,0
,,environmental,0.0,0.7303520589472374,1.9310456612732616,0.0014855826315368047,0.05,H00177,2.0660855831056644,household,,,Haushalt H00177,81.25762615513923,,1.6161089702041413,,construction,,0
,,,0.0,0.842191358227777,0.7959052748642301,0.0990904254840829,0.05,H00178,0.376,household,,,Haushalt H00178,75.68993158754795,,1.937202866853602,,retail,,2
,,maintenance,0.0,0.810964866764251,1.8279019299271881,0.0828646960457374,0.05,H00179,1.8690149162329504,household,,,Haushalt H00179,102.15802093312182,,1.7579641826220755,,research,,0
,,manual_basic,0.0,0.7316710630578832,1.388157645085866,0.20727811672004748,0.05,H00180,1.201814255970818,household,,,Haushalt H00180,64.32144838735559,,3.513906057707456,,retail,,0
,,public_service,0.0,0.5461972790358186,2.0207434383543488,0.002062763489300197,0.05,H00181,1.9294828877195878,household,,,Haushalt H00181,69.11190692374123,,4.440305662012383,,mining,,0
,,,0.0,0.7688121835960736,0.610580273884236,0.0,0.05,H00182,0.37124999999999997,household,,,Haushalt H00182,55.03930258450529,,0.9053770769014187,,agriculture,,1
,,,0.0,0.7949143790834845,0.6457256415829418,0.0,0.05,H00183,0.37124999999999997,household,,,Haushalt H00183,74.90902876414711,,0.767890375121923,,industrial,,1
,,,0.0,1.0,0.6085527277375542,0.0,0.05,H00184,0.376,household,,,Haushalt H00184,94.44986818469879,,0.7454016471248365,,public_service,,2
,,security,0.0,1.0,1.7333056235785438,0.1580559703038637,0.05,H00185,1.866122110175675,household,,,Haushalt H00185,100.89336843650364,,2.3699537336776184,,craft,,0
,,,0.0,0.7043930009486372,0.8554764309350557,0.06903875079855966,0.05,H00186,0.37124999999999997,household,,,Haushalt H00186,92.80384534821128,,0.7595041169463622,,maintenance,,1
,,security,0.0,0.7306193431690013,1.7502196516064432,0.035914801671410944,0.05,H00187,1.9286329414330963,household,,,Haushalt H00187,73.65937908140583,,2.7555788492502136,,security,,0
,,logistics,0.0,0.9102352300951828,1.5483297534308045,0.3671315306523691,0.05,H00188,1.7091192427096746,household,,,Haushalt H00188,95.77000329642577,,1.2712364451119564,,construction,,0
,,public_service,0.0,0.695291690965363,2.1201280528004505,0.07398052070360663,0.05,H00189,2.0118984467195333,household,,,Haushalt H00189,95.79300559899293,,1.2283785736997035,,public_service,,0
,,,0.0,0.9167837712646403,1.1304273442467252,0.0,0.05,H00190,0.37124999999999997,household,,,Haushalt H00190,60.59709659213652,,2.2059965433692152,,finance,,1
,,logistics,0.0,0.6444864810479581,1.8061306053092703,0.2596413648938618,0.05,H00191,1.7885625246431196,household,,,Haushalt H00191,80.15791400212319,,1.7722401685548788,,logistics,,0
,,environmental,0.0,0.7457401844835423,2.323631772073158,0.2505209053166482,0.05,H00192,2.0167604892063133,household,,,Haushalt H00192,91.21457183041599,,5.2908285986305295,,software,,0
,,care,0.0,0.7161214619878099,1.7602596680429987,0.001310121904732893,0.05,H00193,1.8171743973650347,household,,,Haushalt H00193,66.72044039615785,,1.0574513739190041,,care,,0
,,,0.0,0.675654552931927,0.7738515363016062,0.0,0.05,H00194,0.376,household,,,Haushalt H00194,53.3159397614171,,2.185442347527829,,craft,,2
,,logistics,0.0,0.7086351560908162,1.5695158270924443,0.033965458989006866,0.05,H00195,1.7409213275553999,household,,,Haushalt H00195,69.63095277856254,,1.1322138410985711,,finance,,0
,,teaching,0.0,0.8306400398215159,2.8462702675573266,0.14921330345222303,0.05,H00196,2.030744796338004,household,,,Haushalt H00196,84.61330494613145,,8.019587363770576,,software,,0
,,logistics,0.0,0.6211383771258089,1.6219142478553705,0.0014569197296520108,0.05,H00197,1.702143216097724,household,,,Haushalt H00197,65.85321189061149,,2.5390460354747524,,finance,,0
,,,0.0,0.7652134393992843,1.1580965759303787,0.0,0.05,H00198,0.37124999999999997,household,,,Haushalt H00198,78.11400213051338,,3.7179355872318802,,industrial,,1
,,,0.0,0.8728676776998571,0.9253335319733491,0.0,0.05,H00199,0.37124999999999997,household,,,Haushalt H00199,95.63991043587374,,2.657041621733696,,logistics,,1
,,manual_basic,0.0,0.651535652975079,1.0582367392440393,0.001735832991538919,0.05,H00200,1.2405972319593057,household,,,Haushalt H00200,68.13364400946782,,1.2343207560007967,,retail,,0
,,,0.0,0.7769725943655381,0.8727096567890121,0.0,0.05,H00201,0.37124999999999997,household,,,Haushalt H00201,74.74303283460392,,2.1105236969165566,,energy,,1
,,maintenance,0.0,0.7822623774768421,1.6050765412747823,0.002488400062170368,0.05,H00202,1.8859778819564452,household,,,Haushalt H00202,72.42898117955845,,2.336852460886065,,mining,,0
,,,0.0,0.8754659697116973,0.8724543155478113,0.0,0.05,H00203,0.37124999999999997,household,,,Haushalt H00203,76.30013161348637,,2.1593707855859585,,public_service,,1
,,maintenance,0.0,0.8135940633368959,1.7854945926330295,0.003363080871545322,0.05,H00204,1.8949196268337698,household,,,Haushalt H00204,65.80117501628388,,5.572947266459174,,maintenance,,0
,,teaching,0.0,0.9794907881451992,1.5065967001385767,0.002125311921766933,0.05,H00205,1.9475369573144998,household,,,Haushalt H00205,100.5849156515983,,1.0604470304281213,,energy,,0
,,manual_basic,0.0,0.6788718238565996,1.1032520005981823,0.041121535744245576,0.05,H00206,1.1935949354620774,household,,,Haushalt H00206,101.50825828773984,,1.756593915655756,,research,,0
,,teaching,0.0,0.7714933252521808,1.830900615962124,0.0029218295668589035,0.05,H00207,1.9488821425449387,household,,,Haushalt H00207,78.09769468239853,,3.6590412563975954,,construction,,0
,,manual_basic,0.0,0.6751017373913746,1.3059384216878538,0.0020495014315391165,0.05,H00208,1.1813541465929183,household,,,Haushalt H00208,53.345527824686776,,3.79517130740726,,retail,,0
,,,0.0,0.9607319419806563,1.5090319467514677,0.0,0.05,H00209,0.37124999999999997,household,,,Haushalt H00209,76.51471685718336,,7.073865038435587,,hospitality,,1
,,logistics,0.0,0.7831422671273482,1.261561585896411,0.0016517250613772854,0.05,H00210,1.6722614249895467,household,,,Haushalt H00210,67.97271460663353,,1.3675348224718875,,agriculture,,0
,,manual_basic,0.0,0.6654219500525655,1.5110514516521512,0.0023591727670895513,0.05,H00211,1.205244300139634,household,,,Haushalt H00211,57.52246459723859,,5.305990236470589,,craft,,0
,,,0.0,0.8221937491365495,1.2268066280186603,0.09439873368671511,0.05,H00212,0.376,household,,,Haushalt H00212,87.37439037392912,,4.691649333339982,,hospitality,,2
,,care,0.0,0.7502590707296354,1.4170045222542353,0.0019981966091250853,0.05,H00213,1.7800363181434016,household,,,Haushalt H00213,66.80106584320733,,1.9647142621622258,,health,,0
,,teaching,0.0,0.7189294873474898,2.2527283770285114,0.003599816139115086,0.05,H00214,2.0502695976002183,household,,,Haushalt H00214,61.04627158319086,,6.051681335256742,,teaching,,0
,,manual_basic,0.0,0.8646379573694289,1.409849680053872,0.0022084678210247412,0.05,H00215,1.2452832203777289,household,,,Haushalt H00215,51.68038317747326,,3.945513557479044,,manual_basic,,0
,,,0.0,0.5651230427736819,0.9642220744658216,0.0022020254548594776,0.05,H00216,0.37124999999999997,household,,,Haushalt H00216,93.08406444981946,,1.823256510649927,,retail,,1
,,public_service,0.0,0.569276642337093,2.0117211746735415,0.0030288510936133054,0.05,H00217,1.9484406288229372,household,,,Haushalt H00217,64.24425838228034,,2.0959413327627643,,construction,,0
,,teaching,0.0,0.8543311476573588,2.025097697854545,0.002959480322524276,0.05,H00218,1.9545159474387894,household,,,Haushalt H00218,102.56627814122518,,1.8508209602275512,,research,,0
,,logistics,0.0,0.7990010099828009,1.6930146053440678,0.002556052809759403,0.05,H00219,1.6759489905105143,household,,,Haushalt H00219,60.30512654817091,,3.1844011329346253,,agriculture,,0
,,teaching,0.0,0.7870733494172171,2.274999465924984,0.003888776115429864,0.05,H00220,2.081852756739399,household,,,Haushalt H00220,67.38859237072667,,6.198611575650755,,teaching,,0
,,logistics,0.0,0.742110030295529,1.9135533336447748,0.0030492915283776615,0.05,H00221,1.74934384829748,household,,,Haushalt H00221,70.99143614800145,,3.665300887086284,,energy,,0
,,,0.0,0.8801205818403486,0.5955753347777157,0.0,0.05,H00222,0.376,household,,,Haushalt H00222,70.79431012345661,,1.1615377184310365,,mining,,2
,,teaching,0.0,0.7479873361053458,1.8772334667652444,0.0027198617698866267,0.05,H00223,1.9889763090166366,household,,,Haushalt H00223,64.73803567238348,,3.0318229889634765,,agriculture,,0
,,,0.0,0.6631315707369443,0.9428789892405667,0.0,0.05,H00224,0.37124999999999997,household,,,Haushalt H00224,78.09558416263056,,1.7505099555899102,,software,,1
,,,0.0,0.8011409374456702,1.2888057384132443,0.0,0.05,H00225,0.376,household,,,Haushalt H00225,63.46106411914449,,4.226467529043623,,teaching,,2
,,manual_basic,0.0,0.66921761730985,1.391785754177069,0.0019501396227190623,0.05,H00226,1.2014873510870492,household,,,Haushalt H00226,55.8324040826583,,1.7816301177929237,,energy,,0
,,teaching,0.0,1.0,2.4105538802677233,0.0039187444232661895,0.05,H00227,1.9740138032312342,household,,,Haushalt H00227,81.01385159851164,,5.104548888415699,,hospitality,,0
,,public_service,0.0,0.7517628130968441,2.042369618707213,0.0030924617180341594,0.05,H00228,1.972270881345983,household,,,Haushalt H00228,60.62102940621289,,2.929309901229632,,public_service,,0
,,,0.0,0.723395137653784,1.019859669344778,0.0,0.05,H00229,0.37124999999999997,household,,,Haushalt H00229,54.74815310281858,,1.8589894854063318,,hospitality,,1
,,,0.0,0.6768585181624784,1.2236282570350396,0.0,0.05,H00230,0.37124999999999997,household,,,Haushalt H00230,63.96382110578258,,2.951450991494029,,retail,,1
,,maintenance,0.0,0.8059689929122043,2.032179017894639,0.0029685716423777024,0.05,H00231,1.8851683629016525,household,,,Haushalt H00231,75.25822642583876,,1.8808616132341243,,legal,,0
,,teaching,0.0,0.7319017670441909,2.5338327769134823,0.004205391850316224,0.05,H00232,1.9557398667030734,household,,,Haushalt H00232,53.29077890229493,,7.61845305156152,,hospitality,,0
,,manual_basic,0.0,0.8377264999157302,1.5495994417038974,0.0024740514717557097,0.05,H00233,1.2464031973844707,household,,,Haushalt H00233,55.8596995343961,,3.7565319409312212,,manual_basic,,0
,,,0.0,0.7691774262793002,0.8628376790384307,0.0,0.05,H00234,0.376,household,,,Haushalt H00234,54.32600009566205,,2.1360837052074717,,craft,,2
,,teaching,0.0,1.0,2.4007925286628984,0.003982166692613373,0.05,H00235,1.940252394112393,household,,,Haushalt H00235,80.34010850600376,,5.023613397118511,,research,,0
,,,0.0,0.665191506501772,1.2057026700853686,0.0,0.05,H00236,0.376,household,,,Haushalt H00236,54.524869641722205,,3.347557651794337,,finance,,2
,,teaching,0.0,0.8571719875336002,1.8797559863043678,0.002881767378354372,0.05,H00237,1.9448635610154414,household,,,Haushalt H00237,51.611759725961306,,3.592378276355917,,finance,,0
,,teaching,0.0,0.8177559900059813,2.1678536689901513,0.0035041365511882926,0.05,H00238,1.9550146337081733,household,,,Haushalt H00238,49.93127981918212,,4.600944725108438,,hospitality,,0
,,teaching,0.0,0.8201814684994526,2.018242678973293,0.003015600481518503,0.05,H00239,2.0373554389599695,household,,,Haushalt H00239,53.954334148143964,,3.0363852596326306,,teaching,,0
,,logistics,0.0,0.7757038745793384,2.332027126364414,0.0034624156608259594,0.05,H00240,1.6790241045463854,household,,,Haushalt H00240,53.43361775382483,,4.173638492470675,,construction,,0
,,,0.0,0.5942607284078257,1.414635264397527,0.0,0.05,H00241,0.37124999999999997,household,,,Haushalt H00241,66.2305780002321,,3.1244368847758404,,research,,1
,,logistics,0.0,0.6620219820012948,2.0587347262492024,0.002988817249558688,0.05,H00242,1.73900754428707,household,,,Haushalt H00242,49.429402707390125,,3.30847482125868,,logistics,,0
,,,0.0,0.7727451164648583,1.6538689646234155,0.0,0.05,H00243,0.37124999999999997,household,,,Haushalt H00243,50.39655739490419,,4.031587762136125,,agriculture,,1
,,,0.0,0.8055034881738949,1.6068054471007767,0.0,0.05,H00244,0.376,household,,,Haushalt H00244,46.900629229798106,,3.887390593218391,,teaching,,2
,,environmental,0.0,0.6668561307121041,2.313898648829574,0.003409719215540068,0.05,H00245,2.0694132201274287,household,,,Haushalt H00245,48.768311838507344,,3.718059147395984,,industrial,,0
,,teaching,0.0,0.6570122341590703,2.5306047062016312,0.003504226338850983,0.05,H00246,2.0725770517164124,household,,,Haushalt H00246,44.93323382118517,,2.7288481133354137,,teaching,,0
,,logistics,0.0,1.0,1.9639392195714704,0.0028036824174123296,0.05,H00247,1.8083595442990275,household,,,Haushalt H00247,51.410735810642905,,2.7016198515911913,,logistics,,0
,,,0.0,0.5929701922120236,1.3267150650563666,0.0,0.05,H00248,0.376,household,,,Haushalt H00248,56.011457391249046,,2.6915646652646124,,maintenance,,2
,,logistics,0.0,0.7642410526911502,3.0186561831470824,0.004904252902094151,0.05,H00249,1.6774791114741392,household,,,Haushalt H00249,45.61820723129342,,7.789397629096298,,construction,,0
,,teaching,0.0,0.813981747189872,2.6523766298358096,0.003924651910289893,0.05,H00250,1.9736342642087006,household,,,Haushalt H00250,41.145968653771625,,4.231177951651357,,energy,,0
0.09612852815114689,182.38206368775815,,0.0,,18.539950031487866,,,F00251,54.96310200482427,firm,3.146352663003254,44.39273109601078,Landwirtschaft-Firma F00251,1193.747557925537,food,1193.3967566604485,17.90219395922322,,agriculture,
0.08826613008368278,35.68711358384118,,0.0,,8.38959666520117,,,F00252,30.24639619618162,firm,0.7390882504688435,26.265393399606626,Rohstoffe-Firma F00252,94.69499415629129,raw_materials,94.3684760464628,15.161650092016643,,mining,
0.3579378366440961,98.82676453746753,,0.0,,15.001451307330722,,,F00253,64.17302006241054,firm,2.1829396445105633,59.30979227252692,Energie-Firma F00253,557.8259639969075,energy,557.7787675087712,30.04023157052201,,energy,
0.27085511614199004,92.47342189831815,,0.0,,7.415600236287434,,,F00254,0.0,firm,2.235862267678728,-7.415600236287434,Industrie-Firma F00254,496.7015713287739,manufactured_goods,482.188725605602,25.239555293276013,,manufacturing,
0.04326281236547528,86.67509527216505,,0.0,,30.98345371446077,,,F00255,72.37580725619348,firm,1.1090361465621554,50.76758630080401,Bau-Firma F00255,324.86310525124554,housing,306.6300027963118,41.39463782771087,,construction,
0.05398491899458516,80.58940550898235,,0.0,,11.90546389702058,,,F00256,2.840773037157904,firm,2.2661446041479114,-9.064690859862676,Gesundheit-Firma F00256,211.0408531763223,health_service,200.769853359949,26.443126185612424,,healthcare,
0.024356565045392176,39.6342792160119,,0.0,,10.631785730947422,,,F00257,0.0,firm,1.4043721223942258,-9.031555448517535,Bildung-Firma F00257,9.573803811814862,education_service,4.412501880827077,6.227756595125392,,education,
0.16109394893108034,61.72302428508351,,0.0,,8.355768870929927,,,F00258,0.0,firm,0.8633591571337789,-8.355768870929927,Logistik-Firma F00258,184.24908192949857,transport_service,177.38467403243118,14.246865099809003,,logistics,
0.11313223254344308,89.97571870686714,,0.0,,0.0,,,F00259,0.0,firm,0.0,0.0,Handel-Firma F00259,367.5088237779106,retail_service,347.7291767159722,10.107683204452837,,retail,
0.18900235213441782,30.21695577049329,,0.0,,1.6274732069492952,,,F00260,4.068104064652774,firm,0.0,2.9923620922868843,Finanzwesen-Firma F00260,61.269211568166085,finance_service,31.982298657084776,8.884473955225332,,finance,
0.0694704664081322,39.77860371247075,,0.0,,9.875954698045312,,,F00261,15.042902072606381,firm,1.4163732531912983,9.593946053979161,Öffentlicher Dienst-Firma F00261,5.139840481150908,public_service,5.032453109429066,8.2366807536452,,public,
0.08701874547941357,109.12996804472061,,0.0,,7.450365101039933,,,F00262,20.730441949158273,firm,0.971382708143929,16.099534527364156,Kreativwirtschaft-Firma F00262,592.5592205772622,culture_service,548.7116547933531,14.01579508852868,,creative,
0.10103009453774275,82.05645885926526,,0.0,,3.6556432437422,,,F00263,9.467730577093734,firm,0.7345351204535625,6.986005609433903,Gastgewerbe-Firma F00263,474.43932736728505,hospitality_service,460.1720379161199,9.931524744897757,,hospitality,
0.024317485504655685,69.59119011999587,,0.0,,1.27927892337122,,,F00264,0.0,firm,0.0,-1.27927892337122,Wartung-Firma F00264,206.97528987706534,maintenance_service,206.49128987703634,21.418244439753664,,maintenance,
0.2826252894367853,82.25673228281512,,0.0,,1.2496139930416115,,,F00265,0.0,firm,0.0,-1.2496139930416115,Software/KI/Automatisierung-Firma F00265,594.2521866693121,automation_service,568.9570546230922,15.910626795271515,,software_ai,
0.0038549612996848556,54.294184003505826,,0.0,,11.730677026157919,,,F00266,0.0,firm,1.761416400758353,-11.73067702615792,Forschung-Firma F00266,468.627582557549,knowledge,391.63315750590203,17.118928743970546,,research,
0.0674730738750857,94.32423683691128,,0.0,,4.924417483772599,,,F00267,0.0,firm,1.5221907698730062,-4.924417483772599,Umwelt/Resilienz-Firma F00267,372.00846103764536,environment_service,341.64405473599726,17.77499308905638,,environment,
0.03341205888058445,45.27143626056213,,0.0,,4.188601392459733,,,F00268,2.2937552458944794,firm,1.1307499940080532,-4.078363050396567,Sicherheit-Firma F00268,5.740294426282597,security_service,0.011777623698795148,2.0047137857722386,,security,
0.14806376557328527,67.89028258965344,,0.0,,23.63675774319195,,,F00269,58.256578089114825,firm,2.1809163691262405,42.471360309755724,Energie-Firma F00269,260.2657606041658,energy,260.21856411602954,27.29349523995863,,energy,
0.04318434957174509,54.440952862084046,,0.0,,10.676839093448303,,,F00270,0.0,firm,1.827471240108557,-10.6768390934483,Handel-Firma F00270,165.68300541741783,retail_service,142.93051752351803,10.071688578325519,,retail,
0.1283785634668457,46.28153022394288,,0.0,,10.897763827626274,,,F00271,0.0,firm,0.0,-10.897763827626274,Industrie-Firma F00271,256.5432090902579,manufactured_goods,242.95436445944978,25.15836006845034,,manufacturing,
0.09872184369680431,40.39349269451819,,0.0,,3.1575480595660768,,,F00272,0.0,firm,1.768275126338802,-3.1575480595660768,Handel-Firma F00272,43.800383178623285,retail_service,39.296146487724975,9.35043104009054,,retail,
0.10701749668737187,32.283444188436064,,0.0,,7.110537299261545,,,F00273,0.0,firm,1.7746883874494979,-7.110537299261545,Handel-Firma F00273,28.131042230012007,retail_service,11.412348358365499,9.82984888187786,,retail,
0.06811289425005845,45.14039025257922,,0.0,,8.30953768406197,,,F00274,13.029644606185073,firm,1.4776366586313663,5.684695949934207,Bildung-Firma F00274,27.62691638955111,education_service,22.763178241589948,6.182863484163467,,education,
0.06072437020646014,69.51272982592035,,0.0,,4.798838256898484,,,F00275,0.0,firm,0.9065213350723488,-4.798838256898484,Gastgewerbe-Firma F00275,284.64337480834814,hospitality_service,271.0732867345593,10.066688548977213,,hospitality,
0.06446386332926315,39.221534167095065,,0.0,,12.824688460232519,,,F00276,21.334569535646075,firm,1.5297782602263237,10.762372249240688,Landwirtschaft-Firma F00276,259.0992272422604,food,256.70002331766364,14.300741252271905,,agriculture,
0.07926880028385926,47.648814045436815,,0.0,,0.0,,,F00277,0.0,firm,0.0,0.0,Handel-Firma F00277,173.39222735436948,retail_service,148.97780216764897,9.980840016605313,,retail,
0.05407759714806285,22.342779096591293,,0.0,,6.708938476063685,,,F00278,8.897158585324537,firm,1.136089210117142,2.924260290429693,Rohstoffe-Firma F00278,64.56332557800484,raw_materials,61.11870712579487,15.056394268658511,,mining,
0.43376781610737125,81.34813309088734,,0.0,,12.55459550295149,,,F00279,49.15556271567217,firm,1.3270504412056165,43.22021980803452,Software/KI/Automatisierung-Firma F00279,525.1687787376857,automation_service,500.474154124243,15.725860767389767,,software_ai,
0.1944822050708922,88.43983247385802,,0.0,,27.08661280565471,,,F00280,72.16231449584122,firm,1.8091943902152967,53.42623110253679,Industrie-Firma F00280,364.5914607382451,manufactured_goods,350.6627511750928,25.22317772216997,,manufacturing,
0.38679918067708935,80.15184260748921,,0.0,,20.513608995895144,,,F00281,0.0,firm,1.2640698254346907,-20.513608995895147,Industrie-Firma F00281,416.26104916694663,manufactured_goods,404.5323245555967,25.170574378548874,,manufacturing,
0.035208062606817664,41.080857307730874,,0.0,,3.407833138488432,,,F00282,5.970486895467317,firm,0.0,3.872091154516119,Sicherheit-Firma F00282,5.071728786559158,security_service,2.1793401593018333,2.0406945110231076,,security,
0.12428171896740614,68.51601990768941,,0.0,,13.962428192935235,,,F00283,0.0,firm,1.4255166175114806,-13.962428192935235,Software/KI/Automatisierung-Firma F00283,289.3105321084361,automation_service,259.01874698307284,15.59226950138202,,software_ai,
0.16241802511357778,78.4987779878245,,0.0,,1.7366311121269973,,,F00284,0.0,firm,0.0,-1.7366311121269973,Industrie-Firma F00284,320.40999250559133,manufactured_goods,319.72326740305647,25.91415432421256,,manufacturing,
0.03858321986666272,73.02046366073995,,0.0,,16.817498666345216,,,F00285,41.77111807583018,firm,1.7969933129621052,30.602832336227777,Gesundheit-Firma F00285,218.7037904890024,health_service,211.40841793665535,23.6390521458333,,healthcare,
0.04514125412797804,95.64475414880044,,0.0,,7.564208135245169,,,F00286,0.0,firm,0.4225237323396305,-7.564208135245169,Bau-Firma F00286,497.6015907606659,housing,476.73363833298237,40.95858898643149,,construction,
0.08970218021971661,59.78022594366738,,0.0,,7.499812380719375,,,F00287,0.0,firm,1.0802987868179081,-7.499812380719375,Umwelt/Resilienz-Firma F00287,116.75860931927063,environment_service,91.77636052378061,18.090052630962724,,environment,
0.07117587668852633,69.70795938433714,,0.0,,16.185228766178977,,,F00288,0.0,firm,1.3075128395167595,-16.18522876617898,Bau-Firma F00288,270.14189124707116,housing,254.00664154216315,40.94925923866178,,construction,
0.026303466311884745,61.299290535674814,,0.0,,7.088525293991458,,,F00289,22.07567672120762,firm,1.3729146165557757,18.24158447823502,Landwirtschaft-Firma F00289,289.69739534643975,food,289.61775550115107,16.489177755531937,,agriculture,
0.08273772923331306,58.44342634792758,,0.0065055368717027995,,4.059744376433272,,,F00290,0.0,firm,1.4414085182752974,-4.059744376433272,Kreativwirtschaft-Firma F00290,84.33909381680044,culture_service,40.10674485500436,13.974290593907511,,creative,
0.14974716102738259,51.15024088453973,,0.0,,6.731341396592712,,,F00291,0.0,firm,1.1622836491928767,-6.731341396592712,Logistik-Firma F00291,172.156716899176,transport_service,163.07900746648482,14.1845732618201,,logistics,
0.06996851262840982,42.19105291854833,,0.0,,10.573290484251414,,,F00292,23.477262360218454,firm,1.055980830462635,15.694067756085925,Industrie-Firma F00292,80.41350179053481,manufactured_goods,72.77510613318874,22.623052206992163,,manufacturing,
0.10609874412682864,37.08578356456638,,0.0,,5.066428276895156,,,F00293,0.0,firm,1.4539127502459726,-5.066428276895156,Software/KI/Automatisierung-Firma F00293,121.27438532751762,automation_service,106.76951273053737,16.014899632713263,,software_ai,
0.032879014607779485,46.905696946785056,,0.0,,2.343739668682643,,,F00294,0.0,firm,0.8923073967196787,-2.343739668682643,Gastgewerbe-Firma F00294,143.08881484232143,hospitality_service,136.04333659952877,10.207972272778445,,hospitality,
0.08313606630246852,82.54058390525802,,0.0,,8.152906638804712,,,F00295,25.33187269874367,firm,1.0561323419376598,20.800279916885053,Gesundheit-Firma F00295,147.69850673801145,health_service,147.44366247026386,24.3728437549583,,healthcare,
0.0629119615555119,60.69238628237043,,0.0,,13.577070511073877,,,F00296,15.925526077085946,firm,1.80542889922627,3.183170669961978,Forschung-Firma F00296,578.5958683174749,knowledge,504.35756115726366,17.1072518901985,,research,
0.06130809010224742,38.07659169374154,,0.0,,0.6572508406752682,,,F00297,0.0,firm,0.0,-0.6572508406752682,Öffentlicher Dienst-Firma F00297,23.672459946799027,public_service,23.304459921742396,7.888182780964368,,public,
0.026653330322709733,66.36991404664475,,0.0,,4.187118718884725,,,F00298,0.0,firm,0.7358426544201901,-4.187118718884725,Kreativwirtschaft-Firma F00298,323.6609148854858,culture_service,281.9278628439947,14.026759995385607,,creative,
0.00996904598196513,94.40778537645332,,0.0,,3.4680094844799525,,,F00299,21.27051914881426,firm,0.0,21.27051914881426,Umwelt/Resilienz-Firma F00299,229.206505565506,environment_service,204.30693495934148,17.99389568826016,,environment,
0.06822632458660673,42.38039647509748,,0.0,,10.576229843401311,,,F00300,37.07018608331311,firm,1.5696009599529825,32.01951269884567,Wartung-Firma F00300,123.84227412701554,maintenance_service,116.7460196663082,21.5815404072789,,maintenance,
0.023282131245377185,42.412977865867255,,0.0,,1.9538077177112756,,,F00301,0.0,firm,0.4269264058029878,-1.9538077177112756,Gastgewerbe-Firma F00301,205.89381199807033,hospitality_service,197.84396081362388,10.039746402105054,,hospitality,
0.19423545460364944,43.189893143756315,,0.0,,6.912908184891409,,,F00302,0.0,firm,1.2238264316646148,-6.912908184891409,Logistik-Firma F00302,192.77762703907277,transport_service,187.45133664518426,14.437209097232989,,logistics,
0.05488867659242708,38.27202794166394,,0.0,,4.11951178168616,,,F00303,0.5529080163575458,firm,0.0,0.5529080163575458,Energie-Firma F00303,13.651090635671133,energy,13.193894147521446,19.046343340729177,,energy,
0.2625971118388216,50.25492106826283,,0.0,,1.1798655174230994,,,F00304,0.0,firm,0.0,-1.1798655174230994,Finanzwesen-Firma F00304,136.783587460587,finance_service,112.02066625500463,9.014622998398773,,finance,
0.04696583653366029,49.26969620516126,,0.0,,5.388656300590945,,,F00305,0.0,firm,1.5694246074631317,-5.388656300590945,Handel-Firma F00305,69.58159721658527,retail_service,40.89461293034268,9.938703399660866,,retail,
0.025655246574193935,40.508673510421005,,0.0,,5.192621815651842,,,F00306,18.836529203750786,firm,1.7954667321917543,16.548699489941356,Handel-Firma F00306,102.71238569683435,retail_service,95.27333631675236,9.536581678994267,,retail,
0.2095993393988082,49.04584689581123,,0.0,,21.955996382708097,,,F00307,43.606155315250035,firm,1.1811520548695877,26.48250520563625,Logistik-Firma F00307,188.78181050037608,transport_service,184.89464417430148,14.459133492754757,,logistics,
0.07331913039108112,98.81805802132503,,0.0,,7.2156105703296785,,,F00308,24.68879499519198,firm,1.43126856601524,21.219237039850555,Landwirtschaft-Firma F00308,578.4274880828062,food,577.1877609009927,17.685940226702645,,agriculture,
0.10756120208010735,40.57720463272448,,0.0,,0.11068691365909579,,,F00309,0.6510994921123282,firm,0.0,0.6510994921123282,Energie-Firma F00309,103.15591120172509,energy,102.6987147135266,22.428802095223137,,energy,
0.0267641874408513,40.13022934505443,,0.0,,1.1516648997815273,,,F00310,1.1106714226202108,firm,0.0,0.0,Sicherheit-Firma F00310,5.501104955943006,security_service,0.005398910338429874,2.005646795212963,,security,
0.20940862079790784,47.36121156657721,,0.0,,4.779744535566318,,,F00311,0.0,firm,1.0534785723540077,-4.779744535566318,Logistik-Firma F00311,189.68315839538818,transport_service,185.55385629388817,14.494585302056027,,logistics,
0.02120918392534626,34.122505382847194,,0.0,,1.3475432260846247,,,F00312,1.667811633283002,firm,0.0,-0.3668237124438509,Sicherheit-Firma F00312,3.598552732484107,security_service,1.0773340982176802,2.0298900435333564,,security,
0.37235486109091975,85.90927502588065,,0.0,,4.405533203328918,,,F00313,0.0,firm,1.3806115791747318,-4.405533203328918,Software/KI/Automatisierung-Firma F00313,568.4290149602693,automation_service,549.1449840479177,15.831155078654087,,software_ai,
0.12071194080793067,57.87702732753306,,0.0,,3.280808398295468,,,F00314,0.6474145142415637,firm,0.0,-2.6074973034842417,Energie-Firma F00314,112.61844592618672,energy,112.16124943787457,22.301863523791422,,energy,
0.16320229431021852,47.50079663020474,,0.0,,5.608851374805758,,,F00315,12.47025269835358,firm,0.946194045859276,8.460013139634444,Logistik-Firma F00315,127.99436678386692,transport_service,122.66528210873504,13.413023104505232,,logistics,
0.19502723767702304,51.82292278256031,,0.0,,4.466481805735706,,,F00316,0.0,firm,1.073321328474198,-4.466481805735706,Industrie-Firma F00316,161.65332397218484,manufactured_goods,151.38124240718048,25.37334753976534,,manufacturing,
0.0675521945936211,67.08296689594796,,0.0,,11.318616276204976,,,F00317,0.0,firm,1.6430054592012233,-11.318616276204976,Umwelt/Resilienz-Firma F00317,283.90712613803584,environment_service,257.1185877490184,18.308458402774175,,environment,
0.0010794065555097055,24.055735759547616,,0.0,,3.430566043769333,,,F00318,2.81868655483347,firm,0.511928218546739,-3.3297860181646746,Handel-Firma F00318,22.676807793004556,retail_service,2.448227158916471,9.942652447058197,,retail,
0.05081627857376856,56.44991278049584,,0.0,,6.364568789521682,,,F00319,0.0,firm,2.117625021099282,-6.364568789521682,Handel-Firma F00319,106.69631808341212,retail_service,83.97411352148568,9.661650316510796,,retail,
0.10800602088270722,43.45496996622354,,0.0,,1.494902495767272,,,F00320,0.0,firm,0.0,-1.0456263835245658,Öffentlicher Dienst-Firma F00320,8.297563326874103,public_service,7.929563316014571,7.855335934732083,,public,
,,,273.58148905312964,,1.1106714226202108,,,B00321,4.953546816037465,bank,,,Q-Bank B00321,374.45146336221825,,648.032952415348,,,,
,,,364.914449145093,,7.117323436229391,,,B00322,4.62220706019275,bank,,,Q-Bank B00322,315.6983183518163,,680.6127674969093,,,,
,,,264.1197722768984,,1.9723307200708982,,,B00323,6.206466605429571,bank,,,Q-Bank B00323,343.17131481096624,,607.2910870878646,,,,
,,,392.8851368970544,,2.8554517457449524,,,B00324,1.385429009882017,bank,,,Q-Bank B00324,203.95395973421847,,596.8390966312729,,,,
,,,4474.038090074098,,283.11556561315336,,,GOV,150.5072513825131,government,,,Staat / Gemeingüterfonds,-464.6114912343269,,113.5018904903553,,,,
,,,0.0,,89.59795076385522,,,ROW,4.024170997966555,external,,,Rest der Welt,9030.091189849109,,8572.202808072732,,,,
