step,mode,agency,freedom_from_harm,truth,causal_integrity,norm_alignment,hierarchy_legitimacy,behavior_cooperation,repair_capacity,help_potential,resource_resilience,material_output,liquidity,fairness,consent_quality,reversibility
1,baseline,49.80165977880695,47.48596343645729,49.5441516933107,49.24749673057945,45.55900440224225,51.20480861159913,49.06354305972441,48.632550334295324,51.07633651836321,51.5328652453147,57.77435872011017,54.398907014835494,50.12575184954756,46.881848292467474,50.1946187864854
2,baseline,49.99430828804592,47.978395006090764,50.76594507920295,48.7289722393907,44.19529923496311,50.17162840934778,51.679319297714144,50.110898046578846,52.90458512404134,53.09171500510805,60.82889241345947,55.44416985558471,48.56129762456749,45.54158692494629,50.28396816982745
3,baseline,52.84443000961759,47.45524394462916,51.75454401323253,48.80701176116651,43.40906045758156,50.40939407003832,53.80536516676459,51.95152016052369,55.08980871694945,55.7015317941971,62.333496304703544,56.29254475626508,48.56053770987241,46.41668948709778,50.33006640157261
4,baseline,55.09886681228454,48.49805539451306,51.90276479861476,49.5340838765551,43.25336509360408,51.440520301770846,54.88397304166659,54.12717457112582,57.3500691799479,59.66160578375438,65.58243587215254,57.20234289809203,48.8353339237063,46.39019122235933,51.13130857848357
5,baseline,54.86383766407995,46.42804866405933,51.134765485371545,48.31112201888335,41.746681239910075,51.10422017136797,56.36124046553302,55.355956307863174,58.67744917028542,61.71725072116199,70.30371805099938,59.35425550164399,46.84373822202309,45.324039139280885,50.573484002884356
6,baseline,53.22679283122776,47.081879686644136,52.06078273343176,49.525607688466344,41.41040440235871,50.10961010965549,58.01475263475483,57.34922506377802,60.00727479170716,64.83386915476521,73.81034469995731,60.55803989729151,45.772656306466516,44.1129966531241,50.88911203142948
7,baseline,55.644351708769975,46.67986975001206,49.97079055463299,48.9339823457902,40.33116122224409,50.64805904982147,59.50127953401054,59.09435649333252,61.655708704619165,67.23482880242113,76.5935180960576,61.34732618568048,45.63765827511686,44.750588690784525,50.98242791819133
8,baseline,55.91799904713707,47.2894149251024,50.75408745944147,49.80716733302934,39.33214501281939,49.352672643073234,60.378403990491925,60.38785910790216,63.637235854631946,70.14164644812016,81.27570234936294,62.725918290492984,44.853951297605064,44.17654748912194,51.28854807754628
9,baseline,56.8782675173343,45.9709964905464,51.660222757873385,49.68993302487448,39.12570240786444,49.6344516254387,62.82288688272688,61.44628920897892,65.41371255668496,72.4956357159073,84.3140492062136,64.0174939823597,43.94091389761193,43.49832857360347,51.09357720150183
10,baseline,58.754270077304305,45.85499912906752,51.979296515343414,50.393381737618895,39.95242548382049,49.41628644432188,63.82600733505154,62.49493078348159,67.68587249058174,76.49916437827879,89.34843949138907,65.57468863332943,43.82100338750334,43.30904293798276,51.27180588738054
11,baseline,58.66701314453182,44.89416156354751,52.7484700097457,50.93664684930879,40.58349634251446,51.19883548528898,67.01652999189682,63.03487499263461,68.75130620759107,77.96765521886701,91.4349558062573,66.70098523036089,43.81970405337983,42.17838639152778,51.73465936953626
12,baseline,60.17064649844461,46.04045936423152,52.702200201423196,51.620892170082335,40.66036891591087,51.845808952608685,67.35098402615549,64.99089646146606,70.66098451436395,80.08736476466258,94.01555157659972,68.22907426606602,44.1644819366647,42.13526051938861,52.0412286815624
13,baseline,62.02380157383176,47.43648474448453,52.248587909573565,50.36666347739571,39.82687416393318,52.71375021587541,69.5322332866253,66.91329628417593,72.96421510232958,81.91814504046879,96.45165338653383,69.91777386760826,43.86381096294033,41.09797328344211,52.67632183435651
14,baseline,60.513766795884045,46.34885710926456,51.67044029718282,51.7662679484673,37.68540434301674,51.659236528664266,70.10652000844992,68.32068091164649,75.55386550959221,84.82124696577219,98.29122877877438,71.50777040465093,41.31363394319151,38.89292416411345,52.57739709289909
15,baseline,58.36098918707055,43.80786649492081,51.80333418776111,54.29382534284697,37.06151966223899,50.39335577008276,71.6063698047441,68.69148015255405,77.27894033289607,86.12588115377645,98.61954372259936,72.53648246427699,39.30347304002101,37.42837112325151,52.17779804657223
16,baseline,57.26595678228082,44.68199104349207,50.25596717507354,54.57035786494547,35.11180473485674,49.06033944658857,73.60127476946134,70.63682453174087,79.0086767247175,88.27355326098885,98.5474860006221,73.72661002947626,37.67247560637002,35.537279619827096,52.7698414908384
17,baseline,58.14042938531313,44.98812894473382,50.93304558905567,55.73888746787402,34.71157984562203,49.283866066062544,75.1865360035455,72.14002490334198,80.63847296626996,89.13132259841397,98.23018418089403,75.17218400059114,37.711031970574126,35.40787178102626,53.22578818836773
18,baseline,57.32699436721297,45.81767902420874,51.1343815335146,56.23706409252884,34.60054091800839,49.78376369258585,76.7755523731083,74.31752688740508,81.69919756351626,89.63469862418269,97.88424170489593,76.53691890737863,37.070170523425254,34.550138506619206,53.430922165219684
19,baseline,59.316086603029916,46.85873425747492,50.958492623598964,56.224457860831954,34.29995982768013,49.781215840654355,77.49062170145169,75.8712089996042,83.76440178290522,90.87570775697748,98.55908702757719,77.61102250770287,37.18337873910012,34.519251192728206,54.01588712755388
20,baseline,62.94301488743516,50.305043203456364,51.52818362607943,57.23964241966327,33.54812292828167,49.43924635308978,77.96966198357725,79.24131296903799,86.81300872510644,91.34374515434551,98.79596403429318,78.01867730603072,37.922339886733035,34.943399448050506,55.06783258477638
21,baseline,61.841190892550685,49.03612232304487,51.79552849957948,58.65587228471763,33.235506827518925,50.32649063150842,79.7504281835721,80.54049481748322,87.50142154679322,92.3400613126293,98.402781501047,79.53019375689283,37.35329106456506,34.57764810842626,55.0860192013594
22,baseline,62.20228254828449,50.73644989282728,52.051685479420485,59.0941132623816,33.21376074483847,48.92467426175404,80.83743084749374,82.18819274019503,87.95872265260061,92.64797993873991,98.82573184218742,80.67721353097613,37.53763344458307,34.2782332260876,55.52336743094463
23,baseline,61.944947845498746,51.94394336839739,50.78295984439801,57.41043317076738,32.308153234050124,49.1948808990805,81.44736903921496,84.07322632816236,88.3430866456246,92.73912742983352,98.96788573130036,82.63589209743785,37.19991193256521,33.75608844883028,56.01965067393843
24,baseline,62.3313081836216,52.930184743277685,49.82862247243106,57.174681852882806,32.02513149570973,49.598802958126896,83.1203712908111,85.23863438261661,89.28232053267011,92.84861524020923,99.38941421453964,83.10061757454119,37.04064158553695,33.88634511921408,56.54392510609605
25,baseline,64.41462511885072,54.665990612696454,51.45191579158602,57.60982053911221,32.91498264213233,50.07943271686869,84.2704520085775,86.5838252874804,90.0823877294564,93.34435244086778,99.16437133432154,83.9887175780907,38.01518266546819,33.725600511547405,57.08595139234227
26,baseline,64.2928837230908,54.80560949409479,52.54574137391487,59.00326082910127,32.62279500699365,50.426471115517565,85.48494986440411,88.0959707446243,90.62263865889784,93.34878703198457,99.34692664445848,84.49942775558024,37.75823955740511,32.96087903300967,57.58059877939337
27,baseline,64.10975993089485,55.48469373522154,53.024180613307365,59.7918601230024,33.46469803691677,50.986706077756025,86.21211339254019,89.1318588027087,91.23161785545413,93.35060429734179,99.0825333116882,85.09228421365532,38.68913587403906,32.99857112204928,57.93697775844023
28,baseline,64.57279451159218,55.80950285708311,51.498017710316276,58.87427448206306,33.492490399759724,51.747337192929876,87.05105840912981,89.29963605366103,91.72161499560391,93.41519832084138,99.55980271562225,85.50032860306997,38.836221575042565,33.323597425029035,58.5157751651537
29,baseline,65.82434634732093,56.00264479875176,51.834903584715185,61.09534226041292,34.797109497394516,51.61970349777856,89.29433142696118,89.49494574382179,92.23363732256394,93.62929131611841,99.70905220630655,86.58238264600826,39.753376376502175,34.79507561856765,58.776930545238976
30,baseline,69.45780185548338,57.15469371114782,49.967045467759945,59.46237848857038,35.05579645624206,51.546872859166726,90.13550563687485,89.9151793098178,92.28237440193996,93.73945612166176,99.90217112676382,87.64602549484883,40.62296791819897,35.382941681921466,59.22264536005836
31,baseline,69.66743958417638,55.88389533700884,50.169974206209595,59.87073159191526,36.69290413728523,52.5820362548874,91.0662418157674,89.869507426264,92.40320232576775,93.87795722554213,99.73578272086581,88.14739986965705,41.852040692334775,36.03994137039037,59.70005416346764
32,baseline,69.68144746346475,53.79978154156978,50.73538363376711,59.74347419887946,36.97164846538329,53.814415585802195,91.49870455673192,90.01174139844422,92.47177439460272,94.01567719292755,99.02884325463731,88.44821416126469,41.6119767329117,35.998886176701056,59.593063334666546
33,baseline,69.53121457063475,53.80069470963866,49.65503824715155,60.355103697638754,36.82769101531754,53.879059870798265,92.21460060551131,90.13186708981705,92.65799996698124,94.17923457217981,99.6900957851158,88.77120542458576,41.56027133952385,36.272969205314276,60.11100735008387
34,baseline,68.42214241619685,50.539724803653485,49.77555938767317,61.62985998094742,36.67608170064569,55.11697814092652,93.01600898917144,89.87686620675986,92.84441191619958,94.39251907243522,99.30256801046039,89.33700277554263,40.300353216299804,35.632669195760094,59.62619796361162
35,baseline,69.29918057267962,51.191087798808454,49.397263230163624,62.45126086285425,36.83379066173063,53.39904602296674,93.97695247958086,90.01811909630065,92.8457225032694,94.50850031056233,99.47423956326345,89.37638480652605,40.65257271151871,35.797575594696816,59.99786285824591
36,baseline,69.85197560559729,51.433290040820694,49.62479769295426,62.999022755329314,36.64989912524506,54.07586263507949,94.44114352906827,90.17428621726381,92.8458388483924,94.60341634515987,99.67348648827462,89.77270012999676,41.01782653670804,35.664840528519846,60.28639185917075
37,baseline,70.8525792846963,49.63268335017809,49.68829597304228,63.35414352105348,36.93226455641555,54.52808916845297,95.17050000731312,90.07146643764918,92.95302864517784,94.90224774596956,99.04906098344394,90.02908322755113,41.10216647960411,36.873086708090185,60.27118327624371
38,baseline,69.9452250906037,49.01140288335476,48.55460413697945,62.94810781170563,36.63988413535081,54.25132224641364,95.78640479033079,90.14131986391187,93.39355563007288,95.13589193169987,99.5115191704555,90.7649280430558,40.73770137630419,36.54727865625822,60.39972345722904
39,baseline,68.1974809883508,49.35647980742563,49.2204073559407,64.39849416915358,36.34372840633678,54.78814674013245,95.80220889299932,90.26504461077498,93.39355772563478,95.13656463919627,99.89268881653496,91.37013750618345,40.28720542165351,35.57413085623658,61.02003103523202
40,baseline,67.75895103648874,48.341359807693586,49.397903006553406,64.48720981386539,35.974683034324215,55.1825471421089,96.54092392542668,90.43728789144384,93.89061286017079,95.65309160568853,99.98315436134673,91.87719908928914,39.89574962612809,35.17539193990899,60.84126816643472
41,baseline,69.57911715960167,47.01261350145759,49.73593278399493,63.02366745187528,35.341618911381815,56.48345639960841,97.03868378430394,90.31815347613912,94.09053364922582,95.6531111744346,99.99365569359182,92.70913289458412,39.89437019652067,35.48339178471781,61.120216660915034
42,baseline,71.65520838278881,47.588543501343864,49.37456339912979,63.14831514533679,35.593035038327855,57.53713568252103,97.2610342543114,90.62941017094126,94.17465793674137,95.65311918979299,99.61090544949403,93.0723124323126,40.77671569376828,36.37301498701346,61.80531183398752
43,baseline,72.33440906641269,48.11491316550764,49.42295707511554,63.43914616145533,36.53654570784204,58.01657140981691,98.46181727402032,90.68284129422561,94.21493517417575,95.85736774575982,99.693443060039,93.60791342660558,41.36947623027038,37.298659555477784,62.402998210859835
44,baseline,74.2851539716042,49.62376316243048,50.783348620066796,63.586911043351265,37.630529394192905,58.62536159039742,98.64082415673002,90.96771311772228,94.33094199887886,95.85736829657108,99.89695105349041,94.08450909065296,42.79288613405133,38.043497074106256,63.13782385079314
45,baseline,73.50450070558819,47.36813750299295,50.03405532605849,62.29592066643477,37.24583348728773,59.52794824000699,98.93094078574971,90.84241782332285,94.42319187016503,96.06549741656318,99.66508573688618,94.83682988010008,41.92680668213832,37.78329220840741,62.98817581731644
46,baseline,72.34256404748479,48.602975235453506,51.17076126351717,62.63601591844483,37.515777250196024,60.744202062708055,99.353352614933,90.8976837039863,94.42319187018416,96.14758885880477,99.62258343073115,95.00666663740684,42.35925546718817,37.06415277058063,63.98291516441465
47,baseline,71.49349145400394,49.08027211341895,51.18432382442874,62.28437314203852,37.37373071520628,62.05402464016665,99.57503982000532,90.83978491113746,94.42319187018816,96.14758891794767,99.08883945729772,95.08224046237942,42.822910678745124,36.272748717543166,64.922692600197
48,baseline,70.84801521240847,49.80847747521848,51.12857082012714,62.132960655400076,37.49523275582027,62.69575356337706,99.60201126357904,90.84671393982737,94.42319187018981,96.14758895457335,99.4966647676613,95.25010541082395,42.68244488747531,36.34001093116278,65.33611550694386
49,baseline,71.29796800424899,50.173442639348806,51.98732827531097,62.797023281837504,37.736578175373424,63.05543309574436,99.48088238212208,91.43561023204137,94.73582844795114,96.41355626374435,99.28869184700434,95.95649431059437,43.092444111612835,37.18590055019923,65.50906373898167
50,baseline,71.61316387496875,50.05536617457405,51.52769822548815,62.83174230263636,39.422910534439026,63.83336800932078,99.75040010433383,91.30355272440991,94.73582844795118,96.46243451480373,99.39478519448562,96.12310201854692,43.60119439987783,38.65284189802709,65.5601566212854
51,baseline,71.42237321288376,51.16221101673776,51.33470370865258,62.999370762225126,40.09801074697347,65.3982010418428,99.67236995405294,91.77071569955055,94.90516271361334,96.55561812557987,99.81580024032435,96.5987610513821,43.86811764678989,38.73119725126717,66.38323213882356
52,baseline,71.77336518720624,50.432953451648316,50.35729834870043,62.49012866085444,39.335202273902816,66.31112756298376,99.81844011775337,91.64860914084144,95.57218170077465,96.84149060597345,99.96165688005799,96.95844692202002,43.33589095749522,38.73074966148093,67.00499173873837
53,baseline,70.86166634600744,50.80813220785408,49.95715144047127,62.85116496053511,40.40140487529724,65.72326466389288,99.74413947970639,91.93106131644804,95.84901727398635,96.84149060603201,99.60588153961467,97.1353124485504,42.554431538133706,38.64658156058745,66.9474075979833
54,baseline,70.80873151151287,49.09997717904548,50.338973161291946,64.00625116423632,41.66872547742133,66.68133432007194,99.6287729735561,91.93568415814536,96.08586437018803,97.26035320264047,99.36738432701387,97.32660195089643,42.47605421955598,38.50049775516879,66.86743150200648
55,baseline,69.38469263846197,48.44149008122831,50.864555987628435,64.62761864382723,41.10614161860186,67.52913647540903,99.55596489093726,91.94007996340702,96.28509393375988,97.50910353863087,99.81546617492603,98.43376777502104,41.91923276702839,37.952928791373,66.92616311060576
56,baseline,67.32373854774643,49.531739729814085,50.968079271078786,64.43593142599201,40.103846452115924,66.58559928781034,99.70717395433286,92.23540260400037,96.37412540911315,97.50910353863205,99.89764232551605,98.71377499396502,40.9487816337483,37.282641244059036,67.38333450747282
57,baseline,68.13737041785474,49.29311162966819,51.030954424256315,63.60806646689323,40.604755546066684,67.41676294059195,99.71794498837065,92.2500925065976,96.45108276988512,97.68702523161335,99.10610347462752,99.20057944844706,40.92283322585848,37.83285703221029,67.39503777797373
58,baseline,69.20221592204376,48.11545754180238,51.87599430339911,65.32678861161467,41.522559995501425,67.29909247129959,99.81938890036899,92.29847374236071,96.63218536552405,98.36075461169217,98.46777640226924,99.49583967025157,41.129224682765695,38.54301913062623,67.26813370360586
59,baseline,70.25015562229562,47.616658705879594,52.36609737799129,64.9646820018186,42.37252217176832,68.02967208634185,99.92700265272542,92.36078098086688,96.63218536552405,98.36075461169217,97.95768375445286,99.64038205438092,42.275984784891534,39.953904254368666,67.50004274364942
60,baseline,69.13888136845742,46.0456089280728,52.008700287985604,64.17457421283042,41.86225325934075,68.79818574164469,99.70272791383273,92.48056329360463,96.71878377548617,98.85701808340704,98.87044750570033,99.83216325886366,41.196242708439556,39.5574280003976,67.51390443227882
61,baseline,68.12243290136641,44.44868458937228,53.24786444326442,64.77718560932846,41.36151423219601,68.93123963969573,99.80158656524019,92.49689675469288,96.95002983984273,99.12891534328622,99.31519226529774,99.91723484831286,41.124316391768396,39.49366964961066,67.42227022439235
62,baseline,67.55290259353623,43.41664855214169,52.548891903341925,64.36044578127091,40.17358835748004,68.8019610944701,99.84336338351292,92.49022147786232,96.95002983984273,99.36016603649236,99.82119077851607,99.92322118294139,40.51940165374389,39.433338435895635,67.29739217480247
63,baseline,67.49001690535349,44.52427232865573,52.214795700819856,64.37710123256129,40.29560260459774,68.34880741284087,99.89025654185029,92.74224302122835,97.008041056292,99.71014249100287,99.70450990410023,99.96759451382339,41.10774611619742,40.0267965545431,67.75952499272222
64,baseline,68.31582374647135,44.64604375384529,50.74215324007222,63.52699657205037,40.505947926060244,68.72172506726731,99.93104807986154,92.73804803992073,97.12848448433525,99.78836161377603,98.93245283099611,99.98711865201983,41.30860534987973,40.694048544093114,67.90375359103862
65,baseline,67.9070673498298,43.486012342219155,51.99938782777764,65.01601201409062,41.506824576757325,69.0926432960085,99.76512977218177,92.74765786862335,97.12848448433525,99.80764148150021,99.64744014092312,99.99208497550363,41.33571432634076,40.487570087102455,67.9588589352844
66,baseline,68.55778480337497,42.57851587618556,52.98107926801379,65.52270452003735,41.97731471910228,70.2224555643298,99.72457641210227,92.56833826445263,97.12848448433525,99.8133420031398,99.52350405841028,99.99783886842565,41.69935193862826,40.97611149901908,67.84124480717253
67,baseline,68.23345848739102,41.485959008243896,53.655135592988984,65.50541587118812,41.821998365439114,70.61320642808991,99.70856773398282,92.57373510104499,97.12848448433525,99.81418994068959,99.5512937366776,99.99934721719299,41.60622836171158,41.02126943929408,67.60967355419567
68,baseline,65.93412211717717,40.70530152995632,53.0157286176173,65.3761980173621,40.33910796615191,69.96097395076694,99.63501701356505,92.47824887678334,97.12848448433525,99.87444640138423,99.50712930683878,99.99983527784443,40.179980373267675,40.32461505510118,67.10307686782743
69,baseline,66.23156206256553,41.36789473570726,52.26717970683484,64.23463963731807,39.819573764314455,69.17021438874966,99.80114627343244,92.51448783332106,97.20638018751887,99.87451689366176,99.69496380557602,99.99992284741798,40.43763037160052,40.44603958329792,67.23378550965808
70,baseline,66.20553821265403,41.55362790367857,52.980035652912456,64.44411859121172,40.919886244484985,69.97863095213,99.70048710951386,92.73296399985676,97.28951528543419,99.9196948162154,99.69881591191385,99.99992284744602,40.90735301852247,40.99802994661164,67.45918161462053
71,baseline,65.43818668912942,40.70947869577917,50.98071979224691,62.552999307765084,40.67034049542445,70.92496224797848,99.90414920580076,92.77980736736082,97.37226082815042,99.94860468237786,98.9452701738928,99.99995062238429,40.45750874976012,40.77678910148036,67.49302583303214
72,baseline,66.54842039691603,40.38289198372455,48.53990030612265,60.127063266455465,39.71120797617972,71.12675935922184,99.91171942389326,92.79556304902319,97.37226082815042,99.97894861215815,99.06356688586628,99.99998520508352,40.18951096729502,41.45216174848642,67.26949429416074
73,baseline,65.79498209287118,40.58269915261822,50.0654624746711,60.35395547377626,40.11643974614986,70.33591521772381,99.89415721519201,92.57681435770346,97.58176239318047,99.97894875307344,99.03033660221969,99.99999326964384,40.530369856678234,41.16885843082333,66.94759953088892
74,baseline,64.9516168834288,42.26049456371748,49.23285107208746,59.893697928977055,39.857643539551574,69.84722979200387,99.94431019443736,92.67020356768556,97.58176239318047,99.978948825208,99.29438375132109,99.99999691732035,40.44968836648308,41.01022461525906,67.3412952060651
75,baseline,65.21619200146175,42.10417115493118,51.5596031221924,60.35117970114834,40.945762948477025,70.11716358588727,99.82129430555366,92.43722016892568,97.58176239318047,99.97894884411762,99.84583997207423,99.99999911049161,40.77782287096076,40.80904447538941,67.31651765145061
76,baseline,65.46055102229869,41.113776659454615,51.4732096120047,59.631915803010656,40.326483271334325,71.26150460593252,99.56517886978008,92.73585171348577,97.6690797572267,99.99137744655057,99.54558895824076,99.9999997960839,40.831307614303135,40.89382843682213,67.26102733024689
77,baseline,66.18055526149058,42.14202039078682,52.38731804600231,59.441537702327004,39.22886736123904,71.02028536570522,99.69357827599745,93.05974044732424,98.15798411225657,99.99448156642637,99.55448699660174,99.99999991647594,40.50534598177278,40.503129132087466,67.35326664715402
78,baseline,65.99344698327346,41.816702554758805,52.50512468831725,59.95664549870476,39.35049921768322,70.15290245386566,99.85847980149859,93.08105392233153,98.26740909520356,99.99646820251289,99.23358709276961,99.99999991647597,40.45981690306752,41.017690140971176,67.2065105244424
79,baseline,65.39326874206816,42.201445286311255,50.530626234087855,59.12040962927874,39.325345024018084,69.47973318994583,99.83331387848747,92.99275141283924,98.26740909520356,99.9977396499489,99.91080138874574,99.99999997138246,40.71781531492783,41.490392904669775,67.08823510122849
80,baseline,66.23160960500408,42.29222857825402,50.672453217406066,59.005207642254085,39.71829710378107,69.74854994861604,99.76191843145503,93.30927478377707,98.33817264872991,99.82887318422465,99.96551823954977,99.99999998974465,41.09565633232209,41.68461919896715,67.0016190309881
81,baseline,65.94529529915359,41.82712627454676,52.433942062425764,59.55164465158707,39.740645834099666,69.35919586796581,99.7188950757075,92.97787545446312,98.33817264872991,99.87433294607018,99.44567426040403,99.99999999403722,40.72104430628196,41.23502315751249,66.43594677116211
82,baseline,65.319837920306,41.933472602603146,53.28500726567561,61.12590678756059,40.29835254798802,70.27252398715632,99.76354335473957,93.06405884300162,98.63599712640107,99.91957308548024,99.25402204990914,99.99999999642985,40.78506285250963,41.07441523512837,66.62758124687505
83,baseline,64.37094214844531,41.32523105480915,53.34179154498819,61.03355053508833,39.989388133460956,69.78050996539136,99.76800186567695,93.17648839155989,98.63599712640107,99.91957308548983,98.99645876132186,99.99999999788037,40.64433439157836,40.84134218412848,66.27896922756736
84,baseline,63.57205961995078,40.368881812802826,51.21543237730695,59.80376783289537,40.1776558274909,70.2799658463423,99.89214457230874,92.95493307822315,98.63599712640107,99.91957308549107,99.30246471140075,99.99999999796496,40.062996553924755,40.7896723628576,65.89598257382384
85,baseline,67.2439269736499,42.10185323004257,49.49764945275682,59.43247222194181,39.97875807142317,71.0104435236519,99.94379253078974,93.44239466970323,98.81300925557107,99.919573085493,99.44437076284474,99.99999999870893,40.91649988113265,41.573551740620694,66.3733077709788
86,baseline,65.69856286424103,41.02140969962721,49.940856536841544,59.74019677099693,39.12689849555389,69.87924525386997,99.84433118120008,93.50810962859497,98.97629339240035,99.94852677471565,98.84717664445427,99.99999999978148,39.886221573789314,40.37708975429776,65.79104010342543
87,baseline,65.34781139350405,41.13910500320831,49.99671847810523,61.070495715462854,39.132408048294096,70.3139359245585,99.94731247308904,93.57474837194505,98.97629339240035,99.94852677471566,98.56041355881906,99.99999999990976,39.9134621418667,39.654350431429485,66.26342431221329
88,baseline,63.89953840521456,41.76718315672394,50.146768607469895,61.554108895903845,38.842662678892836,69.2483300384819,99.89693455590069,93.66337683110329,98.97629339240035,99.96705713581802,99.07067696873544,99.9999999999748,40.424383389056445,39.70775688181345,66.31786949399705
89,baseline,63.74372568662808,41.08660116178794,49.51635086930315,61.696671919320366,40.04213236073555,68.53961724930932,99.82564558058041,93.60664404652667,98.97629339240035,99.96705713581802,99.57184172685061,99.99999999998388,40.58829179883572,39.75886833813323,66.22145394934532
90,baseline,65.07388604036363,42.16205475005448,51.123463805362846,62.085951794200206,39.879184517845246,69.09944609725704,99.86513985103802,93.79046146411048,99.2477852427871,99.96705713581802,99.25582209231649,99.99999999999666,41.07783198894369,39.65253514998377,66.65884965692636
91,baseline,64.95769195876868,40.7250579383136,51.13953274238145,61.89101721038177,39.210176482941634,68.74379194650567,99.90152194730108,93.28877567529531,99.3570567033926,99.98650660283106,99.44063640097256,99.99999999999807,40.27928572240022,39.34801199118374,66.24142317097926
92,baseline,65.06741450192943,40.59910645342181,52.11729405703951,62.57324782045593,40.38647320036953,69.40799316693608,99.84331954431721,93.4150623917806,99.58851629017127,99.99136422581188,99.90632134804152,99.99999999999912,40.6704530081128,39.37183575573211,66.36086806549375
93,baseline,66.22057621312226,41.99883450284448,49.76428083156819,60.579480176807785,40.20499282363485,68.70850823094204,99.89141572172204,93.5563624793875,99.58851629017127,99.99136422581188,98.5205714432105,99.99999999999936,40.960916661921274,39.876777095157664,66.05535270532586
94,baseline,66.8664851263585,43.21849875326396,48.15730758326315,59.95821658499303,40.87666244944733,69.00132873823154,99.93501484849828,93.53494432745683,99.65836812079462,99.9944731045196,99.02362558425905,99.99999999999969,40.99961372595525,40.176972273169476,66.27133971747749
95,baseline,66.64318221391623,42.29771739135665,47.8836792647917,59.894053427476635,40.63867564195063,70.01707757280698,99.92565218517143,93.47152643063939,99.7686690721097,99.9944731045196,99.5309959981667,99.99999999999983,40.811381406558986,40.12280771475536,66.35742025420696
96,baseline,64.15208938090231,41.63424136831761,48.05248806267967,60.632085182151194,40.395617435832136,69.63283575452674,99.67028406763794,93.53946486563851,99.85194820615021,99.99646278689254,99.27821029770139,99.99999999999993,40.41100380666724,39.68691531212956,66.16462549436262
97,baseline,64.18679144457877,41.858945593262064,47.92655709861176,59.80735400271525,40.53251702056143,70.81835581110167,99.73244105054796,93.40085607598994,99.90524685193614,99.99773618361122,98.95045077918812,99.99999999999996,40.72542462239667,40.18639028116874,66.1123438018358
98,baseline,64.15609266443329,43.09420108041933,47.18752566361017,59.36482146300962,41.448626125755105,70.82086779758562,99.80595676831612,93.49735290133341,99.90524685193614,99.99855115751117,99.53219996714057,99.99999999999997,40.770842814708104,39.92748231139113,66.24186593559138
99,baseline,63.90898403833785,43.01007363125699,47.76490817524386,58.999667320248214,40.260156504458685,71.00025560143953,99.83648870939336,93.50312907012831,99.93935798523913,99.99907274080715,98.87510058559879,99.99999999999999,40.637977218573454,39.888769650908095,66.03445527554138
100,baseline,63.855315360507916,42.91097197088511,47.85734419768604,59.219235790089876,40.32556549258871,71.22529167030838,99.82963430861068,93.48097991221539,99.96118911055304,99.95611772077237,99.69379123781663,99.99999999999999,40.8650662681355,40.36160915951751,66.06595165644572
101,baseline,62.97960087572064,43.1509959867863,49.499236810071295,59.72243757732268,40.02078227324766,71.96049189433859,99.77132121420911,94.26411690127733,99.98410305968252,99.95611772077237,99.84564903607037,99.99999999999999,41.32622995392789,40.308139813794924,66.46233810748409
102,baseline,62.496293430115145,41.64369154964264,49.701940577227276,59.99031996259379,41.16378504289139,72.6050028238028,99.72648497122009,94.2131261759902,99.98410305968252,99.99245842056094,99.90389347722241,99.99999999999999,41.08209729951678,40.69062815913689,66.2615050495385
103,baseline,60.92578479321287,42.42667538504042,48.798902101837825,59.11364528571662,40.0630741137688,71.0508746286354,99.61013697524008,94.62703182958545,99.9898259581968,99.99508588200281,99.27485842627313,99.99999999999999,40.61206434002373,40.45667092984594,66.14188995418016
104,baseline,60.27606219358313,42.13510381704809,48.780168660824714,59.39381410454074,40.204047960797354,69.87631048406972,99.65223911370519,94.75578256025007,99.9898259581968,99.995173389159,99.86267423243171,99.99999999999999,40.557753088006805,40.371952407970376,65.93540511574587
105,baseline,58.76964542072689,40.86529301049082,49.08313965029747,60.26394507594737,40.28149746979751,70.26275163393953,99.68509101303978,94.65973013323304,99.9898259581968,99.99934288234614,99.50444869871012,99.99999999999999,40.252054197768985,40.296052888483565,65.48438394343886
106,baseline,58.98378981077708,40.7928935636384,48.1802400892622,60.381122652293314,39.743639008733716,69.78255305067793,99.77830460539113,94.44624395309572,99.99348861324596,99.99976895814261,99.71587863821112,99.99999999999999,40.1878169049842,40.53631957243323,65.33361831109826
107,baseline,61.08207662173335,41.313768972891694,50.86082757694565,60.702465820577665,41.27573192715905,70.29166848868462,99.88362142921403,94.74504233513605,99.99348861324596,99.99990181302277,99.45601376366348,99.99999999999999,41.1978953634992,41.143539453719825,65.46336442656005
108,baseline,59.962559976747265,41.090594355068546,50.115498970463506,59.821677508797144,41.70059956915623,70.78581634912848,99.81311492412881,94.97003944718661,99.99348861324596,99.99994510134952,99.69708775793029,99.99999999999999,40.75340834971598,41.18333936619737,65.2290439326907
109,baseline,58.437212164795234,40.71366232660791,49.864556050364044,59.91973963951917,40.29713767643317,70.90490623058429,99.6866286023545,94.96860746024603,99.99583271247741,99.99997959520218,99.94055532341608,99.99999999999999,40.143242849681215,40.846929607548475,64.94046795068918
110,baseline,60.08365528918316,42.48499368633489,48.878125024478074,59.702173452997705,39.973384268628024,70.86300505075181,99.71529497567236,95.64942961304678,99.99733293598554,99.99998868854131,99.58396286145069,99.99999999999999,40.5945355886279,41.403946024096086,65.3648302373328
111,baseline,60.590055287108086,43.12915662420512,51.09220543999015,60.388379589394866,40.54053761601556,70.42368838480907,99.74402474926805,95.79243919579307,99.99890757057968,99.81808285911919,99.73642201864072,99.99999999999999,41.59902341485102,42.06397084955488,65.47435530833083
112,baseline,62.94919270586538,43.033780861031836,52.642960202651906,60.56199361403028,41.54966653664343,70.85848120346934,99.78370727577818,96.02558988340895,99.99955254090943,99.8835730913369,99.93696298003512,99.99999999999999,42.40038999220285,42.456953439014065,65.71143484679055
113,baseline,62.88223447164163,42.64245843268502,52.62965137245966,60.50896438068546,41.12345706909941,72.63227194548762,99.82767925401895,96.2065057941111,99.99955254090943,99.95231154450312,99.6324237984544,99.99999999999999,42.210313830221125,41.97581850566403,65.93377584368683
114,baseline,62.52301409295111,40.56273567630688,52.88940935451743,60.69186366581819,40.1362602201324,72.82662207595047,99.80801445636666,95.91133537926382,99.99955254090943,99.96947938848199,99.0028382233705,99.99999999999999,41.17549313687523,41.52777630607498,65.30944577766192
115,baseline,62.534019616088436,40.981446735009044,52.73466586490075,60.808789567779364,39.89654630453024,71.84849747340442,99.72857512610797,95.9978837718555,99.99955254090943,99.98046680862848,99.2326575159314,99.99999999999999,40.339683815131515,40.569219539615894,65.255225670597
116,baseline,61.30109458165382,42.19786218555404,51.332529305406794,60.69833518621101,38.651793722369426,70.34838244435161,99.63234159367335,96.35952462003205,99.99988270128416,99.99199920548976,99.48059775457311,99.99999999999999,39.39618116327566,39.732294256771624,65.33005695989584
117,baseline,61.705785176632745,43.046411846904405,53.04098146013301,61.495695181867895,39.44172845296181,70.05229178278266,99.75489728373813,96.60115482933251,99.99988270128416,99.99487949208059,99.71993358207534,99.99999999999999,40.3511340280987,40.51030855997617,65.69965430781986
118,baseline,61.439547930978016,42.55246479915833,51.7353856936209,60.857086834878075,39.985398318420195,70.46068623398727,99.74971810214659,96.6345565431495,99.99992492882186,99.99790263995621,99.77660030353124,99.99999999999999,41.011558861049174,41.045165368920266,65.81261981516657
119,baseline,60.94779792093133,41.62616276087962,49.84100667474699,59.59431068365391,39.795143408999735,70.27002274777901,99.78948637841665,96.5516988532876,99.99995195444599,99.99865768961912,99.77642254941519,99.99999999999999,40.270489327166324,41.59332886539082,65.59498744416672
120,baseline,62.080280411144585,41.8422601611486,49.58228954308399,59.877992065615885,39.64333142664976,70.70070668201625,99.84506593142231,96.8147601630711,99.99996925084544,99.99964812138538,99.38259721651731,99.99999999999999,40.44629524958278,42.17928621654041,65.69673829833633
121,baseline,62.17316591848963,42.040443685187576,50.4072882802746,60.2621852061735,39.72714417083349,71.15748984277079,99.85291404436852,96.87524180999208,99.99998740514629,99.99985587051862,99.27516398603507,99.99999999999999,40.85432801500796,41.60353500482627,65.697589889091
122,baseline,61.531171037004796,42.357749281819444,50.889479417325745,59.92566874885197,39.57144694939512,70.84506948706868,99.84568045900613,96.78533726944,99.99998740514629,99.99985587051998,99.70295817527317,99.99999999999999,40.32858355901912,41.02907132432889,65.6567868352909
123,baseline,62.29836405095953,42.52214536659996,51.544906115332125,60.46708941122322,40.154615215524636,70.06699109642683,99.82930161274172,96.96944044183917,99.99999193929362,99.99994096456476,99.82934786786697,99.99999999999999,40.65432595333873,41.00459014939735,65.48861824545068
124,baseline,61.75836672781351,42.437358865119876,53.29549680628196,61.32728832942062,39.713056789685666,69.85756003481006,99.67747546400491,96.84438129790797,99.99999193929362,99.99994096456498,99.95751015567711,99.99999999999999,40.648586768649395,40.516962586747475,65.27563125529483
125,baseline,62.24956546481779,43.03470390345559,50.58619227797307,59.37463199555596,39.88445764127176,69.80693740256793,99.79540976153889,97.05027925776731,99.99999193929362,99.9999758190859,99.98729974071702,99.99999999999999,40.50798013534668,41.06129466123435,65.31460822691285
126,baseline,62.326713120838505,42.43174740019281,48.650778775543074,58.70538991444842,39.78545428441133,69.17754560248113,99.84033104813491,96.92016992284964,99.99999484114792,99.99998452421501,99.9977220808605,99.99999999999999,40.0845016361929,41.33507282322959,65.12243178592152
127,baseline,59.72140592030992,42.27902040818351,49.69690003124016,59.84004704100497,39.023438337762244,68.10268128740381,99.69455308210846,97.471763977632,99.99999788693418,99.99999009549761,99.91916528743786,99.99999999999999,39.25996171651978,40.134260193637,65.09662682624602
128,baseline,59.865881170978966,42.55931006092995,50.115038134015194,60.030393077463984,39.28131483508199,67.07917868037612,99.7293781112368,97.53990218832526,99.99999913448823,99.99999366111847,99.83435217306946,99.99999999999999,39.70167643125456,40.50130723920534,65.13856912258146
129,baseline,59.52505322819128,41.25361965069778,49.80263348395564,60.61575675083213,39.970056189843945,67.52016741246823,99.76698678675596,97.33890589094675,99.99999913448823,99.99999366111847,98.6890674204406,99.99999999999999,39.94434433024189,41.04890147822568,65.05326232583964
130,baseline,59.956504239772315,40.97098433778835,49.86820856012411,60.691668842695705,39.56602716973971,67.49091611778692,99.6943161708592,97.20762824560413,99.99999964548638,99.99999740359412,99.45364582769841,99.99999999999999,39.73029853482261,40.46451127179565,65.03428555978496
131,baseline,62.31073024353102,43.70985057995393,50.46455035397517,60.77659009899776,39.444148745710564,67.39871229065633,99.77555539985069,97.32278515675543,99.99999977311128,99.99999833830023,99.49086643912284,99.99999999999999,40.67039827951152,41.078738199620915,65.50788279132657
132,baseline,60.79704969256799,45.54778165343678,48.89748612230504,60.342517326994994,39.283630123004386,65.3849209057403,99.78042166906957,97.51640210299658,99.99999985479123,99.99999833830023,99.30476626852467,99.99999999999999,40.21279265709717,40.4058464389562,65.49742031130953
133,baseline,59.97716257528676,44.237021810514555,48.944764727062214,60.31054234632531,39.979604888478306,66.40066258861582,99.66514436998042,97.63789993613173,99.99999985479123,99.99999893651214,99.39671991101753,99.99999999999999,40.13514177446056,40.11480109015159,65.77050696922268
134,baseline,61.98451886132366,45.683071618581515,49.7962978039947,60.29091747490328,40.65816792014154,66.62960782725294,99.75982836859843,97.60190183030309,99.99999990706638,99.99999956439538,99.66823608829867,99.99999999999999,41.231537842070885,41.241786466303,66.31045147277987
135,baseline,62.8823034885227,46.2417866375926,51.27874451351831,60.032338636425244,40.14309841497594,66.15243910865591,99.93022820559592,97.77031911631396,99.99999990706638,99.99999972121303,99.12489782626176,99.99999999999999,41.481861354509704,41.685156547891,66.45278396892957
136,baseline,62.293520252317556,45.76776891599861,50.25104913451769,59.48904288376083,39.83922408444803,65.53044450870688,99.88587691703431,97.82092939613537,99.99999990706638,99.99999972121303,99.27237793370442,99.99999999999999,40.90287275251622,41.254361372303705,66.39585596750797
137,baseline,63.781020994836794,45.71673836476032,49.51721176302122,59.394826877563005,40.67457252176702,65.9055971113032,99.96271065325352,97.83951336264963,99.99999990706638,99.99999972121303,98.64866229861198,99.99999999999999,41.33035402733136,41.35293999329117,66.47933048216308
138,baseline,63.63569780691303,45.33977037900583,49.686761475957184,59.61541628709007,40.78674025720321,66.74341894948336,99.93835703242489,97.84745733245153,99.99999996193438,99.99999988580886,99.78039484407523,99.99999999999999,40.87608954659457,41.0155069212964,66.58009782283673
139,baseline,64.58447233215539,46.48872928764828,46.79636213191781,59.74047273332295,40.80854004030874,66.51223138121509,99.97716473359964,97.84860040200341,99.99999996193438,99.99999988580886,99.71913365734501,99.99999999999999,41.43094254676597,41.485616876849235,66.73249316183899
140,baseline,63.61829704814458,46.72641462738548,46.874625696520894,60.667391118525245,39.88337257216344,66.0175553660165,99.77755450633177,97.85912284299832,99.999999975638,99.9999999532273,99.8474630014168,99.99999999999999,40.94031711963649,41.10408477431288,66.9174234609399
141,baseline,64.37729099332081,46.07478755794149,47.663699998425685,60.31452449950977,40.078394904382804,66.47435578858378,99.87052824524986,97.78717668155336,99.99999998440833,99.9999999808419,99.96001861860458,99.99999999999999,41.267300978665176,41.62283386875602,67.03946367863202
142,baseline,63.813495819862034,45.076441073354715,48.16215249450259,60.43355472223252,39.830584626991914,67.2460872594319,99.80842039394949,98.09219759305577,99.99999999591273,99.99999999215285,99.86420005492462,99.99999999999999,40.972040617177335,41.68221893019836,67.01467023201846
143,baseline,64.25952466873866,46.36375896421647,47.53499003757816,59.946523580084985,39.36757533594419,66.91477327726902,99.91162271808068,98.11458757736,99.99999999832586,99.9999999967858,99.99223537255891,99.99999999999999,40.621997107245605,41.50713970551631,67.40064850689966
144,baseline,62.713982377068874,44.121390325025416,48.832839495022796,60.78945241562773,39.20333539224801,67.38982357447306,99.74898294684112,98.11928419219969,99.99999999892854,99.99999999794292,99.23790009979162,99.99999999999999,40.34004247129425,40.41046422755551,67.12641780659565
145,baseline,64.14931753894567,44.14407126441487,49.631922515754184,61.43774066091722,39.864654753302446,67.74848863648143,99.91455940569593,98.12095650122099,99.99999999931427,99.99999999868346,99.45091329857462,99.99999999999999,41.47069856760742,41.28424542223793,67.12185854260677
146,baseline,63.42890119948284,43.36839175776983,49.69762614710743,61.31205440977851,39.42152621560093,66.92854911155906,99.65947709543792,97.92978265925947,99.99999999956114,99.99999999915741,98.87311073173461,99.99999999999999,40.64440600720947,40.97589774645091,66.66609320387592
147,baseline,63.55123461956119,43.45562111855908,48.81629322148189,60.1876568051748,39.253457305111304,67.33000426476707,99.45546417028643,98.04365727223734,99.99999999971912,99.99999999915741,99.75333974766926,99.99999999999999,40.510396351683404,40.7728709378518,66.6118143678998
148,baseline,64.07198348583404,44.000404696884495,50.81079041053725,60.753029519742185,39.19168574134037,66.26514930969799,99.65102112151438,98.31702264078265,99.99999999992636,99.99999999946075,99.91541806970255,99.99999999999999,40.63027753850288,40.55254671992513,66.81135186531657
149,baseline,64.45275694519064,45.72977204365196,51.94728987871823,60.7179239869359,39.441511245766826,65.59087814929528,99.80020448376675,98.34086744352656,99.99999999995288,99.99999999946075,99.94080491633409,99.99999999999999,41.70715911080656,41.09724229412097,67.30299858083151
150,baseline,64.18654327439674,43.876005266191314,51.99271165229849,60.49316411349393,39.8077325419217,64.2795607659381,99.87490889324116,98.54203751677971,99.99999999996984,99.99999999965488,98.43320400118326,99.99999999999999,41.47173892987196,41.75823523279793,66.71378523194818
151,baseline,64.25705286870632,41.348683628990344,52.50813758496132,60.910297036760525,39.659367444529764,64.3581148191888,99.80391130379718,98.44582855779983,99.99999999998764,99.99999999977912,97.95014188712626,99.99999999999999,40.92090497209308,41.373902123075666,66.252783854699
152,baseline,62.33237908603574,41.107959423639315,52.75062081313585,60.53350239464801,40.00043944449632,63.69849907349244,99.80080163435872,98.50685804059243,99.99999999999208,99.99999999977912,99.5481093037263,99.99999999999999,40.47162922350367,41.004627561090174,66.3152125657564
153,baseline,62.85037324200145,40.454841788957125,52.415987623812555,60.38808659002067,40.78238243639143,63.954944585794465,99.79825466353464,98.61032842695698,99.99999999999208,99.99999999990953,99.22050194911093,99.99999999999999,40.82283936183944,41.76333175764171,66.39219656573667
154,baseline,62.973734697393525,42.18184131238645,53.21441693904711,60.09772316898095,40.605913468708025,63.129336665958874,99.89936054205774,98.42401352389325,99.99999999999208,99.9999999999421,99.85602795627118,99.99999999999999,41.132350243011714,41.76516239980678,66.33383011670178
155,baseline,64.10715128577367,43.75931401224592,52.473073516611464,59.75854089535325,41.69221086134376,63.53918993607814,99.95103262117757,99.04651722170601,99.99999999999494,99.99999999996294,99.72447950618269,99.99999999999999,41.45049494721852,42.29739395484131,66.60433812764526
156,baseline,64.23533270408684,44.88109906136732,51.54632469319465,58.87717225253548,41.27632311340396,63.586692602083666,99.89982748251175,99.05264108704127,99.99999999999676,99.99999999997628,99.96314122926394,99.99999999999999,41.43837252750893,42.315821217209546,66.78726866422865
157,baseline,64.79866821236035,44.64323806664779,52.10877626869137,59.43092238373548,41.900981790212604,64.6061044777888,99.93812817176754,99.09376435043887,99.99999999999676,99.99999999997628,99.98656035347078,99.99999999999999,41.8744245161917,42.08177009512584,67.01000608003497
158,baseline,65.4997334915831,44.05151266349003,52.597573849556646,59.851605134363425,41.91891670567687,64.6553369576014,99.89071543580822,99.1385432038253,99.99999999999793,99.99999999998482,99.07620674639965,99.99999999999999,42.04176453479461,42.24616778713439,67.01665051721838
159,baseline,64.37114299485152,42.056704829889625,53.08304397998704,59.56237641839492,40.97669202739981,64.74200837113969,99.70966470835597,99.15480601324703,99.99999999999793,99.99999999999028,98.82484424689576,99.99999999999999,40.94369617240581,41.37998420389998,66.72166380314611
160,baseline,62.44783507317787,42.63356452294778,50.84031168980613,59.078680435417674,39.98317379682602,63.316079263637164,99.50768868821358,99.16348342099232,99.99999999999866,99.99999999999378,99.61737265677195,99.99999999999999,39.76749312789339,40.14161008814177,66.82288436921347
161,baseline,63.91302246992835,42.91346363067874,51.45244125582938,59.69151178290929,40.30326778044626,63.679326590415926,99.66719204129785,99.30895679011306,99.99999999999915,99.99999999999378,99.84819771849718,99.99999999999999,40.53742400588329,40.58537027949943,67.24571916180176
162,baseline,64.448814997873,42.0026340647638,52.54447004623593,59.96330336849739,40.44397163236231,64.61069753083336,99.56183829977847,99.3095542497092,99.99999999999977,99.99999999999837,99.76523883965083,99.99999999999999,40.79732003645478,40.725977922159615,67.04171187661483
163,baseline,63.68916219274157,41.186816772453184,52.88962497368052,60.22873396144407,39.902439637895114,64.71084553742128,99.70093029173843,99.07935955980368,99.99999999999986,99.99999999999933,99.35624855889874,99.99999999999999,40.66888639337195,40.727602233574075,66.86197848855478
164,baseline,63.575297641367534,41.5299593643533,52.26548596131337,59.570368527661415,40.20562645170409,64.83106077690344,99.59835226616522,99.0172199808818,99.99999999999986,99.99999999999957,99.54607958912194,99.99999999999999,40.81949141239878,40.986785813447206,66.5740170890098
165,baseline,62.23626897038046,42.63133758790054,52.22952015050421,60.13473809888927,39.40925922665619,64.31744019041892,99.60450909547167,99.53541625441109,99.99999999999991,99.99999999999973,99.90157355443719,99.99999999999999,40.210835883553855,39.70090047604493,67.07176414651246
166,baseline,63.67581496710191,43.507343375429585,53.21393091578149,61.21552493098354,39.62664629234669,64.80686674907848,99.61295724130103,99.69886468072433,99.99999999999994,99.99999999999989,99.87488430359059,99.99999999999999,40.544479387998614,39.996655765676806,67.29859632967934
167,baseline,63.157939413960754,43.573348136258424,52.624855604218965,60.653187442981945,39.69424562567246,64.87048256714026,99.50709165134872,99.81462091559658,99.99999999999997,99.99999999999991,99.82527356530039,99.99999999999999,40.73400709414749,39.816940851811715,67.35079313488697
168,baseline,63.297895210758725,42.638635938751015,52.42668748180008,60.90321137423909,40.19147566025323,65.27052859545736,99.6252567679326,99.81846034201274,99.99999999999997,99.99999999999991,99.24611632763256,99.99999999999999,41.128961880000524,40.59704147157034,67.33113951651494
169,baseline,62.56799766772484,44.648061889847,50.07950517525158,60.44204871245512,40.18867354157372,63.010475053179356,99.61014662167811,99.81938335590895,99.99999999999997,99.99999999999991,99.8554318592246,99.99999999999999,40.90049433621126,40.51501952139835,67.50394692306307
170,baseline,61.74079180243682,42.63083268152183,50.202336871843606,60.629665897721715,40.28009788498788,62.38665191469049,99.56597640878951,99.76961294501845,99.99999999999997,99.99999999999991,99.3576991454798,99.99999999999999,40.621116912160076,40.896101214457104,66.95232407757626
171,baseline,61.11155048680413,43.113801454028675,49.396890582316345,60.300876558976185,40.751085681234215,61.38077860775271,99.72262085852196,99.62469462435281,99.99999999999997,99.99999999999991,99.66884210335489,99.99999999999999,40.52303398606578,40.61888932469642,66.73609487480485
172,baseline,58.609549889776986,42.519536079503865,48.709579872399935,61.31961016877847,40.51765226168144,60.76277419008386,99.7733254151908,99.79691804371507,99.99999999999999,99.99999999999997,99.71073506168727,99.99999999999999,40.39092200673966,40.59018390204166,67.07730453568948
173,baseline,58.61381616771365,41.419344957583704,48.828317458743484,61.042982247472295,40.02090443419796,60.10276740231571,99.54475362449944,99.62905917302007,99.99999999999999,99.99999999999997,99.40354425551303,99.99999999999999,40.30863781507364,40.4854103211908,66.63421409289876
174,baseline,59.40938468952912,41.11437458316352,48.20555992192912,60.28625147067386,40.12806629300983,59.82337492342417,99.65884939104285,99.62979940350321,99.99999999999999,99.99999999999999,99.1895418404094,99.99999999999999,40.46603470437175,41.27247394574618,66.5081805857387
175,baseline,59.777325749129204,41.90697783627313,48.05622025967323,60.066284740962736,40.080768410340326,60.01154161151171,99.65922559569313,99.46555617580293,99.99999999999999,99.99999999999999,99.24453567854763,99.99999999999999,40.62977615076094,41.03585078223455,66.82986474510777
176,baseline,57.82618145982933,41.69440538015253,48.38819788742749,60.04208350299384,40.030606069740045,58.41755970092944,99.48827833830651,99.30140451753338,99.99999999999999,99.99999999999999,99.5512009866845,99.99999999999999,40.43242037488149,40.7070955513932,66.38596712903629
177,baseline,56.9970614828061,41.21130643789192,48.37523463619554,59.91850429439357,40.477040806946626,58.880916304134246,99.34228833303243,99.45073204105451,99.99999999999999,99.79071730575689,99.85905508450155,99.99999999999999,40.454812876751106,40.37099703150291,66.41265957201911
178,baseline,58.36355377296378,40.991456344603,50.33026642640062,59.79625982178639,40.741336820876604,59.23661367367041,99.50148532321263,99.38138153847515,99.99999999999999,99.91427780843802,99.64550672257525,99.99999999999999,40.61346768731493,41.06581044908612,66.35293877591553
179,baseline,57.033441229025925,40.94892238104299,51.69988671505148,60.05409967053673,39.88490099017502,57.72679077541393,99.44861653065534,99.43993411283668,99.99999999999999,99.9941092158512,99.93088831756863,99.99999999999999,39.77024838716172,40.154659441009656,66.33972591328394
180,baseline,58.48325918866205,41.21456240371719,52.31729800238857,60.20308945552985,40.48198886993425,58.39174369772868,99.77033359308153,99.51759004834574,99.99999999999999,99.99622989814476,99.38763938322248,99.99999999999999,41.10194524116629,41.13275184447109,66.36692247389502
