id,source_region,target_region,owner,created_step,arrival_step,accepted,reason,amount,avg_proof_quality
PKT_1_R03_R00_1,R03,R00,A007,1,5,True,accepted,1.0598151475883901,1.0
PKT_1_R03_R02_2,R03,R02,A017,1,9,True,accepted,0.6865191541436083,1.0
PKT_1_R02_R03_3,R02,R03,A016,1,8,False,rejected_low_trust_or_proof,0.6590076440167008,1.0
PKT_2_R02_R00_4,R02,R00,A026,2,8,True,accepted,0.6856937170974357,1.0
PKT_2_R03_R00_5,R03,R00,A007,2,8,True,accepted,1.0820657669328808,1.0
PKT_2_R03_R00_6,R03,R00,A014,2,6,True,accepted,0.9175203456036376,1.0
PKT_3_R04_R03_7,R04,R03,A025,3,14,False,rejected_low_trust_or_proof,0.9417322839497756,0.7575630171798794
PKT_3_R03_R02_8,R03,R02,A031,3,10,True,accepted,0.7052268735770127,1.0
PKT_3_R03_R00_9,R03,R00,A004,3,7,True,accepted,0.6961915146984662,1.0
PKT_4_R02_R00_10,R02,R00,A016,4,11,True,accepted,0.9765443166604327,0.8764601065480451
PKT_4_R04_R02_11,R04,R02,A030,4,16,False,rejected_low_trust_or_proof,1.0440860568149954,0.8956877801219061
PKT_4_R02_R00_12,R02,R00,A011,4,10,True,accepted,0.8532965925232371,0.7800521509907954
PKT_5_R04_R02_13,R04,R02,A028,5,18,False,rejected_low_trust_or_proof,1.3864264296581346,1.0
PKT_5_R00_R02_14,R00,R02,A015,5,12,True,accepted,2.0,0.8956024254147648
PKT_5_R02_R03_15,R02,R03,A005,5,15,False,rejected_low_trust_or_proof,1.762738448839546,0.8675997513643697
PKT_6_R04_R03_16,R04,R03,A010,6,16,False,rejected_low_trust_or_proof,0.867352169846809,0.8462550715978144
PKT_6_R03_R04_17,R03,R04,A004,6,15,True,accepted,1.7203954824202783,0.9039310031617149
PKT_6_R02_R04_18,R02,R04,A033,6,18,True,accepted,1.3380843718672124,0.979143195855519
PKT_7_R03_R01_19,R03,R01,A014,7,13,True,accepted,2.0,1.0
PKT_7_R03_R02_20,R03,R02,A031,7,17,True,accepted,0.6488087236908517,1.0
PKT_7_R02_R04_21,R02,R04,A033,7,20,True,accepted,1.2310376221178354,0.815954737627249
PKT_8_R04_R01_22,R04,R01,A018,8,16,True,accepted,2.0,1.0
PKT_8_R00_R01_23,R00,R01,A006,8,12,True,accepted,1.6685824371121027,1.0
PKT_8_R03_R01_24,R03,R01,A017,8,13,False,rejected_low_trust_or_proof,0.8760575178112272,0.8630112606483025
PKT_9_R03_R00_25,R03,R00,A017,9,16,False,rejected_low_trust_or_proof,2.0,0.8424694440444344
PKT_9_R00_R03_26,R00,R03,A039,9,13,True,accepted,1.938965217242273,0.9211427188647328
PKT_9_R04_R02_27,R04,R02,A025,9,22,False,rejected_low_trust_or_proof,1.8826865359248783,0.825166936042931
PKT_10_R00_R04_28,R00,R04,A006,10,20,True,accepted,1.8958636281280685,0.8335307271758761
PKT_10_R02_R03_29,R02,R03,A019,10,20,False,rejected_low_trust_or_proof,2.0000000000000004,1.0
PKT_10_R03_R00_30,R03,R00,A017,10,15,True,accepted,1.0311779460375852,0.9536649695366302
PKT_11_R00_R02_31,R00,R02,A041,11,20,True,accepted,0.9738480525998084,0.9165652570444605
PKT_11_R00_R02_32,R00,R02,A012,11,17,True,accepted,0.736036997831919,0.98486780190385
PKT_11_R03_R01_33,R03,R01,A040,11,15,False,rejected_low_trust_or_proof,1.2957919971098109,0.9351778044361208
PKT_12_R04_R03_34,R04,R03,A024,12,20,True,accepted,1.2346602287833037,0.8821676807043255
PKT_12_R03_R01_35,R03,R01,A031,12,16,True,accepted,1.2043569913700853,1.0
PKT_12_R00_R03_36,R00,R03,A029,12,17,False,rejected_low_trust_or_proof,1.9354888711164568,0.7780589187574317
PKT_13_R04_R02_37,R04,R02,A032,13,25,False,rejected_low_trust_or_proof,1.80890846980224,0.8846141967034754
PKT_13_R00_R03_38,R00,R03,A015,13,20,True,accepted,2.0,1.0
PKT_13_R03_R04_39,R03,R04,A037,13,22,True,accepted,1.1861915761689805,0.8483170360888278
PKT_14_R04_R02_40,R04,R02,A018,14,25,False,rejected_low_trust_or_proof,1.2430919472475634,0.9219791357202602
PKT_14_R00_R02_41,R00,R02,A006,14,20,True,accepted,1.3023656701446595,1.0
PKT_14_R04_R02_42,R04,R02,A028,14,26,False,rejected_low_trust_or_proof,1.820119107207596,0.9807584536082923
PKT_15_R04_R03_43,R04,R03,A036,15,25,True,accepted,2.0,1.0
PKT_15_R02_R01_44,R02,R01,A016,15,23,False,rejected_low_trust_or_proof,2.0,0.9581023075299882
PKT_15_R02_R00_45,R02,R00,A008,15,24,True,accepted,0.8079068122663754,0.9866045126048967
PKT_16_R04_R01_46,R04,R01,A024,16,26,True,accepted,0.8456759393829743,0.8960937973677188
PKT_16_R03_R00_47,R03,R00,A035,16,20,False,rejected_low_trust_or_proof,1.4301757556424592,0.817879108969757
PKT_16_R04_R03_48,R04,R03,A042,16,27,False,rejected_low_trust_or_proof,0.8814958511233085,0.8218369125696816
PKT_17_R02_R03_49,R02,R03,A019,17,27,False,rejected_low_trust_or_proof,2.0,1.0
PKT_17_R03_R04_50,R03,R04,A031,17,27,True,accepted,1.2505318081514345,0.9581191345903428
PKT_17_R00_R01_51,R00,R01,A012,17,22,True,accepted,1.4836542863241315,0.9463858758319575
PKT_18_R00_R03_52,R00,R03,A012,18,22,False,rejected_low_trust_or_proof,1.6286374122382767,0.8391576274958729
PKT_18_R04_R00_53,R04,R00,A018,18,25,True,accepted,2.0,1.0
PKT_18_R04_R00_54,R04,R00,A045,18,26,True,accepted,0.845588315445577,0.9061689657401576
PKT_19_R02_R00_55,R02,R00,A005,19,27,True,accepted,2.0,0.9749201183168218
PKT_19_R02_R01_56,R02,R01,A003,19,26,False,rejected_low_trust_or_proof,2.0,0.949466373359301
PKT_19_R00_R01_57,R00,R01,A027,19,22,True,accepted,2.0,0.8249565308354528
PKT_20_R03_R04_58,R03,R04,A040,20,30,True,accepted,1.1517327218287277,0.920113215092602
PKT_20_R02_R03_59,R02,R03,A046,20,29,False,rejected_low_trust_or_proof,0.7218170721355192,1.0
PKT_20_R04_R00_60,R04,R00,A036,20,29,True,accepted,2.0,1.0
PKT_21_R01_R03_61,R01,R03,A043,21,28,False,rejected_low_trust_or_proof,2.0,0.9255392071792176
PKT_21_R02_R04_62,R02,R04,A016,21,33,True,accepted,2.0000000000000004,0.9920332022986712
PKT_21_R04_R02_63,R04,R02,A034,21,34,False,rejected_low_trust_or_proof,1.8173536346296677,0.7439135065504886
PKT_22_R03_R04_64,R03,R04,A014,22,32,True,accepted,2.0,1.0
PKT_22_R00_R03_65,R00,R03,A012,22,27,True,accepted,1.942996675220706,0.9764290497635884
PKT_22_R02_R03_66,R02,R03,A003,22,32,False,rejected_low_trust_or_proof,2.0,0.7710273827704917
PKT_23_R02_R04_67,R02,R04,A016,23,34,True,accepted,2.0,0.9052606609027868
PKT_23_R04_R03_68,R04,R03,A018,23,31,True,accepted,2.0,0.9781948097812546
PKT_23_R00_R03_69,R00,R03,A027,23,28,False,rejected_low_trust_or_proof,2.0,0.8249565308354528
PKT_24_R00_R02_70,R00,R02,A020,24,31,True,accepted,0.9119166613237893,0.9821057640794556
PKT_24_R02_R03_71,R02,R03,A046,24,31,False,rejected_low_trust_or_proof,0.6640717063646776,1.0
PKT_24_R02_R04_72,R02,R04,A003,24,37,True,accepted,2.0,0.9541737516119173
PKT_25_R02_R03_73,R02,R03,A003,25,34,False,rejected_low_trust_or_proof,2.0,0.8728300764847265
PKT_25_R04_R02_74,R04,R02,A030,25,37,False,rejected_low_trust_or_proof,1.808521779708993,0.9720059589389994
PKT_25_R00_R02_75,R00,R02,A006,25,32,True,accepted,2.0000000000000004,1.0
PKT_26_R04_R03_76,R04,R03,A034,26,34,False,rejected_low_trust_or_proof,1.7219162665091583,0.8229776744136689
PKT_26_R03_R02_77,R03,R02,A001,26,35,True,accepted,1.9129220599959056,0.9815186129876092
PKT_26_R00_R02_78,R00,R02,A029,26,32,True,accepted,2.0,0.9240798064098722
PKT_27_R03_R02_79,R03,R02,A004,27,37,True,accepted,1.9999999999999998,0.9902970951462798
PKT_27_R04_R01_80,R04,R01,A045,27,35,True,accepted,1.1298231162150127,0.848102017390263
PKT_27_R03_R04_81,R03,R04,A035,27,37,True,accepted,0.6525622832544737,0.851350491888776
PKT_28_R00_R04_82,R00,R04,A039,28,37,True,accepted,1.9999999999999998,0.9037126506109712
PKT_28_R02_R03_83,R02,R03,A005,28,37,False,rejected_low_trust_or_proof,0.6976879812174486,1.0
PKT_28_R04_R01_84,R04,R01,A034,28,36,True,accepted,1.6070865027434398,0.851370377575589
PKT_29_R03_R01_85,R03,R01,A004,29,35,True,accepted,0.8644330656188702,0.99
PKT_29_R03_R02_86,R03,R02,A017,29,38,True,accepted,1.222748177026055,0.9733222643370343
PKT_29_R03_R02_87,R03,R02,A014,29,38,True,accepted,2.0,1.0
PKT_30_R02_R01_88,R02,R01,A046,30,39,False,rejected_low_trust_or_proof,0.6984118658464838,1.0
PKT_30_R01_R02_89,R01,R02,A044,30,36,True,accepted,2.0,0.9438187868325335
PKT_30_R04_R00_90,R04,R00,A045,30,40,True,accepted,1.0394372669178116,0.805370307238005
PKT_31_R04_R00_91,R04,R00,A032,31,41,True,accepted,0.7973239017419779,0.9843530886624001
PKT_31_R00_R04_92,R00,R04,A015,31,39,True,accepted,2.000000000000001,0.9788497359093806
PKT_31_R03_R04_93,R03,R04,A004,31,41,True,accepted,0.8872347032336008,0.9742857142857143
PKT_32_R04_R00_94,R04,R00,A045,32,41,True,accepted,0.9562822855643869,0.7901591631409798
PKT_32_R02_R01_95,R02,R01,A003,32,40,False,rejected_low_trust_or_proof,2.0,0.9783427314397004
PKT_32_R03_R02_96,R03,R02,A035,32,39,True,accepted,0.8981874206936604,0.9707522931660484
PKT_33_R00_R04_97,R00,R04,A015,33,42,True,accepted,1.9999999999999998,0.8879045258766929
PKT_33_R00_R03_98,R00,R03,A020,33,40,True,accepted,1.211433890871263,0.9839245604682482
PKT_33_R03_R04_99,R03,R04,A035,33,44,True,accepted,0.8303046032723771,0.8543830670707511
PKT_34_R04_R00_100,R04,R00,A036,34,43,True,accepted,2.0,1.0
PKT_34_R02_R04_101,R02,R04,A056,34,47,True,accepted,1.0569937977498236,0.9164758268388739
PKT_34_R00_R04_102,R00,R04,A041,34,41,True,accepted,1.5075517972431656,0.977584394706007
PKT_35_R04_R00_103,R04,R00,A034,35,43,True,accepted,2.0,0.7702682291715487
PKT_35_R00_R03_104,R00,R03,A015,35,39,True,accepted,2.0000000000000004,0.9462517321308564
PKT_35_R03_R04_105,R03,R04,A037,35,45,True,accepted,1.802918740049075,0.9575311144374105
PKT_36_R01_R00_106,R01,R00,A043,36,39,True,accepted,1.9999999999999996,0.9693415929887113
PKT_36_R00_R04_107,R00,R04,A015,36,43,True,accepted,2.0,0.9462627530149342
PKT_36_R03_R01_108,R03,R01,A014,36,43,False,rejected_low_trust_or_proof,2.0000000000000004,0.9085674292942671
PKT_37_R00_R01_109,R00,R01,A041,37,41,True,accepted,1.450986214225903,0.8584452091900909
PKT_37_R00_R02_110,R00,R02,A013,37,46,True,accepted,0.7182537495583566,0.9510432576708224
PKT_37_R04_R01_111,R04,R01,A010,37,44,True,accepted,0.8156833914491065,0.8673585840185521
PKT_38_R00_R02_112,R00,R02,A015,38,44,True,accepted,2.0,0.9218127990641454
PKT_38_R02_R04_113,R02,R04,A033,38,51,True,accepted,2.0,0.921189424277477
PKT_38_R03_R02_114,R03,R02,A004,38,47,True,accepted,1.4990112337366872,1.0
PKT_39_R00_R03_115,R00,R03,A006,39,44,True,accepted,1.7929015854120363,1.0
PKT_39_R02_R00_116,R02,R00,A026,39,46,True,accepted,0.6920490114576427,0.8730513308720252
PKT_39_R00_R01_117,R00,R01,A015,39,45,True,accepted,2.0,0.9674627683207707
PKT_40_R04_R02_118,R04,R02,A025,40,52,False,rejected_low_trust_or_proof,2.0000000000000004,0.97972611276923
PKT_40_R00_R03_119,R00,R03,A029,40,47,True,accepted,2.0,0.9160827837000972
PKT_40_R02_R01_120,R02,R01,A002,40,49,False,rejected_low_trust_or_proof,0.6417106622469624,0.9825350158034281
PKT_41_R04_R00_121,R04,R00,A010,41,51,True,accepted,0.8833491528992201,0.9757425629018234
PKT_41_R00_R02_122,R00,R02,A023,41,47,True,accepted,0.9580818552699465,1.0
PKT_41_R04_R03_123,R04,R03,A018,41,50,True,accepted,1.6518700804939992,0.9811698531836722
PKT_42_R03_R00_124,R03,R00,A037,42,49,False,rejected_low_trust_or_proof,1.9354652028692192,0.8611901329510205
PKT_42_R00_R03_125,R00,R03,A029,42,47,False,rejected_low_trust_or_proof,1.9528919447132336,0.8699064094043595
PKT_42_R03_R01_126,R03,R01,A004,42,48,True,accepted,1.6996538796863712,0.9855453347270007
PKT_43_R02_R03_127,R02,R03,A016,43,51,False,rejected_low_trust_or_proof,2.000000000000001,0.9748168262981431
PKT_43_R04_R02_128,R04,R02,A032,43,55,False,rejected_low_trust_or_proof,1.161946920333318,0.9589214908124606
PKT_43_R00_R02_129,R00,R02,A020,43,52,True,accepted,1.730479194113174,0.9415118500601116
PKT_44_R04_R00_130,R04,R00,A036,44,51,True,accepted,2.0000000000000004,1.0
PKT_44_R00_R02_131,R00,R02,A020,44,51,False,rejected_low_trust_or_proof,1.5946725287759609,0.8014752414628974
PKT_44_R02_R03_132,R02,R03,A019,44,52,False,rejected_low_trust_or_proof,2.0,0.8652961071190559
PKT_45_R00_R01_133,R00,R01,A013,45,49,True,accepted,0.9845968767962101,0.9404897848104843
PKT_45_R04_R01_134,R04,R01,A024,45,55,True,accepted,0.6936680742314265,0.9248068447973883
PKT_45_R04_R03_135,R04,R03,A032,45,53,True,accepted,1.0892781963504898,0.8942551618038586
PKT_46_R04_R03_136,R04,R03,A032,46,57,True,accepted,1.0529666373769417,0.8820528495323808
PKT_46_R00_R03_137,R00,R03,A039,46,53,True,accepted,1.9999999999999978,0.8960964264325321
PKT_46_R00_R04_138,R00,R04,A015,46,56,True,accepted,2.000000000000001,1.0
PKT_47_R00_R02_139,R00,R02,A013,47,54,True,accepted,1.05555352565735,0.9726077550475375
PKT_47_R04_R01_140,R04,R01,A038,47,55,True,accepted,1.3284218143522462,0.7751007651218668
PKT_47_R04_R03_141,R04,R03,A042,47,56,True,accepted,0.6478169682531776,0.8823781642621443
PKT_48_R00_R01_142,R00,R01,A020,48,53,True,accepted,1.5602332904377134,0.9385522690708243
PKT_48_R00_R03_143,R00,R03,A013,48,52,True,accepted,0.9826626890691526,0.9449895582396893
PKT_48_R03_R00_144,R03,R00,A017,48,53,True,accepted,1.9999999999999998,0.9912131925839723
PKT_49_R02_R03_145,R02,R03,A009,49,56,False,rejected_low_trust_or_proof,2.0,0.9823607002356356
PKT_49_R04_R03_146,R04,R03,A030,49,58,True,accepted,0.7090231744298148,0.9275336010900549
PKT_49_R02_R01_147,R02,R01,A056,49,58,False,rejected_low_trust_or_proof,1.265651988164851,0.9020881125923872
PKT_50_R04_R03_148,R04,R03,A038,50,58,False,rejected_low_trust_or_proof,1.223756170306764,0.7056642746372931
PKT_50_R04_R01_149,R04,R01,A036,50,57,True,accepted,2.0,1.0
PKT_50_R02_R01_150,R02,R01,A011,50,57,False,rejected_low_trust_or_proof,1.9219547973641988,0.9738367926092308
PKT_51_R02_R01_151,R02,R01,A011,51,58,False,rejected_low_trust_or_proof,1.7733095465010096,0.8468644468780028
PKT_51_R02_R03_152,R02,R03,A009,51,60,False,rejected_low_trust_or_proof,2.0,0.9532342716565141
PKT_51_R03_R02_153,R03,R02,A004,51,61,True,accepted,1.9999999999999998,1.0
PKT_52_R01_R03_154,R01,R03,A043,52,56,False,rejected_low_trust_or_proof,1.9999999999999998,0.9286247639508881
PKT_52_R02_R00_155,R02,R00,A009,52,60,True,accepted,2.0,0.9731173599347777
PKT_52_R00_R03_156,R00,R03,A006,52,58,True,accepted,2.000000000000001,1.0
PKT_53_R01_R00_157,R01,R00,A043,53,57,True,accepted,2.0000000000000004,0.9654803632286455
PKT_53_R00_R04_158,R00,R04,A020,53,63,True,accepted,0.6934020154580176,0.8668660856026514
PKT_53_R02_R04_159,R02,R04,A019,53,65,True,accepted,2.0,0.852853996540617
PKT_54_R03_R01_160,R03,R01,A017,54,59,True,accepted,1.9999999999999998,1.0
PKT_54_R03_R02_161,R03,R02,A014,54,61,True,accepted,1.9999999999999996,1.0
PKT_54_R01_R00_162,R01,R00,A000,54,58,True,accepted,2.000000000000001,0.9969905979253995
PKT_55_R00_R01_163,R00,R01,A039,55,61,True,accepted,1.9999999999999982,0.904448672455193
PKT_55_R02_R01_164,R02,R01,A005,55,63,False,rejected_low_trust_or_proof,0.6579759476803415,1.0
PKT_55_R03_R00_165,R03,R00,A004,55,61,True,accepted,1.9353646765084158,0.9822157813834744
PKT_56_R03_R02_166,R03,R02,A031,56,66,True,accepted,0.8921143507285627,0.9068275114711708
PKT_56_R04_R00_167,R04,R00,A024,56,63,True,accepted,0.7766315555614366,0.9423428666761916
PKT_56_R02_R04_168,R02,R04,A009,56,68,True,accepted,2.0,0.8850237758194479
PKT_57_R03_R04_169,R03,R04,A037,57,68,True,accepted,1.538225485046003,0.9051316647420232
PKT_57_R04_R03_170,R04,R03,A024,57,68,True,accepted,0.7181997332766028,0.9014647423916428
PKT_57_R00_R01_171,R00,R01,A006,57,62,True,accepted,1.2292941292554294,0.9939463838701146
PKT_58_R03_R01_172,R03,R01,A017,58,62,False,rejected_low_trust_or_proof,2.0,0.8933864819329733
PKT_58_R04_R00_173,R04,R00,A042,58,68,True,accepted,0.6708606040710524,0.9013781006180266
PKT_58_R04_R01_174,R04,R01,A025,58,68,True,accepted,0.6444820276884207,1.0
PKT_59_R03_R04_175,R03,R04,A014,59,67,True,accepted,2.0,1.0
PKT_59_R00_R01_176,R00,R01,A039,59,65,True,accepted,2.0000000000000004,0.8360709261171844
PKT_59_R04_R03_177,R04,R03,A010,59,68,True,accepted,2.0000000000000018,0.9942723016991916
PKT_60_R00_R01_178,R00,R01,A012,60,64,True,accepted,0.8828985020412021,1.0
PKT_60_R02_R03_179,R02,R03,A033,60,70,False,rejected_low_trust_or_proof,2.0,0.9249188223806968
PKT_60_R00_R04_180,R00,R04,A015,60,67,True,accepted,1.1909409709671486,1.0
PKT_61_R03_R02_181,R03,R02,A004,61,68,True,accepted,1.8149481601650737,0.986628066761377
PKT_61_R04_R03_182,R04,R03,A032,61,69,True,accepted,1.3049526962572886,0.9842489872714516
PKT_61_R03_R00_183,R03,R00,A014,61,66,True,accepted,1.9999999999999982,1.0
PKT_62_R04_R01_184,R04,R01,A036,62,71,True,accepted,2.0,1.0
PKT_62_R03_R04_185,R03,R04,A014,62,70,True,accepted,2.0000000000000004,0.972273017350552
PKT_62_R04_R03_186,R04,R03,A028,62,72,False,rejected_low_trust_or_proof,2.0,0.8410134054902556
PKT_63_R02_R03_187,R02,R03,A046,63,72,False,rejected_low_trust_or_proof,0.8347157898934704,1.0
PKT_63_R03_R04_188,R03,R04,A017,63,72,True,accepted,1.3041044328091627,0.9430733014000814
PKT_63_R03_R01_189,R03,R01,A014,63,69,True,accepted,2.0,1.0
PKT_64_R04_R00_190,R04,R00,A018,64,72,True,accepted,1.0645917300617687,1.0
PKT_64_R02_R01_191,R02,R01,A019,64,71,False,rejected_low_trust_or_proof,2.0,0.9236918890459925
PKT_64_R04_R03_192,R04,R03,A032,64,74,True,accepted,1.2210331910096617,0.8658414379034882
PKT_65_R03_R02_193,R03,R02,A037,65,74,True,accepted,1.433280415081145,0.9204829917567665
PKT_65_R03_R01_194,R03,R01,A014,65,69,True,accepted,2.0000000000000004,1.0
PKT_65_R02_R00_195,R02,R00,A009,65,74,True,accepted,2.0,1.0
PKT_66_R03_R04_196,R03,R04,A004,66,74,True,accepted,1.9999999999999993,1.0
PKT_66_R02_R03_197,R02,R03,A009,66,73,False,rejected_low_trust_or_proof,2.0,0.9323371962176938
PKT_66_R00_R02_198,R00,R02,A039,66,74,True,accepted,1.9999999999999984,0.9087159774674833
PKT_67_R03_R01_199,R03,R01,A014,67,73,True,accepted,2.000000000000001,1.0
PKT_67_R00_R03_200,R00,R03,A039,67,71,False,rejected_low_trust_or_proof,2.0000000000000004,0.8619683199396514
PKT_67_R02_R03_201,R02,R03,A002,67,77,False,rejected_low_trust_or_proof,1.0508344601086823,1.0
PKT_68_R00_R02_202,R00,R02,A020,68,76,True,accepted,0.9133952068468824,0.9868362820115995
PKT_68_R01_R00_203,R01,R00,A000,68,71,True,accepted,1.1677659519336057,1.0
PKT_68_R01_R02_204,R01,R02,A043,68,75,True,accepted,2.000000000000001,0.9325547573312879
PKT_69_R03_R04_205,R03,R04,A004,69,78,True,accepted,2.0000000000000018,1.0
PKT_69_R00_R02_206,R00,R02,A023,69,75,True,accepted,0.7899264203778343,1.0
PKT_69_R04_R02_207,R04,R02,A025,69,80,False,rejected_low_trust_or_proof,0.7662519016318368,1.0
PKT_70_R00_R04_208,R00,R04,A006,70,79,True,accepted,0.6553046995763715,1.0
PKT_70_R04_R01_209,R04,R01,A032,70,77,True,accepted,1.2467991132543317,1.0
PKT_70_R02_R03_210,R02,R03,A002,70,80,False,rejected_low_trust_or_proof,0.9890483534823495,1.0
PKT_71_R04_R03_211,R04,R03,A028,71,79,False,rejected_low_trust_or_proof,2.0,0.7743977226602555
PKT_71_R02_R04_212,R02,R04,A033,71,84,True,accepted,2.000000000000001,0.9226565453348897
PKT_71_R01_R03_213,R01,R03,A000,71,77,True,accepted,1.3229909550318557,0.9920260161082972
PKT_72_R04_R01_214,R04,R01,A042,72,82,True,accepted,0.8712231980237494,0.9180893805272987
PKT_72_R04_R03_215,R04,R03,A028,72,80,True,accepted,2.0,1.0
PKT_72_R00_R01_216,R00,R01,A012,72,76,True,accepted,1.0128368611421257,1.0
PKT_73_R01_R03_217,R01,R03,A044,73,80,False,rejected_low_trust_or_proof,0.6937668089735733,0.9428807754572082
PKT_73_R04_R02_218,R04,R02,A028,73,85,False,rejected_low_trust_or_proof,2.0,0.8756411688995709
PKT_73_R02_R01_219,R02,R01,A046,73,80,False,rejected_low_trust_or_proof,0.8347157898934704,1.0
PKT_74_R01_R00_220,R01,R00,A000,74,78,True,accepted,1.4229026799634341,1.0
PKT_74_R04_R02_221,R04,R02,A018,74,87,False,rejected_low_trust_or_proof,1.1523964799777544,1.0
PKT_74_R02_R01_222,R02,R01,A002,74,83,False,rejected_low_trust_or_proof,0.938924956957617,1.0
PKT_75_R04_R03_223,R04,R03,A032,75,84,True,accepted,1.2602905526873454,0.8896466440710884
PKT_75_R02_R03_224,R02,R03,A019,75,84,False,rejected_low_trust_or_proof,1.9999999999999993,0.883794539895936
PKT_75_R02_R03_225,R02,R03,A009,75,84,False,rejected_low_trust_or_proof,2.0,0.9617824929479845
PKT_76_R02_R03_226,R02,R03,A009,76,84,False,rejected_low_trust_or_proof,2.0,0.9660394562129568
PKT_76_R00_R02_227,R00,R02,A015,76,83,True,accepted,1.6472403291692757,1.0
PKT_76_R02_R00_228,R02,R00,A019,76,82,True,accepted,2.0,0.8385755678819051
PKT_77_R02_R04_229,R02,R04,A046,77,88,True,accepted,0.7679385267019929,1.0
PKT_77_R00_R04_230,R00,R04,A023,77,84,True,accepted,0.8475107095791424,1.0
PKT_77_R04_R01_231,R04,R01,A018,77,84,True,accepted,0.7351454713764305,0.8681890113680676
PKT_78_R04_R03_232,R04,R03,A024,78,88,True,accepted,0.855955087543049,1.0
PKT_78_R02_R03_233,R02,R03,A016,78,88,False,rejected_low_trust_or_proof,0.6949296574180521,0.9177547883220752
PKT_78_R03_R04_234,R03,R04,A017,78,89,True,accepted,1.4376135606674145,1.0
PKT_79_R04_R00_235,R04,R00,A036,79,86,True,accepted,2.0,0.8374664047026971
PKT_79_R01_R00_236,R01,R00,A000,79,82,True,accepted,1.693321409814177,1.0
PKT_79_R03_R04_237,R03,R04,A037,79,87,True,accepted,0.7925656604420385,0.9368639414236201
PKT_80_R00_R03_238,R00,R03,A013,80,85,True,accepted,1.032729922525289,1.0
PKT_80_R01_R02_239,R01,R02,A000,80,89,True,accepted,1.641627420513733,0.9715873395304749
PKT_80_R00_R03_240,R00,R03,A015,80,87,True,accepted,1.5680067165579077,1.0
PKT_81_R00_R01_241,R00,R01,A012,81,85,True,accepted,1.1129000328733563,1.0
PKT_81_R02_R04_242,R02,R04,A009,81,93,True,accepted,2.000000000000001,0.9937542244319718
PKT_81_R02_R04_243,R02,R04,A057,81,94,True,accepted,0.7162861911771343,0.8064264113800448
PKT_82_R00_R03_244,R00,R03,A020,82,88,True,accepted,0.9952203163247171,1.0
PKT_82_R00_R01_245,R00,R01,A012,82,86,True,accepted,1.0309120014770612,1.0
PKT_82_R03_R00_246,R03,R00,A037,82,87,False,rejected_low_trust_or_proof,0.7398634969772084,0.868651179566372
PKT_83_R02_R01_247,R02,R01,A019,83,89,False,rejected_low_trust_or_proof,2.0,0.8820667636212542
PKT_83_R04_R01_248,R04,R01,A024,83,92,True,accepted,0.8030003946113555,0.8869452847162986
PKT_83_R03_R01_249,R03,R01,A014,83,89,False,rejected_low_trust_or_proof,2.0,0.914016696423109
PKT_84_R00_R01_250,R00,R01,A023,84,89,True,accepted,0.8262566855131378,1.0
PKT_84_R01_R03_251,R01,R03,A043,84,90,False,rejected_low_trust_or_proof,2.0000000000000004,0.8877358172643869
PKT_84_R02_R00_252,R02,R00,A002,84,93,True,accepted,0.6965532996267121,1.0
PKT_85_R04_R03_253,R04,R03,A010,85,95,True,accepted,1.9999999999999998,0.9697579678483127
PKT_85_R03_R04_254,R03,R04,A004,85,93,True,accepted,1.4211903778136883,0.9885298891489008
PKT_85_R01_R04_255,R01,R04,A053,85,92,True,accepted,0.691369255361627,0.8339336615924591
PKT_86_R02_R00_256,R02,R00,A057,86,92,True,accepted,0.6643774914857064,0.6278459443841857
PKT_86_R01_R02_257,R01,R02,A043,86,92,True,accepted,1.9999999999999996,0.9252548707918947
PKT_86_R02_R00_258,R02,R00,A019,86,94,True,accepted,1.9999999999999996,0.9155641028882742
PKT_87_R02_R04_259,R02,R04,A009,87,99,True,accepted,1.9999999999999998,0.9924674476393712
PKT_87_R00_R02_260,R00,R02,A023,87,93,True,accepted,0.8472772332838492,1.0
PKT_87_R01_R03_261,R01,R03,A044,87,92,False,rejected_low_trust_or_proof,1.2998101867252632,0.9219246240648585
PKT_88_R04_R02_262,R04,R02,A022,88,100,False,rejected_low_trust_or_proof,0.6457077501796741,1.0
PKT_88_R04_R03_263,R04,R03,A025,88,96,True,accepted,0.9040534412794131,1.0
PKT_88_R04_R02_264,R04,R02,A024,88,98,False,rejected_low_trust_or_proof,0.7602793876459814,0.8217868015786972
PKT_89_R04_R02_265,R04,R02,A032,89,99,False,rejected_low_trust_or_proof,0.7548435907942909,0.9496317593030877
PKT_89_R00_R04_266,R00,R04,A023,89,98,True,accepted,0.7901375827889341,0.8556166656327936
PKT_89_R02_R04_267,R02,R04,A033,89,99,True,accepted,2.0000000000000004,0.8877691285570428
PKT_90_R04_R01_268,R04,R01,A032,90,98,True,accepted,0.698568690888366,0.8186589173889725
PKT_90_R01_R02_269,R01,R02,A043,90,96,True,accepted,2.0000000000000004,0.88851645241634
PKT_90_R00_R04_270,R00,R04,A012,90,100,True,accepted,1.2040827480750134,1.0
PKT_91_R01_R00_271,R01,R00,A000,91,95,True,accepted,0.9770532617939609,1.0
PKT_91_R01_R00_272,R01,R00,A044,91,94,False,rejected_low_trust_or_proof,1.2925608575001033,0.8764461682073355
PKT_91_R00_R01_273,R00,R01,A012,91,97,True,accepted,1.113856100410266,1.0
PKT_92_R03_R01_274,R03,R01,A014,92,97,False,rejected_low_trust_or_proof,2.0000000000000004,0.9591341295207184
PKT_92_R03_R01_275,R03,R01,A037,92,97,False,rejected_low_trust_or_proof,0.8374422762742961,0.9381777925191989
PKT_92_R01_R04_276,R01,R04,A000,92,99,True,accepted,0.9639833619777144,1.0
PKT_93_R02_R00_277,R02,R00,A009,93,102,True,accepted,1.9999999999999996,0.9207108066639964
PKT_93_R04_R03_278,R04,R03,A018,93,101,True,accepted,0.9673090855552918,1.0
PKT_93_R04_R01_279,R04,R01,A028,93,100,True,accepted,2.0,0.8402767107549053
PKT_94_R04_R00_280,R04,R00,A036,94,103,True,accepted,1.9999999999999996,0.9753464283640444
PKT_94_R01_R00_281,R01,R00,A053,94,98,False,rejected_low_trust_or_proof,0.7406803753769424,0.7785782154566121
PKT_94_R02_R00_282,R02,R00,A009,94,101,True,accepted,2.0000000000000004,0.9706668382732183
PKT_95_R02_R04_283,R02,R04,A011,95,108,True,accepted,0.661256314549512,1.0
PKT_95_R02_R01_284,R02,R01,A019,95,102,False,rejected_low_trust_or_proof,2.000000000000001,1.0
PKT_95_R01_R04_285,R01,R04,A044,95,104,True,accepted,1.491853598286877,0.9296527515682061
PKT_96_R04_R03_286,R04,R03,A024,96,106,True,accepted,0.8643787948883392,1.0
PKT_96_R02_R04_287,R02,R04,A033,96,107,True,accepted,2.0,0.9711213257389796
PKT_96_R02_R01_288,R02,R01,A019,96,105,False,rejected_low_trust_or_proof,1.9657380368428052,1.0
PKT_97_R00_R02_289,R00,R02,A020,97,103,True,accepted,1.0625269896223304,1.0
PKT_97_R04_R00_290,R04,R00,A032,97,107,True,accepted,0.6708463380257429,0.9201429199473113
PKT_97_R02_R03_291,R02,R03,A009,97,106,False,rejected_low_trust_or_proof,2.0,0.93387963236715
PKT_98_R04_R02_292,R04,R02,A010,98,109,False,rejected_low_trust_or_proof,1.184191116304167,0.9447311619863792
PKT_98_R04_R02_293,R04,R02,A024,98,110,False,rejected_low_trust_or_proof,0.8004742531970112,0.9104074748413649
PKT_98_R04_R00_294,R04,R00,A036,98,105,True,accepted,1.9999999999999993,1.0
PKT_99_R03_R04_295,R03,R04,A037,99,110,True,accepted,0.8598377074255026,0.9442345450234156
PKT_99_R04_R00_296,R04,R00,A025,99,108,True,accepted,0.9786536364259206,1.0
PKT_99_R04_R02_297,R04,R02,A024,99,110,False,rejected_low_trust_or_proof,0.7998812555046304,0.8223699129028219
PKT_100_R04_R03_298,R04,R03,A038,100,109,True,accepted,0.6606492105018087,0.9004169257881094
PKT_100_R01_R04_299,R01,R04,A000,100,109,True,accepted,1.508148926283037,1.0
PKT_100_R03_R02_300,R03,R02,A035,100,109,True,accepted,0.6477460725002567,1.0
PKT_101_R03_R02_301,R03,R02,A037,101,111,True,accepted,0.7972895700864527,0.8384441445882401
PKT_101_R00_R01_302,R00,R01,A020,101,105,True,accepted,0.9920405269805553,0.9573481296877651
PKT_101_R04_R00_303,R04,R00,A010,101,110,True,accepted,1.7507753737811054,0.9378067307530208
PKT_102_R01_R00_304,R01,R00,A044,102,105,False,rejected_low_trust_or_proof,1.4678434963955047,0.8366099926587273
PKT_102_R02_R03_305,R02,R03,A033,102,110,False,rejected_low_trust_or_proof,2.0,0.9174321007625198
PKT_102_R00_R03_306,R00,R03,A012,102,106,True,accepted,1.2881594011427273,1.0
PKT_103_R02_R01_307,R02,R01,A005,103,111,False,rejected_low_trust_or_proof,0.685196888412058,1.0
PKT_103_R04_R02_308,R04,R02,A010,103,114,False,rejected_low_trust_or_proof,2.0000000000000004,0.9308795813960138
PKT_103_R00_R04_309,R00,R04,A006,103,110,True,accepted,0.9422468538138982,1.0
PKT_104_R04_R03_310,R04,R03,A010,104,112,True,accepted,2.0,0.9721587036200506
PKT_104_R00_R02_311,R00,R02,A013,104,111,True,accepted,0.7283524856281983,1.0
PKT_104_R02_R01_312,R02,R01,A033,104,111,False,rejected_low_trust_or_proof,1.9999999999999998,0.8409699885409763
PKT_105_R03_R04_313,R03,R04,A037,105,113,True,accepted,0.7450796894234764,0.866234363183538
PKT_105_R00_R03_314,R00,R03,A020,105,110,True,accepted,1.0093469593731592,1.0
PKT_105_R04_R01_315,R04,R01,A024,105,114,True,accepted,0.750995521506773,0.9490941230219252
PKT_106_R02_R00_316,R02,R00,A033,106,112,True,accepted,2.0000000000000004,0.956851963476953
PKT_106_R00_R03_317,R00,R03,A013,106,111,True,accepted,0.6835075395269554,1.0
PKT_106_R04_R00_318,R04,R00,A028,106,114,True,accepted,1.9999999999999996,0.8583843542465462
PKT_107_R04_R01_319,R04,R01,A010,107,116,True,accepted,2.0000000000000013,0.9465176992066012
PKT_107_R04_R00_320,R04,R00,A032,107,116,True,accepted,0.775586136238891,1.0
PKT_107_R03_R04_321,R03,R04,A037,107,116,True,accepted,0.6913135709877736,0.86416121997122
PKT_108_R01_R02_322,R01,R02,A053,108,116,True,accepted,0.7406803753769424,0.7785782154566121
PKT_108_R04_R00_323,R04,R00,A018,108,117,True,accepted,1.0617646332187738,1.0
PKT_108_R02_R00_324,R02,R00,A033,108,115,True,accepted,2.0000000000000004,0.9892079687827385
PKT_109_R04_R02_325,R04,R02,A032,109,120,False,rejected_low_trust_or_proof,0.7747453502731517,0.890890203638664
PKT_109_R02_R01_326,R02,R01,A019,109,116,False,rejected_low_trust_or_proof,1.329238909502778,1.0
PKT_109_R04_R02_327,R04,R02,A022,109,122,False,rejected_low_trust_or_proof,0.7354447798862135,1.0
PKT_110_R01_R04_328,R01,R04,A043,110,117,True,accepted,1.2234948320621242,0.9282540859725315
PKT_110_R03_R01_329,R03,R01,A035,110,116,True,accepted,0.6926025471865983,1.0
PKT_110_R00_R01_330,R00,R01,A020,110,116,True,accepted,1.025421607804469,1.0
PKT_111_R04_R03_331,R04,R03,A028,111,120,False,rejected_low_trust_or_proof,2.0,0.8076867138258297
PKT_111_R04_R01_332,R04,R01,A032,111,119,True,accepted,0.7203041201426129,0.9111111698367746
PKT_111_R01_R02_333,R01,R02,A043,111,120,True,accepted,1.1758700301711165,0.9306230580011219
PKT_112_R04_R02_334,R04,R02,A024,112,123,False,rejected_low_trust_or_proof,0.9065991598901694,1.0
PKT_112_R03_R01_335,R03,R01,A035,112,118,True,accepted,0.6427121055412294,1.0
PKT_112_R00_R04_336,R00,R04,A012,112,120,True,accepted,1.5352087168273418,1.0
PKT_113_R04_R03_337,R04,R03,A022,113,122,True,accepted,0.7125230616535829,0.9152865693601137
PKT_113_R02_R03_338,R02,R03,A019,113,123,False,rejected_low_trust_or_proof,1.4026158197699403,1.0
PKT_113_R04_R03_339,R04,R03,A028,113,121,True,accepted,2.0,0.8931133830138304
PKT_114_R04_R02_340,R04,R02,A010,114,125,False,rejected_low_trust_or_proof,1.9999999999999978,1.0
PKT_114_R00_R01_341,R00,R01,A013,114,119,True,accepted,0.8002617002022134,1.0
PKT_114_R02_R03_342,R02,R03,A011,114,123,False,rejected_low_trust_or_proof,0.7628196509676145,1.0
PKT_115_R03_R02_343,R03,R02,A007,115,123,True,accepted,0.66461079079199,1.0
PKT_115_R00_R01_344,R00,R01,A041,115,119,True,accepted,0.6778394813021136,1.0
PKT_115_R04_R01_345,R04,R01,A028,115,123,True,accepted,2.0,0.8709548075019328
PKT_116_R01_R04_346,R01,R04,A053,116,124,False,rejected_low_trust_or_proof,0.6814259453467869,0.6678673231849183
PKT_116_R02_R00_347,R02,R00,A019,116,123,True,accepted,1.4241079848286744,1.0
PKT_116_R02_R04_348,R02,R04,A011,116,127,True,accepted,0.7137061604533149,1.0
PKT_117_R00_R03_349,R00,R03,A023,117,121,True,accepted,0.6830543971220362,1.0
PKT_117_R03_R02_350,R03,R02,A037,117,127,True,accepted,0.915803528242996,1.0
PKT_117_R00_R02_351,R00,R02,A020,117,126,True,accepted,1.1343203284965877,1.0
PKT_118_R02_R03_352,R02,R03,A033,118,126,False,rejected_low_trust_or_proof,2.0,0.8335320953549664
PKT_118_R02_R01_353,R02,R01,A005,118,125,False,rejected_low_trust_or_proof,0.7854678954540282,1.0
PKT_118_R01_R04_354,R01,R04,A043,118,128,True,accepted,1.534369741919928,1.0
PKT_119_R03_R04_355,R03,R04,A014,119,127,True,accepted,2.000000000000001,0.9797639328772308
PKT_119_R03_R02_356,R03,R02,A007,119,126,True,accepted,0.6620816150638176,1.0
PKT_119_R00_R01_357,R00,R01,A023,119,123,True,accepted,0.6420748744853194,1.0
PKT_120_R00_R01_358,R00,R01,A041,120,124,True,accepted,0.7012727661289507,1.0
PKT_120_R03_R01_359,R03,R01,A014,120,126,True,accepted,1.9999999999999998,1.0
PKT_120_R02_R01_360,R02,R01,A011,120,129,False,rejected_low_trust_or_proof,0.6811128329292468,1.0
PKT_121_R04_R03_361,R04,R03,A018,121,129,True,accepted,0.6857992822132793,1.0
PKT_121_R02_R01_362,R02,R01,A033,121,127,False,rejected_low_trust_or_proof,1.9999999999999996,0.8333380881852299
PKT_121_R02_R00_363,R02,R00,A009,121,130,True,accepted,2.0,0.9274580082064035
PKT_122_R04_R03_364,R04,R03,A022,122,133,True,accepted,0.6925836203148971,0.8669968365937945
PKT_122_R00_R01_365,R00,R01,A012,122,126,True,accepted,1.5916481885813825,1.0
PKT_122_R04_R03_366,R04,R03,A028,122,131,False,rejected_low_trust_or_proof,2.0000000000000013,0.8278382202772138
PKT_123_R04_R00_367,R04,R00,A038,123,130,True,accepted,0.6853723177840789,0.9137109182117116
PKT_123_R04_R00_368,R04,R00,A028,123,133,True,accepted,1.9999999999999991,0.825824241624864
PKT_123_R01_R03_369,R01,R03,A043,123,129,False,rejected_low_trust_or_proof,1.7787742888072027,0.9329576108165453
PKT_124_R01_R04_370,R01,R04,A000,124,133,True,accepted,0.8908494223136508,0.9996374877481554
PKT_124_R02_R01_371,R02,R01,A011,124,131,False,rejected_low_trust_or_proof,0.7114712842003748,1.0
PKT_124_R04_R00_372,R04,R00,A010,124,132,True,accepted,1.9999999999999996,0.9267483163604217
PKT_125_R03_R04_373,R03,R04,A014,125,134,True,accepted,1.999999999999999,0.9676425332493859
PKT_125_R03_R01_374,R03,R01,A037,125,129,False,rejected_low_trust_or_proof,0.8689639670297059,0.870833551288204
PKT_125_R04_R00_375,R04,R00,A010,125,132,True,accepted,2.0,0.8686686767687195
PKT_126_R03_R02_376,R03,R02,A037,126,136,True,accepted,0.802414191515036,0.8340949154535835
PKT_126_R03_R04_377,R03,R04,A035,126,137,True,accepted,0.7361602481600658,1.0
PKT_126_R04_R03_378,R04,R03,A032,126,135,True,accepted,0.9026538159841218,1.0
PKT_127_R04_R02_379,R04,R02,A028,127,137,False,rejected_low_trust_or_proof,2.0,1.0
PKT_127_R02_R04_380,R02,R04,A011,127,140,True,accepted,0.6710303931809297,1.0
PKT_127_R02_R00_381,R02,R00,A005,127,135,True,accepted,0.6612300591171637,1.0
PKT_128_R02_R04_382,R02,R04,A019,128,141,True,accepted,1.9999999999999998,1.0
PKT_128_R04_R02_383,R04,R02,A028,128,140,False,rejected_low_trust_or_proof,2.0000000000000013,0.8234662440530781
PKT_128_R04_R03_384,R04,R03,A025,128,138,True,accepted,0.6930546084880521,1.0
PKT_129_R04_R00_385,R04,R00,A025,129,136,True,accepted,0.6445832129656585,1.0
PKT_129_R04_R00_386,R04,R00,A010,129,139,True,accepted,1.999999999999999,1.0
PKT_129_R00_R02_387,R00,R02,A006,129,138,True,accepted,1.1372284284919096,1.0
PKT_130_R04_R02_388,R04,R02,A032,130,142,False,rejected_low_trust_or_proof,0.8451988631034398,0.9214427647119842
PKT_130_R00_R01_389,R00,R01,A012,130,133,True,accepted,1.1907351469852623,0.9369800374666708
PKT_130_R03_R04_390,R03,R04,A007,130,139,True,accepted,0.8481602934808118,1.0
PKT_131_R03_R02_391,R03,R02,A035,131,139,True,accepted,0.6951874144354544,1.0
PKT_131_R04_R03_392,R04,R03,A022,131,140,False,rejected_low_trust_or_proof,0.6437719060042278,0.8584345172842027
PKT_131_R02_R04_393,R02,R04,A009,131,142,True,accepted,2.000000000000001,0.9922487650302114
PKT_132_R03_R01_394,R03,R01,A037,132,137,True,accepted,0.8984090528032965,1.0
PKT_132_R04_R00_395,R04,R00,A038,132,142,True,accepted,0.6948135252425308,0.9119192929462021
PKT_132_R01_R03_396,R01,R03,A043,132,137,False,rejected_low_trust_or_proof,2.000000000000001,0.872386592680082
PKT_133_R01_R00_397,R01,R00,A000,133,137,True,accepted,1.128500855705365,1.0
PKT_133_R03_R04_398,R03,R04,A037,133,144,True,accepted,0.8292286532930515,0.8747653971478999
PKT_133_R00_R03_399,R00,R03,A012,133,139,True,accepted,1.1143164518236977,0.9852037653603706
PKT_134_R01_R00_400,R01,R00,A053,134,140,False,rejected_low_trust_or_proof,0.7526864754426787,0.7509004923886886
PKT_134_R04_R00_401,R04,R00,A038,134,141,True,accepted,0.6413170593319217,0.8414931617130259
PKT_134_R04_R02_402,R04,R02,A032,134,144,False,rejected_low_trust_or_proof,0.7922014140774685,0.8560838876130149
PKT_135_R02_R04_403,R02,R04,A033,135,148,True,accepted,2.0000000000000004,0.965788819646329
PKT_135_R04_R03_404,R04,R03,A036,135,144,True,accepted,1.9999999999999998,0.9653996447017196
PKT_135_R03_R04_405,R03,R04,A014,135,143,True,accepted,2.0,0.9907626601119786
PKT_136_R04_R00_406,R04,R00,A036,136,143,True,accepted,2.0000000000000018,0.8311278990778364
PKT_136_R03_R00_407,R03,R00,A037,136,141,False,rejected_low_trust_or_proof,0.7710688096578133,0.8458895880911854
PKT_136_R01_R04_408,R01,R04,A053,136,143,False,rejected_low_trust_or_proof,0.6924715574072644,0.6678673231849183
PKT_137_R03_R02_409,R03,R02,A037,137,145,True,accepted,0.7759736001622726,0.8421983701112337
PKT_137_R04_R03_410,R04,R03,A036,137,146,False,rejected_low_trust_or_proof,1.9999999999999993,0.8044412587107842
PKT_137_R02_R03_411,R02,R03,A019,137,146,False,rejected_low_trust_or_proof,1.9999999999999991,1.0
PKT_138_R03_R04_412,R03,R04,A037,138,146,True,accepted,0.7881662544888784,1.0
PKT_138_R03_R00_413,R03,R00,A035,138,142,True,accepted,0.7165811143802835,1.0
PKT_138_R04_R02_414,R04,R02,A032,138,151,False,rejected_low_trust_or_proof,0.8153574699748796,1.0
PKT_139_R04_R00_415,R04,R00,A010,139,147,True,accepted,2.0,0.9716280630382257
PKT_139_R03_R02_416,R03,R02,A035,139,148,True,accepted,0.6617964655521316,0.8861316915145475
PKT_139_R03_R04_417,R03,R04,A007,139,147,True,accepted,0.8703216296042838,1.0
PKT_140_R03_R01_418,R03,R01,A037,140,147,False,rejected_low_trust_or_proof,0.7299105338184951,0.9009141137998337
PKT_140_R00_R03_419,R00,R03,A041,140,146,True,accepted,0.7801429662898677,1.0
PKT_140_R04_R01_420,R04,R01,A010,140,148,True,accepted,1.999999999999999,1.0
PKT_141_R04_R00_421,R04,R00,A025,141,151,True,accepted,0.7828426443737415,1.0
PKT_141_R00_R02_422,R00,R02,A041,141,147,True,accepted,0.7210419834892181,1.0
PKT_141_R01_R00_423,R01,R00,A043,141,147,True,accepted,0.8358835085346784,1.0
PKT_142_R00_R02_424,R00,R02,A012,142,149,True,accepted,1.2641038763075854,0.9834150201497704
PKT_142_R03_R00_425,R03,R00,A035,142,149,True,accepted,0.6720631040381717,1.0
PKT_142_R04_R02_426,R04,R02,A025,142,154,False,rejected_low_trust_or_proof,0.7270364344725916,1.0
PKT_143_R03_R01_427,R03,R01,A007,143,147,True,accepted,0.9059464652206861,1.0
PKT_143_R04_R03_428,R04,R03,A038,143,152,True,accepted,0.7062935716917093,0.9147323958683703
PKT_143_R01_R02_429,R01,R02,A000,143,152,True,accepted,0.7416435452118013,1.0
PKT_144_R03_R01_430,R03,R01,A007,144,148,True,accepted,0.8422018176753904,1.0
PKT_144_R01_R02_431,R01,R02,A043,144,153,True,accepted,0.9015983354091566,1.0
PKT_144_R01_R04_432,R01,R04,A053,144,151,True,accepted,0.752686475442679,0.7342938585479345
PKT_145_R03_R02_433,R03,R02,A037,145,152,True,accepted,0.8113949183983834,0.9002366479300223
PKT_145_R04_R02_434,R04,R02,A010,145,156,False,rejected_low_trust_or_proof,2.0,0.9789476107962727
PKT_145_R01_R02_435,R01,R02,A053,145,154,True,accepted,0.6924715574072642,0.6678673231849183
PKT_146_R04_R03_436,R04,R03,A038,146,155,False,rejected_low_trust_or_proof,0.6529119968957854,0.8271319385393331
PKT_146_R02_R00_437,R02,R00,A009,146,153,True,accepted,2.0,0.9252326269616856
PKT_146_R02_R00_438,R02,R00,A033,146,152,True,accepted,2.0000000000000004,0.8372316575416686
PKT_147_R00_R04_439,R00,R04,A041,147,155,True,accepted,0.742910402849598,1.0
PKT_147_R01_R03_440,R01,R03,A043,147,154,True,accepted,0.9587502111852464,1.0
PKT_147_R02_R00_441,R02,R00,A033,147,154,True,accepted,1.9999999999999991,1.0
PKT_148_R00_R03_442,R00,R03,A012,148,153,True,accepted,1.2037441685773638,0.9611112439230166
PKT_148_R03_R00_443,R03,R00,A014,148,152,True,accepted,2.0,0.9519429241298624
PKT_148_R01_R03_444,R01,R03,A043,148,155,True,accepted,0.9916051147832783,1.0
PKT_149_R03_R00_445,R03,R00,A007,149,154,True,accepted,1.0281659124599167,1.0
PKT_149_R00_R04_446,R00,R04,A012,149,157,True,accepted,1.1130015013622936,0.9556801332179539
PKT_149_R01_R03_447,R01,R03,A043,149,154,False,rejected_low_trust_or_proof,0.9676060302520184,0.8557865257209274
PKT_150_R02_R00_448,R02,R00,A019,150,157,True,accepted,0.9148592367442603,1.0
PKT_150_R02_R01_449,R02,R01,A033,150,156,False,rejected_low_trust_or_proof,2.0,0.8512766855672512
PKT_150_R03_R01_450,R03,R01,A014,150,155,False,rejected_low_trust_or_proof,1.9999999999999991,0.9696142688563948
PKT_151_R03_R00_451,R03,R00,A035,151,155,True,accepted,0.8049010514470067,1.0
PKT_151_R02_R01_452,R02,R01,A009,151,160,False,rejected_low_trust_or_proof,1.999999999999998,1.0
PKT_151_R04_R03_453,R04,R03,A028,151,159,False,rejected_low_trust_or_proof,2.0000000000000004,0.834234702990168
PKT_152_R02_R04_454,R02,R04,A033,152,162,True,accepted,2.0,0.8265432592587939
PKT_152_R04_R00_455,R04,R00,A018,152,161,True,accepted,0.6451013388212193,0.965796878744639
PKT_152_R03_R00_456,R03,R00,A037,152,159,True,accepted,0.9469633307230826,1.0
PKT_153_R02_R04_457,R02,R04,A009,153,163,True,accepted,1.999999999999999,1.0
PKT_153_R03_R01_458,R03,R01,A014,153,157,False,rejected_low_trust_or_proof,1.9999999999999978,0.9554923509363842
PKT_153_R02_R03_459,R02,R03,A033,153,160,False,rejected_low_trust_or_proof,2.000000000000001,0.8407524150940922
PKT_154_R02_R00_460,R02,R00,A019,154,161,True,accepted,1.0185036165391965,1.0
PKT_154_R03_R04_461,R03,R04,A014,154,164,True,accepted,1.9999999999999973,1.0
PKT_154_R02_R00_462,R02,R00,A033,154,161,True,accepted,1.9999999999999998,0.8452297083480745
PKT_155_R04_R01_463,R04,R01,A038,155,163,True,accepted,0.6664941890942071,0.9156624503725697
PKT_155_R03_R04_464,R03,R04,A035,155,166,True,accepted,0.7504618303880638,1.0
PKT_155_R00_R02_465,R00,R02,A041,155,163,True,accepted,0.7681883745050432,1.0
PKT_156_R04_R02_466,R04,R02,A036,156,169,False,rejected_low_trust_or_proof,1.9999999999999998,0.8429282755311868
PKT_156_R03_R01_467,R03,R01,A037,156,163,False,rejected_low_trust_or_proof,0.9466512621380703,0.9221101740795289
PKT_156_R04_R02_468,R04,R02,A025,156,166,False,rejected_low_trust_or_proof,0.8845013488661051,1.0
PKT_157_R03_R00_469,R03,R00,A035,157,163,True,accepted,0.7597455906558148,1.0
PKT_157_R03_R02_470,R03,R02,A014,157,164,True,accepted,2.0,1.0
PKT_157_R04_R01_471,R04,R01,A038,157,167,True,accepted,0.6674589135315742,0.8343749563917696
PKT_158_R04_R03_472,R04,R03,A028,158,168,False,rejected_low_trust_or_proof,1.9999999999999993,0.8364238193439524
PKT_158_R02_R03_473,R02,R03,A019,158,166,False,rejected_low_trust_or_proof,1.184780968369455,1.0
PKT_158_R03_R04_474,R03,R04,A035,158,166,True,accepted,0.7014074680678396,0.8963685481299261
PKT_159_R02_R03_475,R02,R03,A009,159,168,False,rejected_low_trust_or_proof,1.9999999999999998,1.0
PKT_159_R03_R02_476,R03,R02,A007,159,169,True,accepted,1.130603371271712,1.0
PKT_159_R02_R00_477,R02,R00,A033,159,166,True,accepted,2.0000000000000004,0.8233455486414152
PKT_160_R02_R00_478,R02,R00,A033,160,166,True,accepted,1.9999999999999996,0.8462489369057145
PKT_160_R02_R03_479,R02,R03,A009,160,168,False,rejected_low_trust_or_proof,2.000000000000001,1.0
PKT_160_R04_R03_480,R04,R03,A025,160,171,True,accepted,0.840421002759613,1.0
PKT_161_R03_R01_481,R03,R01,A014,161,165,True,accepted,1.9999999999999947,1.0
PKT_161_R03_R02_482,R03,R02,A007,161,170,True,accepted,1.0614004446551284,1.0
PKT_161_R02_R03_483,R02,R03,A019,161,169,False,rejected_low_trust_or_proof,1.2223187976162335,1.0
PKT_162_R04_R03_484,R04,R03,A010,162,170,True,accepted,1.6277531859697514,0.9861947785596966
PKT_162_R03_R02_485,R03,R02,A007,162,172,True,accepted,0.9870928310440037,1.0
PKT_162_R04_R01_486,R04,R01,A028,162,170,True,accepted,2.0,0.8361812867681725
PKT_163_R02_R04_487,R02,R04,A033,163,175,True,accepted,2.0,0.8272302277046404
PKT_163_R01_R04_488,R01,R04,A043,163,171,True,accepted,0.7447784984501139,1.0
PKT_163_R00_R01_489,R00,R01,A006,163,169,True,accepted,0.6634761698458599,1.0
PKT_164_R03_R02_490,R03,R02,A035,164,171,True,accepted,0.7207088372255783,1.0
PKT_164_R04_R00_491,R04,R00,A025,164,173,True,accepted,0.7998030932283902,1.0
PKT_164_R04_R02_492,R04,R02,A038,164,177,False,rejected_low_trust_or_proof,0.6745530197063987,0.9151903309408848
PKT_165_R04_R01_493,R04,R01,A028,165,173,True,accepted,2.0,0.8125537254491833
PKT_165_R03_R04_494,R03,R04,A035,165,175,True,accepted,0.6654911834726502,0.869103548203501
PKT_165_R04_R02_495,R04,R02,A025,165,176,False,rejected_low_trust_or_proof,0.7424452595947263,0.8853754345819257
PKT_166_R04_R02_496,R04,R02,A036,166,178,False,rejected_low_trust_or_proof,1.9999999999999996,0.8138765023816
PKT_166_R04_R02_497,R04,R02,A028,166,177,False,rejected_low_trust_or_proof,2.0,0.8426768764108354
PKT_166_R03_R00_498,R03,R00,A014,166,173,True,accepted,1.999999999999995,0.9960256298605206
PKT_167_R02_R01_499,R02,R01,A009,167,174,False,rejected_low_trust_or_proof,2.0000000000000004,1.0
PKT_167_R04_R00_500,R04,R00,A025,167,175,True,accepted,0.7669302045190365,1.0
PKT_167_R02_R00_501,R02,R00,A019,167,176,True,accepted,0.7244399672724635,0.9324693334755512
PKT_168_R04_R01_502,R04,R01,A010,168,175,True,accepted,1.6979825278539806,0.9836083903160999
PKT_168_R04_R02_503,R04,R02,A025,168,178,False,rejected_low_trust_or_proof,0.712076768330425,0.9131292410500821
PKT_168_R02_R04_504,R02,R04,A009,168,180,True,accepted,1.9999999999999998,1.0
PKT_169_R02_R03_505,R02,R03,A019,169,178,False,rejected_low_trust_or_proof,0.7574924180365624,0.998873834146399
PKT_169_R04_R01_506,R04,R01,A025,169,179,True,accepted,0.6616116070369042,0.8427416154938433
PKT_169_R03_R00_507,R03,R00,A035,169,173,True,accepted,0.7381040973340013,1.0
PKT_170_R04_R03_508,R04,R03,A036,170,180,True,accepted,2.0000000000000027,1.0
PKT_170_R03_R00_509,R03,R00,A014,170,176,True,accepted,2.000000000000001,1.0
PKT_170_R02_R00_510,R02,R00,A009,170,179,True,accepted,1.999999999999999,1.0
PKT_171_R02_R04_511,R02,R04,A009,171,183,,pending,2.000000000000001,0.8453634708429948
PKT_171_R03_R01_512,R03,R01,A014,171,176,True,accepted,1.9999999999999993,0.9871510227568291
PKT_171_R04_R03_513,R04,R03,A028,171,181,,pending,1.9999999999999993,0.8311023466473093
PKT_172_R03_R01_514,R03,R01,A035,172,179,True,accepted,0.7439716878323134,1.0
PKT_172_R04_R02_515,R04,R02,A025,172,184,,pending,0.6952683908738535,1.0
PKT_172_R02_R00_516,R02,R00,A019,172,179,True,accepted,0.9290360820093202,1.0
PKT_173_R04_R00_517,R04,R00,A038,173,180,True,accepted,0.6829257697786068,0.8598418221711229
PKT_173_R04_R01_518,R04,R01,A028,173,181,,pending,2.0,0.8869131838849281
PKT_173_R02_R01_519,R02,R01,A033,173,180,False,rejected_low_trust_or_proof,1.9999999999999993,1.0
PKT_174_R04_R03_520,R04,R03,A028,174,184,,pending,2.0000000000000004,0.8224215494270414
PKT_174_R00_R01_521,R00,R01,A006,174,179,True,accepted,0.7477897503846496,1.0
PKT_174_R00_R01_522,R00,R01,A041,174,179,True,accepted,0.902025609816056,1.0
PKT_175_R02_R03_523,R02,R03,A019,175,184,,pending,0.9878905940203372,1.0
PKT_175_R00_R02_524,R00,R02,A006,175,184,,pending,0.6955763939867812,1.0
PKT_175_R03_R00_525,R03,R00,A035,175,180,True,accepted,0.750734317988635,1.0
PKT_176_R04_R03_526,R04,R03,A025,176,186,,pending,0.7905699801427721,1.0
PKT_176_R02_R03_527,R02,R03,A009,176,184,,pending,2.000000000000001,0.925673670787239
PKT_176_R01_R00_528,R01,R00,A043,176,180,True,accepted,1.4047767641811872,1.0
PKT_177_R04_R00_529,R04,R00,A028,177,187,,pending,2.0,0.8069294593207227
PKT_177_R04_R02_530,R04,R02,A010,177,189,,pending,0.7984101668228122,1.0
PKT_177_R03_R00_531,R03,R00,A014,177,184,,pending,2.0000000000000004,0.9665555814991146
PKT_178_R04_R03_532,R04,R03,A028,178,187,,pending,1.9999999999999996,0.8302497130626362
PKT_178_R04_R02_533,R04,R02,A036,178,188,,pending,2.0,0.8530708733133767
PKT_178_R00_R02_534,R00,R02,A006,178,184,,pending,0.6626445220104834,1.0
PKT_179_R01_R02_535,R01,R02,A000,179,187,,pending,0.6643939243433811,1.0
PKT_179_R02_R04_536,R02,R04,A033,179,189,,pending,2.0000000000000004,0.8669837774944363
PKT_179_R04_R00_537,R04,R00,A025,179,188,,pending,0.8626952337140806,1.0
PKT_180_R04_R00_538,R04,R00,A028,180,190,,pending,2.0000000000000004,0.8347604744393866
PKT_180_R00_R04_539,R00,R04,A006,180,187,,pending,0.684558987322088,1.0
PKT_180_R03_R04_540,R03,R04,A014,180,188,,pending,2.000000000000001,0.9850131610071567
